<?xml version="1.0" encoding="ISO-8859-1"?>
<Beagle version="3.1.0">
  <Logger>
    <Log>Open BEAGLE, version 3.1.0</Log>
    <Log>Setting console log level 2</Log>
    <Log>Setting file log level 3</Log>
    <Log>Logging to file 'beagle.log'</Log>
    <Log>Reading file '/Users/yugendren/experiments/sorting_network_s13/.build/senso-mericanii-v2/attempt-20260815T032914Z/source/symmetry-1.1/experiments/sorting/sorting/beagle.conf' for evolver configuration</Log>
    <Log>Reading file '/Users/yugendren/experiments/sorting_network_s13/.build/senso-mericanii-v2/attempt-20260815T032914Z/source/symmetry-1.1/experiments/sorting/sorting/beagle.conf' for system configuration</Log>
    <Log>WARNING: unknown parameter 'ec.elite.keepsize'; not registered!</Log>
    <Log>WARNING: unknown parameter 'ec.sel.tournsize'; not registered!</Log>
    <Log>Reading file '/Users/yugendren/experiments/sorting_network_s13/.build/senso-mericanii-v2/attempt-20260815T032914Z/source/symmetry-1.1/experiments/sorting/sorting/beagle.conf' for system configuration</Log>
    <Log>WARNING: unknown parameter 'ec.elite.keepsize'; not registered!</Log>
    <Log>WARNING: unknown parameter 'ec.sel.tournsize'; not registered!</Log>
    <Log>Randomizer seed used: 1933742509</Log>
    <Log>Starting an evolution</Log>
    <Log>Current date and time: 04:36:49 15 Aug 2026</Log>
    <Log>Evolving generation 0</Log>
    <Log>Applying bootstrap operators to the 1st deme</Log>
    <Log>
      <Stats type="Stats" id="deme0" generation="0" popsize="200">
        <Item key="processed">200</Item>
        <Item key="total-processed">200</Item>
        <Measure id="fitness">
          <Avg>-49.405</Avg>
          <Std>0.86295914878</Std>
          <Max>-48</Max>
          <Min>-51</Min>
        </Measure>
      </Stats>
    </Log>
    <Log>
      <Stats type="Stats" id="vivarium" generation="0" popsize="200">
        <Item key="processed">200</Item>
        <Item key="total-processed">200</Item>
        <Measure id="fitness">
          <Avg>-49.405</Avg>
          <Std>0.86295914878</Std>
          <Max>-48</Max>
          <Min>-51</Min>
        </Measure>
      </Stats>
    </Log>
    <Log>Evolving generation 1</Log>
    <Log>Applying main-loop operators to the 1st deme</Log>
    <Log>
      <Stats type="Stats" id="deme0" generation="1" popsize="200">
        <Item key="processed">100</Item>
        <Item key="total-processed">300</Item>
        <Measure id="fitness">
          <Avg>-49.17</Avg>
          <Std>0.998038276826</Std>
          <Max>-48</Max>
          <Min>-52</Min>
        </Measure>
      </Stats>
    </Log>
    <Log>
      <Stats type="Stats" id="vivarium" generation="1" popsize="200">
        <Item key="processed">100</Item>
        <Item key="total-processed">300</Item>
        <Measure id="fitness">
          <Avg>-49.17</Avg>
          <Std>0.998038276826</Std>
          <Max>-48</Max>
          <Min>-52</Min>
        </Measure>
      </Stats>
    </Log>
    <Log>Evolving generation 2</Log>
    <Log>Applying main-loop operators to the 1st deme</Log>
    <Log>
      <Stats type="Stats" id="deme0" generation="2" popsize="200">
        <Item key="processed">100</Item>
        <Item key="total-processed">400</Item>
        <Measure id="fitness">
          <Avg>-49.01</Avg>
          <Std>1.00245928751</Std>
          <Max>-48</Max>
          <Min>-55</Min>
        </Measure>
      </Stats>
    </Log>
    <Log>
      <Stats type="Stats" id="vivarium" generation="2" popsize="200">
        <Item key="processed">100</Item>
        <Item key="total-processed">400</Item>
        <Measure id="fitness">
          <Avg>-49.01</Avg>
          <Std>1.00245928751</Std>
          <Max>-48</Max>
          <Min>-55</Min>
        </Measure>
      </Stats>
    </Log>
    <Log>Evolving generation 3</Log>
    <Log>Applying main-loop operators to the 1st deme</Log>
    <Log>
      <Stats type="Stats" id="deme0" generation="3" popsize="200">
        <Item key="processed">100</Item>
        <Item key="total-processed">500</Item>
        <Measure id="fitness">
          <Avg>-48.87</Avg>
          <Std>0.887150030085</Std>
          <Max>-48</Max>
          <Min>-51</Min>
        </Measure>
      </Stats>
    </Log>
    <Log>
      <Stats type="Stats" id="vivarium" generation="3" popsize="200">
        <Item key="processed">100</Item>
        <Item key="total-processed">500</Item>
        <Measure id="fitness">
          <Avg>-48.87</Avg>
          <Std>0.887150030085</Std>
          <Max>-48</Max>
          <Min>-51</Min>
        </Measure>
      </Stats>
    </Log>
    <Log>Evolving generation 4</Log>
    <Log>Applying main-loop operators to the 1st deme</Log>
    <Log>
      <Stats type="Stats" id="deme0" generation="4" popsize="200">
        <Item key="processed">100</Item>
        <Item key="total-processed">600</Item>
        <Measure id="fitness">
          <Avg>-48.735</Avg>
          <Std>0.999886928281</Std>
          <Max>-48</Max>
          <Min>-54</Min>
        </Measure>
      </Stats>
    </Log>
    <Log>
      <Stats type="Stats" id="vivarium" generation="4" popsize="200">
        <Item key="processed">100</Item>
        <Item key="total-processed">600</Item>
        <Measure id="fitness">
          <Avg>-48.735</Avg>
          <Std>0.999886928281</Std>
          <Max>-48</Max>
          <Min>-54</Min>
        </Measure>
      </Stats>
    </Log>
    <Log>Evolving generation 5</Log>
    <Log>Applying main-loop operators to the 1st deme</Log>
    <Log>
      <Stats type="Stats" id="deme0" generation="5" popsize="200">
        <Item key="processed">100</Item>
        <Item key="total-processed">700</Item>
        <Measure id="fitness">
          <Avg>-48.51</Avg>
          <Std>0.850598370525</Std>
          <Max>-47</Max>
          <Min>-51</Min>
        </Measure>
      </Stats>
    </Log>
    <Log>
      <Stats type="Stats" id="vivarium" generation="5" popsize="200">
        <Item key="processed">100</Item>
        <Item key="total-processed">700</Item>
        <Measure id="fitness">
          <Avg>-48.51</Avg>
          <Std>0.850598370525</Std>
          <Max>-47</Max>
          <Min>-51</Min>
        </Measure>
      </Stats>
    </Log>
    <Log>Evolving generation 6</Log>
    <Log>Applying main-loop operators to the 1st deme</Log>
    <Log>
      <Stats type="Stats" id="deme0" generation="6" popsize="200">
        <Item key="processed">100</Item>
        <Item key="total-processed">800</Item>
        <Measure id="fitness">
          <Avg>-48.48</Avg>
          <Std>0.862158096241</Std>
          <Max>-47</Max>
          <Min>-53</Min>
        </Measure>
      </Stats>
    </Log>
    <Log>
      <Stats type="Stats" id="vivarium" generation="6" popsize="200">
        <Item key="processed">100</Item>
        <Item key="total-processed">800</Item>
        <Measure id="fitness">
          <Avg>-48.48</Avg>
          <Std>0.862158096241</Std>
          <Max>-47</Max>
          <Min>-53</Min>
        </Measure>
      </Stats>
    </Log>
    <Log>Evolving generation 7</Log>
    <Log>Applying main-loop operators to the 1st deme</Log>
    <Log>
      <Stats type="Stats" id="deme0" generation="7" popsize="200">
        <Item key="processed">100</Item>
        <Item key="total-processed">900</Item>
        <Measure id="fitness">
          <Avg>-48.565</Avg>
          <Std>0.969782133747</Std>
          <Max>-47</Max>
          <Min>-52</Min>
        </Measure>
      </Stats>
    </Log>
    <Log>
      <Stats type="Stats" id="vivarium" generation="7" popsize="200">
        <Item key="processed">100</Item>
        <Item key="total-processed">900</Item>
        <Measure id="fitness">
          <Avg>-48.565</Avg>
          <Std>0.969782133747</Std>
          <Max>-47</Max>
          <Min>-52</Min>
        </Measure>
      </Stats>
    </Log>
    <Log>Evolving generation 8</Log>
    <Log>Applying main-loop operators to the 1st deme</Log>
    <Log>
      <Stats type="Stats" id="deme0" generation="8" popsize="200">
        <Item key="processed">100</Item>
        <Item key="total-processed">1000</Item>
        <Measure id="fitness">
          <Avg>-48.47</Avg>
          <Std>0.896167159569</Std>
          <Max>-47</Max>
          <Min>-52</Min>
        </Measure>
      </Stats>
    </Log>
    <Log>
      <Stats type="Stats" id="vivarium" generation="8" popsize="200">
        <Item key="processed">100</Item>
        <Item key="total-processed">1000</Item>
        <Measure id="fitness">
          <Avg>-48.47</Avg>
          <Std>0.896167159569</Std>
          <Max>-47</Max>
          <Min>-52</Min>
        </Measure>
      </Stats>
    </Log>
    <Log>Evolving generation 9</Log>
    <Log>Applying main-loop operators to the 1st deme</Log>
    <Log>
      <Stats type="Stats" id="deme0" generation="9" popsize="200">
        <Item key="processed">100</Item>
        <Item key="total-processed">1100</Item>
        <Measure id="fitness">
          <Avg>-48.545</Avg>
          <Std>0.955268385556</Std>
          <Max>-47</Max>
          <Min>-52</Min>
        </Measure>
      </Stats>
    </Log>
    <Log>
      <Stats type="Stats" id="vivarium" generation="9" popsize="200">
        <Item key="processed">100</Item>
        <Item key="total-processed">1100</Item>
        <Measure id="fitness">
          <Avg>-48.545</Avg>
          <Std>0.955268385556</Std>
          <Max>-47</Max>
          <Min>-52</Min>
        </Measure>
      </Stats>
    </Log>
    <Log>Evolving generation 10</Log>
    <Log>Applying main-loop operators to the 1st deme</Log>
    <Log>
      <Stats type="Stats" id="deme0" generation="10" popsize="200">
        <Item key="processed">100</Item>
        <Item key="total-processed">1200</Item>
        <Measure id="fitness">
          <Avg>-48.42</Avg>
          <Std>0.858653848859</Std>
          <Max>-47</Max>
          <Min>-51</Min>
        </Measure>
      </Stats>
    </Log>
    <Log>
      <Stats type="Stats" id="vivarium" generation="10" popsize="200">
        <Item key="processed">100</Item>
        <Item key="total-processed">1200</Item>
        <Measure id="fitness">
          <Avg>-48.42</Avg>
          <Std>0.858653848859</Std>
          <Max>-47</Max>
          <Min>-51</Min>
        </Measure>
      </Stats>
    </Log>
    <Log>Evolving generation 11</Log>
    <Log>Applying main-loop operators to the 1st deme</Log>
    <Log>
      <Stats type="Stats" id="deme0" generation="11" popsize="200">
        <Item key="processed">100</Item>
        <Item key="total-processed">1300</Item>
        <Measure id="fitness">
          <Avg>-48.375</Avg>
          <Std>0.910229415005</Std>
          <Max>-47</Max>
          <Min>-52</Min>
        </Measure>
      </Stats>
    </Log>
    <Log>
      <Stats type="Stats" id="vivarium" generation="11" popsize="200">
        <Item key="processed">100</Item>
        <Item key="total-processed">1300</Item>
        <Measure id="fitness">
          <Avg>-48.375</Avg>
          <Std>0.910229415005</Std>
          <Max>-47</Max>
          <Min>-52</Min>
        </Measure>
      </Stats>
    </Log>
    <Log>Evolving generation 12</Log>
    <Log>Applying main-loop operators to the 1st deme</Log>
    <Log>
      <Stats type="Stats" id="deme0" generation="12" popsize="200">
        <Item key="processed">100</Item>
        <Item key="total-processed">1400</Item>
        <Measure id="fitness">
          <Avg>-48.335</Avg>
          <Std>0.886965919702</Std>
          <Max>-47</Max>
          <Min>-51</Min>
        </Measure>
      </Stats>
    </Log>
    <Log>
      <Stats type="Stats" id="vivarium" generation="12" popsize="200">
        <Item key="processed">100</Item>
        <Item key="total-processed">1400</Item>
        <Measure id="fitness">
          <Avg>-48.335</Avg>
          <Std>0.886965919702</Std>
          <Max>-47</Max>
          <Min>-51</Min>
        </Measure>
      </Stats>
    </Log>
    <Log>Evolving generation 13</Log>
    <Log>Applying main-loop operators to the 1st deme</Log>
    <Log>
      <Stats type="Stats" id="deme0" generation="13" popsize="200">
        <Item key="processed">100</Item>
        <Item key="total-processed">1500</Item>
        <Measure id="fitness">
          <Avg>-48.265</Avg>
          <Std>0.882421861531</Std>
          <Max>-47</Max>
          <Min>-52</Min>
        </Measure>
      </Stats>
    </Log>
    <Log>
      <Stats type="Stats" id="vivarium" generation="13" popsize="200">
        <Item key="processed">100</Item>
        <Item key="total-processed">1500</Item>
        <Measure id="fitness">
          <Avg>-48.265</Avg>
          <Std>0.882421861531</Std>
          <Max>-47</Max>
          <Min>-52</Min>
        </Measure>
      </Stats>
    </Log>
    <Log>Evolving generation 14</Log>
    <Log>Applying main-loop operators to the 1st deme</Log>
    <Log>
      <Stats type="Stats" id="deme0" generation="14" popsize="200">
        <Item key="processed">100</Item>
        <Item key="total-processed">1600</Item>
        <Measure id="fitness">
          <Avg>-48.325</Avg>
          <Std>0.950733649537</Std>
          <Max>-47</Max>
          <Min>-52</Min>
        </Measure>
      </Stats>
    </Log>
    <Log>
      <Stats type="Stats" id="vivarium" generation="14" popsize="200">
        <Item key="processed">100</Item>
        <Item key="total-processed">1600</Item>
        <Measure id="fitness">
          <Avg>-48.325</Avg>
          <Std>0.950733649537</Std>
          <Max>-47</Max>
          <Min>-52</Min>
        </Measure>
      </Stats>
    </Log>
    <Log>Evolving generation 15</Log>
    <Log>Applying main-loop operators to the 1st deme</Log>
    <Log>
      <Stats type="Stats" id="deme0" generation="15" popsize="200">
        <Item key="processed">100</Item>
        <Item key="total-processed">1700</Item>
        <Measure id="fitness">
          <Avg>-48.295</Avg>
          <Std>1.0408611626</Std>
          <Max>-47</Max>
          <Min>-53</Min>
        </Measure>
      </Stats>
    </Log>
    <Log>
      <Stats type="Stats" id="vivarium" generation="15" popsize="200">
        <Item key="processed">100</Item>
        <Item key="total-processed">1700</Item>
        <Measure id="fitness">
          <Avg>-48.295</Avg>
          <Std>1.0408611626</Std>
          <Max>-47</Max>
          <Min>-53</Min>
        </Measure>
      </Stats>
    </Log>
    <Log>Evolving generation 16</Log>
    <Log>Applying main-loop operators to the 1st deme</Log>
    <Log>
      <Stats type="Stats" id="deme0" generation="16" popsize="200">
        <Item key="processed">100</Item>
        <Item key="total-processed">1800</Item>
        <Measure id="fitness">
          <Avg>-48.14</Avg>
          <Std>0.956543190019</Std>
          <Max>-47</Max>
          <Min>-51</Min>
        </Measure>
      </Stats>
    </Log>
    <Log>
      <Stats type="Stats" id="vivarium" generation="16" popsize="200">
        <Item key="processed">100</Item>
        <Item key="total-processed">1800</Item>
        <Measure id="fitness">
          <Avg>-48.14</Avg>
          <Std>0.956543190019</Std>
          <Max>-47</Max>
          <Min>-51</Min>
        </Measure>
      </Stats>
    </Log>
    <Log>Evolving generation 17</Log>
    <Log>Applying main-loop operators to the 1st deme</Log>
    <Log>
      <Stats type="Stats" id="deme0" generation="17" popsize="200">
        <Item key="processed">100</Item>
        <Item key="total-processed">1900</Item>
        <Measure id="fitness">
          <Avg>-48.085</Avg>
          <Std>1.03592504725</Std>
          <Max>-47</Max>
          <Min>-52</Min>
        </Measure>
      </Stats>
    </Log>
    <Log>
      <Stats type="Stats" id="vivarium" generation="17" popsize="200">
        <Item key="processed">100</Item>
        <Item key="total-processed">1900</Item>
        <Measure id="fitness">
          <Avg>-48.085</Avg>
          <Std>1.03592504725</Std>
          <Max>-47</Max>
          <Min>-52</Min>
        </Measure>
      </Stats>
    </Log>
    <Log>Evolving generation 18</Log>
    <Log>Applying main-loop operators to the 1st deme</Log>
    <Log>
      <Stats type="Stats" id="deme0" generation="18" popsize="200">
        <Item key="processed">100</Item>
        <Item key="total-processed">2000</Item>
        <Measure id="fitness">
          <Avg>-48.02</Avg>
          <Std>1.02216638597</Std>
          <Max>-47</Max>
          <Min>-53</Min>
        </Measure>
      </Stats>
    </Log>
    <Log>
      <Stats type="Stats" id="vivarium" generation="18" popsize="200">
        <Item key="processed">100</Item>
        <Item key="total-processed">2000</Item>
        <Measure id="fitness">
          <Avg>-48.02</Avg>
          <Std>1.02216638597</Std>
          <Max>-47</Max>
          <Min>-53</Min>
        </Measure>
      </Stats>
    </Log>
    <Log>Evolving generation 19</Log>
    <Log>Applying main-loop operators to the 1st deme</Log>
    <Log>
      <Stats type="Stats" id="deme0" generation="19" popsize="200">
        <Item key="processed">100</Item>
        <Item key="total-processed">2100</Item>
        <Measure id="fitness">
          <Avg>-47.93</Avg>
          <Std>0.979744608297</Std>
          <Max>-47</Max>
          <Min>-51</Min>
        </Measure>
      </Stats>
    </Log>
    <Log>
      <Stats type="Stats" id="vivarium" generation="19" popsize="200">
        <Item key="processed">100</Item>
        <Item key="total-processed">2100</Item>
        <Measure id="fitness">
          <Avg>-47.93</Avg>
          <Std>0.979744608297</Std>
          <Max>-47</Max>
          <Min>-51</Min>
        </Measure>
      </Stats>
    </Log>
    <Log>Evolving generation 20</Log>
    <Log>Applying main-loop operators to the 1st deme</Log>
    <Log>
      <Stats type="Stats" id="deme0" generation="20" popsize="200">
        <Item key="processed">100</Item>
        <Item key="total-processed">2200</Item>
        <Measure id="fitness">
          <Avg>-47.775</Avg>
          <Std>0.926643589364</Std>
          <Max>-47</Max>
          <Min>-51</Min>
        </Measure>
      </Stats>
    </Log>
    <Log>
      <Stats type="Stats" id="vivarium" generation="20" popsize="200">
        <Item key="processed">100</Item>
        <Item key="total-processed">2200</Item>
        <Measure id="fitness">
          <Avg>-47.775</Avg>
          <Std>0.926643589364</Std>
          <Max>-47</Max>
          <Min>-51</Min>
        </Measure>
      </Stats>
    </Log>
    <Log>Evolving generation 21</Log>
    <Log>Applying main-loop operators to the 1st deme</Log>
    <Log>
      <Stats type="Stats" id="deme0" generation="21" popsize="200">
        <Item key="processed">100</Item>
        <Item key="total-processed">2300</Item>
        <Measure id="fitness">
          <Avg>-47.73</Avg>
          <Std>1.11504106782</Std>
          <Max>-47</Max>
          <Min>-52</Min>
        </Measure>
      </Stats>
    </Log>
    <Log>
      <Stats type="Stats" id="vivarium" generation="21" popsize="200">
        <Item key="processed">100</Item>
        <Item key="total-processed">2300</Item>
        <Measure id="fitness">
          <Avg>-47.73</Avg>
          <Std>1.11504106782</Std>
          <Max>-47</Max>
          <Min>-52</Min>
        </Measure>
      </Stats>
    </Log>
    <Log>Evolving generation 22</Log>
    <Log>Applying main-loop operators to the 1st deme</Log>
    <Log>
      <Stats type="Stats" id="deme0" generation="22" popsize="200">
        <Item key="processed">100</Item>
        <Item key="total-processed">2400</Item>
        <Measure id="fitness">
          <Avg>-47.695</Avg>
          <Std>1.00849407609</Std>
          <Max>-47</Max>
          <Min>-52</Min>
        </Measure>
      </Stats>
    </Log>
    <Log>
      <Stats type="Stats" id="vivarium" generation="22" popsize="200">
        <Item key="processed">100</Item>
        <Item key="total-processed">2400</Item>
        <Measure id="fitness">
          <Avg>-47.695</Avg>
          <Std>1.00849407609</Std>
          <Max>-47</Max>
          <Min>-52</Min>
        </Measure>
      </Stats>
    </Log>
    <Log>Evolving generation 23</Log>
    <Log>Applying main-loop operators to the 1st deme</Log>
    <Log>
      <Stats type="Stats" id="deme0" generation="23" popsize="200">
        <Item key="processed">100</Item>
        <Item key="total-processed">2500</Item>
        <Measure id="fitness">
          <Avg>-47.64</Avg>
          <Std>0.913549595984</Std>
          <Max>-47</Max>
          <Min>-51</Min>
        </Measure>
      </Stats>
    </Log>
    <Log>
      <Stats type="Stats" id="vivarium" generation="23" popsize="200">
        <Item key="processed">100</Item>
        <Item key="total-processed">2500</Item>
        <Measure id="fitness">
          <Avg>-47.64</Avg>
          <Std>0.913549595984</Std>
          <Max>-47</Max>
          <Min>-51</Min>
        </Measure>
      </Stats>
    </Log>
    <Log>Evolving generation 24</Log>
    <Log>Applying main-loop operators to the 1st deme</Log>
    <Log>
      <Stats type="Stats" id="deme0" generation="24" popsize="200">
        <Item key="processed">100</Item>
        <Item key="total-processed">2600</Item>
        <Measure id="fitness">
          <Avg>-47.63</Avg>
          <Std>0.93136307954</Std>
          <Max>-47</Max>
          <Min>-51</Min>
        </Measure>
      </Stats>
    </Log>
    <Log>
      <Stats type="Stats" id="vivarium" generation="24" popsize="200">
        <Item key="processed">100</Item>
        <Item key="total-processed">2600</Item>
        <Measure id="fitness">
          <Avg>-47.63</Avg>
          <Std>0.93136307954</Std>
          <Max>-47</Max>
          <Min>-51</Min>
        </Measure>
      </Stats>
    </Log>
    <Log>Evolving generation 25</Log>
    <Log>Applying main-loop operators to the 1st deme</Log>
    <Log>
      <Stats type="Stats" id="deme0" generation="25" popsize="200">
        <Item key="processed">100</Item>
        <Item key="total-processed">2700</Item>
        <Measure id="fitness">
          <Avg>-47.675</Avg>
          <Std>0.97164575715</Std>
          <Max>-47</Max>
          <Min>-51</Min>
        </Measure>
      </Stats>
    </Log>
    <Log>
      <Stats type="Stats" id="vivarium" generation="25" popsize="200">
        <Item key="processed">100</Item>
        <Item key="total-processed">2700</Item>
        <Measure id="fitness">
          <Avg>-47.675</Avg>
          <Std>0.97164575715</Std>
          <Max>-47</Max>
          <Min>-51</Min>
        </Measure>
      </Stats>
    </Log>
    <Log>Evolving generation 26</Log>
    <Log>Applying main-loop operators to the 1st deme</Log>
    <Log>
      <Stats type="Stats" id="deme0" generation="26" popsize="200">
        <Item key="processed">100</Item>
        <Item key="total-processed">2800</Item>
        <Measure id="fitness">
          <Avg>-47.65</Avg>
          <Std>0.965484750796</Std>
          <Max>-46</Max>
          <Min>-51</Min>
        </Measure>
      </Stats>
    </Log>
    <Log>
      <Stats type="Stats" id="vivarium" generation="26" popsize="200">
        <Item key="processed">100</Item>
        <Item key="total-processed">2800</Item>
        <Measure id="fitness">
          <Avg>-47.65</Avg>
          <Std>0.965484750796</Std>
          <Max>-46</Max>
          <Min>-51</Min>
        </Measure>
      </Stats>
    </Log>
    <Log>Evolving generation 27</Log>
    <Log>Applying main-loop operators to the 1st deme</Log>
    <Log>
      <Stats type="Stats" id="deme0" generation="27" popsize="200">
        <Item key="processed">100</Item>
        <Item key="total-processed">2900</Item>
        <Measure id="fitness">
          <Avg>-47.615</Avg>
          <Std>0.906023949454</Std>
          <Max>-46</Max>
          <Min>-50</Min>
        </Measure>
      </Stats>
    </Log>
    <Log>
      <Stats type="Stats" id="vivarium" generation="27" popsize="200">
        <Item key="processed">100</Item>
        <Item key="total-processed">2900</Item>
        <Measure id="fitness">
          <Avg>-47.615</Avg>
          <Std>0.906023949454</Std>
          <Max>-46</Max>
          <Min>-50</Min>
        </Measure>
      </Stats>
    </Log>
    <Log>Evolving generation 28</Log>
    <Log>Applying main-loop operators to the 1st deme</Log>
    <Log>
      <Stats type="Stats" id="deme0" generation="28" popsize="200">
        <Item key="processed">100</Item>
        <Item key="total-processed">3000</Item>
        <Measure id="fitness">
          <Avg>-47.685</Avg>
          <Std>0.938176891315</Std>
          <Max>-46</Max>
          <Min>-51</Min>
        </Measure>
      </Stats>
    </Log>
    <Log>
      <Stats type="Stats" id="vivarium" generation="28" popsize="200">
        <Item key="processed">100</Item>
        <Item key="total-processed">3000</Item>
        <Measure id="fitness">
          <Avg>-47.685</Avg>
          <Std>0.938176891315</Std>
          <Max>-46</Max>
          <Min>-51</Min>
        </Measure>
      </Stats>
    </Log>
    <Log>Evolving generation 29</Log>
    <Log>Applying main-loop operators to the 1st deme</Log>
    <Log>
      <Stats type="Stats" id="deme0" generation="29" popsize="200">
        <Item key="processed">100</Item>
        <Item key="total-processed">3100</Item>
        <Measure id="fitness">
          <Avg>-47.66</Avg>
          <Std>0.979385511379</Std>
          <Max>-46</Max>
          <Min>-51</Min>
        </Measure>
      </Stats>
    </Log>
    <Log>
      <Stats type="Stats" id="vivarium" generation="29" popsize="200">
        <Item key="processed">100</Item>
        <Item key="total-processed">3100</Item>
        <Measure id="fitness">
          <Avg>-47.66</Avg>
          <Std>0.979385511379</Std>
          <Max>-46</Max>
          <Min>-51</Min>
        </Measure>
      </Stats>
    </Log>
    <Log>Evolving generation 30</Log>
    <Log>Applying main-loop operators to the 1st deme</Log>
    <Log>
      <Stats type="Stats" id="deme0" generation="30" popsize="200">
        <Item key="processed">100</Item>
        <Item key="total-processed">3200</Item>
        <Measure id="fitness">
          <Avg>-47.685</Avg>
          <Std>1.02519761546</Std>
          <Max>-46</Max>
          <Min>-51</Min>
        </Measure>
      </Stats>
    </Log>
    <Log>
      <Stats type="Stats" id="vivarium" generation="30" popsize="200">
        <Item key="processed">100</Item>
        <Item key="total-processed">3200</Item>
        <Measure id="fitness">
          <Avg>-47.685</Avg>
          <Std>1.02519761546</Std>
          <Max>-46</Max>
          <Min>-51</Min>
        </Measure>
      </Stats>
    </Log>
    <Log>Evolving generation 31</Log>
    <Log>Applying main-loop operators to the 1st deme</Log>
    <Log>
      <Stats type="Stats" id="deme0" generation="31" popsize="200">
        <Item key="processed">100</Item>
        <Item key="total-processed">3300</Item>
        <Measure id="fitness">
          <Avg>-47.69</Avg>
          <Std>0.999447083323</Std>
          <Max>-46</Max>
          <Min>-51</Min>
        </Measure>
      </Stats>
    </Log>
    <Log>
      <Stats type="Stats" id="vivarium" generation="31" popsize="200">
        <Item key="processed">100</Item>
        <Item key="total-processed">3300</Item>
        <Measure id="fitness">
          <Avg>-47.69</Avg>
          <Std>0.999447083323</Std>
          <Max>-46</Max>
          <Min>-51</Min>
        </Measure>
      </Stats>
    </Log>
    <Log>Evolving generation 32</Log>
    <Log>Applying main-loop operators to the 1st deme</Log>
    <Log>
      <Stats type="Stats" id="deme0" generation="32" popsize="200">
        <Item key="processed">100</Item>
        <Item key="total-processed">3400</Item>
        <Measure id="fitness">
          <Avg>-47.65</Avg>
          <Std>1.00125549328</Std>
          <Max>-46</Max>
          <Min>-52</Min>
        </Measure>
      </Stats>
    </Log>
    <Log>
      <Stats type="Stats" id="vivarium" generation="32" popsize="200">
        <Item key="processed">100</Item>
        <Item key="total-processed">3400</Item>
        <Measure id="fitness">
          <Avg>-47.65</Avg>
          <Std>1.00125549328</Std>
          <Max>-46</Max>
          <Min>-52</Min>
        </Measure>
      </Stats>
    </Log>
    <Log>Evolving generation 33</Log>
    <Log>Applying main-loop operators to the 1st deme</Log>
    <Log>
      <Stats type="Stats" id="deme0" generation="33" popsize="200">
        <Item key="processed">100</Item>
        <Item key="total-processed">3500</Item>
        <Measure id="fitness">
          <Avg>-47.635</Avg>
          <Std>1.02813437911</Std>
          <Max>-46</Max>
          <Min>-51</Min>
        </Measure>
      </Stats>
    </Log>
    <Log>
      <Stats type="Stats" id="vivarium" generation="33" popsize="200">
        <Item key="processed">100</Item>
        <Item key="total-processed">3500</Item>
        <Measure id="fitness">
          <Avg>-47.635</Avg>
          <Std>1.02813437911</Std>
          <Max>-46</Max>
          <Min>-51</Min>
        </Measure>
      </Stats>
    </Log>
    <Log>Evolving generation 34</Log>
    <Log>Applying main-loop operators to the 1st deme</Log>
    <Log>
      <Stats type="Stats" id="deme0" generation="34" popsize="200">
        <Item key="processed">100</Item>
        <Item key="total-processed">3600</Item>
        <Measure id="fitness">
          <Avg>-47.705</Avg>
          <Std>1.10638848394</Std>
          <Max>-46</Max>
          <Min>-51</Min>
        </Measure>
      </Stats>
    </Log>
    <Log>
      <Stats type="Stats" id="vivarium" generation="34" popsize="200">
        <Item key="processed">100</Item>
        <Item key="total-processed">3600</Item>
        <Measure id="fitness">
          <Avg>-47.705</Avg>
          <Std>1.10638848394</Std>
          <Max>-46</Max>
          <Min>-51</Min>
        </Measure>
      </Stats>
    </Log>
    <Log>Evolving generation 35</Log>
    <Log>Applying main-loop operators to the 1st deme</Log>
    <Log>
      <Stats type="Stats" id="deme0" generation="35" popsize="200">
        <Item key="processed">100</Item>
        <Item key="total-processed">3700</Item>
        <Measure id="fitness">
          <Avg>-47.645</Avg>
          <Std>1.03650698679</Std>
          <Max>-46</Max>
          <Min>-51</Min>
        </Measure>
      </Stats>
    </Log>
    <Log>
      <Stats type="Stats" id="vivarium" generation="35" popsize="200">
        <Item key="processed">100</Item>
        <Item key="total-processed">3700</Item>
        <Measure id="fitness">
          <Avg>-47.645</Avg>
          <Std>1.03650698679</Std>
          <Max>-46</Max>
          <Min>-51</Min>
        </Measure>
      </Stats>
    </Log>
    <Log>Evolving generation 36</Log>
    <Log>Applying main-loop operators to the 1st deme</Log>
    <Log>
      <Stats type="Stats" id="deme0" generation="36" popsize="200">
        <Item key="processed">100</Item>
        <Item key="total-processed">3800</Item>
        <Measure id="fitness">
          <Avg>-47.54</Avg>
          <Std>0.965953066475</Std>
          <Max>-46</Max>
          <Min>-50</Min>
        </Measure>
      </Stats>
    </Log>
    <Log>
      <Stats type="Stats" id="vivarium" generation="36" popsize="200">
        <Item key="processed">100</Item>
        <Item key="total-processed">3800</Item>
        <Measure id="fitness">
          <Avg>-47.54</Avg>
          <Std>0.965953066475</Std>
          <Max>-46</Max>
          <Min>-50</Min>
        </Measure>
      </Stats>
    </Log>
    <Log>Evolving generation 37</Log>
    <Log>Applying main-loop operators to the 1st deme</Log>
    <Log>
      <Stats type="Stats" id="deme0" generation="37" popsize="200">
        <Item key="processed">100</Item>
        <Item key="total-processed">3900</Item>
        <Measure id="fitness">
          <Avg>-47.605</Avg>
          <Std>1.12485621638</Std>
          <Max>-46</Max>
          <Min>-52</Min>
        </Measure>
      </Stats>
    </Log>
    <Log>
      <Stats type="Stats" id="vivarium" generation="37" popsize="200">
        <Item key="processed">100</Item>
        <Item key="total-processed">3900</Item>
        <Measure id="fitness">
          <Avg>-47.605</Avg>
          <Std>1.12485621638</Std>
          <Max>-46</Max>
          <Min>-52</Min>
        </Measure>
      </Stats>
    </Log>
    <Log>Evolving generation 38</Log>
    <Log>Applying main-loop operators to the 1st deme</Log>
    <Log>
      <Stats type="Stats" id="deme0" generation="38" popsize="200">
        <Item key="processed">100</Item>
        <Item key="total-processed">4000</Item>
        <Measure id="fitness">
          <Avg>-47.505</Avg>
          <Std>0.951050728109</Std>
          <Max>-46</Max>
          <Min>-51</Min>
        </Measure>
      </Stats>
    </Log>
    <Log>
      <Stats type="Stats" id="vivarium" generation="38" popsize="200">
        <Item key="processed">100</Item>
        <Item key="total-processed">4000</Item>
        <Measure id="fitness">
          <Avg>-47.505</Avg>
          <Std>0.951050728109</Std>
          <Max>-46</Max>
          <Min>-51</Min>
        </Measure>
      </Stats>
    </Log>
    <Log>Evolving generation 39</Log>
    <Log>Applying main-loop operators to the 1st deme</Log>
    <Log>
      <Stats type="Stats" id="deme0" generation="39" popsize="200">
        <Item key="processed">100</Item>
        <Item key="total-processed">4100</Item>
        <Measure id="fitness">
          <Avg>-47.6</Avg>
          <Std>1.16048854727</Std>
          <Max>-46</Max>
          <Min>-51</Min>
        </Measure>
      </Stats>
    </Log>
    <Log>
      <Stats type="Stats" id="vivarium" generation="39" popsize="200">
        <Item key="processed">100</Item>
        <Item key="total-processed">4100</Item>
        <Measure id="fitness">
          <Avg>-47.6</Avg>
          <Std>1.16048854727</Std>
          <Max>-46</Max>
          <Min>-51</Min>
        </Measure>
      </Stats>
    </Log>
    <Log>Evolving generation 40</Log>
    <Log>Applying main-loop operators to the 1st deme</Log>
    <Log>
      <Stats type="Stats" id="deme0" generation="40" popsize="200">
        <Item key="processed">100</Item>
        <Item key="total-processed">4200</Item>
        <Measure id="fitness">
          <Avg>-47.445</Avg>
          <Std>0.980705827248</Std>
          <Max>-46</Max>
          <Min>-50</Min>
        </Measure>
      </Stats>
    </Log>
    <Log>
      <Stats type="Stats" id="vivarium" generation="40" popsize="200">
        <Item key="processed">100</Item>
        <Item key="total-processed">4200</Item>
        <Measure id="fitness">
          <Avg>-47.445</Avg>
          <Std>0.980705827248</Std>
          <Max>-46</Max>
          <Min>-50</Min>
        </Measure>
      </Stats>
    </Log>
    <Log>Evolving generation 41</Log>
    <Log>Applying main-loop operators to the 1st deme</Log>
    <Log>
      <Stats type="Stats" id="deme0" generation="41" popsize="200">
        <Item key="processed">100</Item>
        <Item key="total-processed">4300</Item>
        <Measure id="fitness">
          <Avg>-47.38</Avg>
          <Std>0.959271080053</Std>
          <Max>-46</Max>
          <Min>-51</Min>
        </Measure>
      </Stats>
    </Log>
    <Log>
      <Stats type="Stats" id="vivarium" generation="41" popsize="200">
        <Item key="processed">100</Item>
        <Item key="total-processed">4300</Item>
        <Measure id="fitness">
          <Avg>-47.38</Avg>
          <Std>0.959271080053</Std>
          <Max>-46</Max>
          <Min>-51</Min>
        </Measure>
      </Stats>
    </Log>
    <Log>Evolving generation 42</Log>
    <Log>Applying main-loop operators to the 1st deme</Log>
    <Log>
      <Stats type="Stats" id="deme0" generation="42" popsize="200">
        <Item key="processed">100</Item>
        <Item key="total-processed">4400</Item>
        <Measure id="fitness">
          <Avg>-47.4</Avg>
          <Std>1.00750949221</Std>
          <Max>-46</Max>
          <Min>-51</Min>
        </Measure>
      </Stats>
    </Log>
    <Log>
      <Stats type="Stats" id="vivarium" generation="42" popsize="200">
        <Item key="processed">100</Item>
        <Item key="total-processed">4400</Item>
        <Measure id="fitness">
          <Avg>-47.4</Avg>
          <Std>1.00750949221</Std>
          <Max>-46</Max>
          <Min>-51</Min>
        </Measure>
      </Stats>
    </Log>
    <Log>Evolving generation 43</Log>
    <Log>Applying main-loop operators to the 1st deme</Log>
    <Log>
      <Stats type="Stats" id="deme0" generation="43" popsize="200">
        <Item key="processed">100</Item>
        <Item key="total-processed">4500</Item>
        <Measure id="fitness">
          <Avg>-47.475</Avg>
          <Std>1.09332143434</Std>
          <Max>-46</Max>
          <Min>-51</Min>
        </Measure>
      </Stats>
    </Log>
    <Log>
      <Stats type="Stats" id="vivarium" generation="43" popsize="200">
        <Item key="processed">100</Item>
        <Item key="total-processed">4500</Item>
        <Measure id="fitness">
          <Avg>-47.475</Avg>
          <Std>1.09332143434</Std>
          <Max>-46</Max>
          <Min>-51</Min>
        </Measure>
      </Stats>
    </Log>
    <Log>Evolving generation 44</Log>
    <Log>Applying main-loop operators to the 1st deme</Log>
    <Log>
      <Stats type="Stats" id="deme0" generation="44" popsize="200">
        <Item key="processed">100</Item>
        <Item key="total-processed">4600</Item>
        <Measure id="fitness">
          <Avg>-47.285</Avg>
          <Std>0.968745238277</Std>
          <Max>-46</Max>
          <Min>-51</Min>
        </Measure>
      </Stats>
    </Log>
    <Log>
      <Stats type="Stats" id="vivarium" generation="44" popsize="200">
        <Item key="processed">100</Item>
        <Item key="total-processed">4600</Item>
        <Measure id="fitness">
          <Avg>-47.285</Avg>
          <Std>0.968745238277</Std>
          <Max>-46</Max>
          <Min>-51</Min>
        </Measure>
      </Stats>
    </Log>
    <Log>Evolving generation 45</Log>
    <Log>Applying main-loop operators to the 1st deme</Log>
    <Log>
      <Stats type="Stats" id="deme0" generation="45" popsize="200">
        <Item key="processed">100</Item>
        <Item key="total-processed">4700</Item>
        <Measure id="fitness">
          <Avg>-47.275</Avg>
          <Std>0.976803833246</Std>
          <Max>-46</Max>
          <Min>-51</Min>
        </Measure>
      </Stats>
    </Log>
    <Log>
      <Stats type="Stats" id="vivarium" generation="45" popsize="200">
        <Item key="processed">100</Item>
        <Item key="total-processed">4700</Item>
        <Measure id="fitness">
          <Avg>-47.275</Avg>
          <Std>0.976803833246</Std>
          <Max>-46</Max>
          <Min>-51</Min>
        </Measure>
      </Stats>
    </Log>
    <Log>Evolving generation 46</Log>
    <Log>Applying main-loop operators to the 1st deme</Log>
    <Log>
      <Stats type="Stats" id="deme0" generation="46" popsize="200">
        <Item key="processed">100</Item>
        <Item key="total-processed">4800</Item>
        <Measure id="fitness">
          <Avg>-47.285</Avg>
          <Std>1.08612769361</Std>
          <Max>-46</Max>
          <Min>-52</Min>
        </Measure>
      </Stats>
    </Log>
    <Log>
      <Stats type="Stats" id="vivarium" generation="46" popsize="200">
        <Item key="processed">100</Item>
        <Item key="total-processed">4800</Item>
        <Measure id="fitness">
          <Avg>-47.285</Avg>
          <Std>1.08612769361</Std>
          <Max>-46</Max>
          <Min>-52</Min>
        </Measure>
      </Stats>
    </Log>
    <Log>Evolving generation 47</Log>
    <Log>Applying main-loop operators to the 1st deme</Log>
    <Log>
      <Stats type="Stats" id="deme0" generation="47" popsize="200">
        <Item key="processed">100</Item>
        <Item key="total-processed">4900</Item>
        <Measure id="fitness">
          <Avg>-47.115</Avg>
          <Std>1.09900594646</Std>
          <Max>-46</Max>
          <Min>-52</Min>
        </Measure>
      </Stats>
    </Log>
    <Log>
      <Stats type="Stats" id="vivarium" generation="47" popsize="200">
        <Item key="processed">100</Item>
        <Item key="total-processed">4900</Item>
        <Measure id="fitness">
          <Avg>-47.115</Avg>
          <Std>1.09900594646</Std>
          <Max>-46</Max>
          <Min>-52</Min>
        </Measure>
      </Stats>
    </Log>
    <Log>Evolving generation 48</Log>
    <Log>Applying main-loop operators to the 1st deme</Log>
    <Log>
      <Stats type="Stats" id="deme0" generation="48" popsize="200">
        <Item key="processed">100</Item>
        <Item key="total-processed">5000</Item>
        <Measure id="fitness">
          <Avg>-46.985</Avg>
          <Std>1.0584785706</Std>
          <Max>-46</Max>
          <Min>-51</Min>
        </Measure>
      </Stats>
    </Log>
    <Log>
      <Stats type="Stats" id="vivarium" generation="48" popsize="200">
        <Item key="processed">100</Item>
        <Item key="total-processed">5000</Item>
        <Measure id="fitness">
          <Avg>-46.985</Avg>
          <Std>1.0584785706</Std>
          <Max>-46</Max>
          <Min>-51</Min>
        </Measure>
      </Stats>
    </Log>
    <Log>Evolving generation 49</Log>
    <Log>Applying main-loop operators to the 1st deme</Log>
    <Log>
      <Stats type="Stats" id="deme0" generation="49" popsize="200">
        <Item key="processed">100</Item>
        <Item key="total-processed">5100</Item>
        <Measure id="fitness">
          <Avg>-46.96</Avg>
          <Std>1.18550712173</Std>
          <Max>-46</Max>
          <Min>-50</Min>
        </Measure>
      </Stats>
    </Log>
    <Log>
      <Stats type="Stats" id="vivarium" generation="49" popsize="200">
        <Item key="processed">100</Item>
        <Item key="total-processed">5100</Item>
        <Measure id="fitness">
          <Avg>-46.96</Avg>
          <Std>1.18550712173</Std>
          <Max>-46</Max>
          <Min>-50</Min>
        </Measure>
      </Stats>
    </Log>
    <Log>Evolving generation 50</Log>
    <Log>Applying main-loop operators to the 1st deme</Log>
    <Log>
      <Stats type="Stats" id="deme0" generation="50" popsize="200">
        <Item key="processed">100</Item>
        <Item key="total-processed">5200</Item>
        <Measure id="fitness">
          <Avg>-46.74</Avg>
          <Std>1.09929168607</Std>
          <Max>-46</Max>
          <Min>-50</Min>
        </Measure>
      </Stats>
    </Log>
    <Log>
      <Stats type="Stats" id="vivarium" generation="50" popsize="200">
        <Item key="processed">100</Item>
        <Item key="total-processed">5200</Item>
        <Measure id="fitness">
          <Avg>-46.74</Avg>
          <Std>1.09929168607</Std>
          <Max>-46</Max>
          <Min>-50</Min>
        </Measure>
      </Stats>
    </Log>
    <Log>Evolving generation 51</Log>
    <Log>Applying main-loop operators to the 1st deme</Log>
    <Log>
      <Stats type="Stats" id="deme0" generation="51" popsize="200">
        <Item key="processed">100</Item>
        <Item key="total-processed">5300</Item>
        <Measure id="fitness">
          <Avg>-46.815</Avg>
          <Std>1.13897379537</Std>
          <Max>-46</Max>
          <Min>-51</Min>
        </Measure>
      </Stats>
    </Log>
    <Log>
      <Stats type="Stats" id="vivarium" generation="51" popsize="200">
        <Item key="processed">100</Item>
        <Item key="total-processed">5300</Item>
        <Measure id="fitness">
          <Avg>-46.815</Avg>
          <Std>1.13897379537</Std>
          <Max>-46</Max>
          <Min>-51</Min>
        </Measure>
      </Stats>
    </Log>
    <Log>Evolving generation 52</Log>
    <Log>Applying main-loop operators to the 1st deme</Log>
    <Log>
      <Stats type="Stats" id="deme0" generation="52" popsize="200">
        <Item key="processed">100</Item>
        <Item key="total-processed">5400</Item>
        <Measure id="fitness">
          <Avg>-46.705</Avg>
          <Std>1.05999668152</Std>
          <Max>-46</Max>
          <Min>-51</Min>
        </Measure>
      </Stats>
    </Log>
    <Log>
      <Stats type="Stats" id="vivarium" generation="52" popsize="200">
        <Item key="processed">100</Item>
        <Item key="total-processed">5400</Item>
        <Measure id="fitness">
          <Avg>-46.705</Avg>
          <Std>1.05999668152</Std>
          <Max>-46</Max>
          <Min>-51</Min>
        </Measure>
      </Stats>
    </Log>
    <Log>Evolving generation 53</Log>
    <Log>Applying main-loop operators to the 1st deme</Log>
    <Log>
      <Stats type="Stats" id="deme0" generation="53" popsize="200">
        <Item key="processed">100</Item>
        <Item key="total-processed">5500</Item>
        <Measure id="fitness">
          <Avg>-46.73</Avg>
          <Std>1.13292435226</Std>
          <Max>-46</Max>
          <Min>-51</Min>
        </Measure>
      </Stats>
    </Log>
    <Log>
      <Stats type="Stats" id="vivarium" generation="53" popsize="200">
        <Item key="processed">100</Item>
        <Item key="total-processed">5500</Item>
        <Measure id="fitness">
          <Avg>-46.73</Avg>
          <Std>1.13292435226</Std>
          <Max>-46</Max>
          <Min>-51</Min>
        </Measure>
      </Stats>
    </Log>
    <Log>Evolving generation 54</Log>
    <Log>Applying main-loop operators to the 1st deme</Log>
    <Log>
      <Stats type="Stats" id="deme0" generation="54" popsize="200">
        <Item key="processed">100</Item>
        <Item key="total-processed">5600</Item>
        <Measure id="fitness">
          <Avg>-46.73</Avg>
          <Std>1.11052525035</Std>
          <Max>-46</Max>
          <Min>-51</Min>
        </Measure>
      </Stats>
    </Log>
    <Log>
      <Stats type="Stats" id="vivarium" generation="54" popsize="200">
        <Item key="processed">100</Item>
        <Item key="total-processed">5600</Item>
        <Measure id="fitness">
          <Avg>-46.73</Avg>
          <Std>1.11052525035</Std>
          <Max>-46</Max>
          <Min>-51</Min>
        </Measure>
      </Stats>
    </Log>
    <Log>Evolving generation 55</Log>
    <Log>Applying main-loop operators to the 1st deme</Log>
    <Log>
      <Stats type="Stats" id="deme0" generation="55" popsize="200">
        <Item key="processed">100</Item>
        <Item key="total-processed">5700</Item>
        <Measure id="fitness">
          <Avg>-46.71</Avg>
          <Std>1.12348166664</Std>
          <Max>-46</Max>
          <Min>-51</Min>
        </Measure>
      </Stats>
    </Log>
    <Log>
      <Stats type="Stats" id="vivarium" generation="55" popsize="200">
        <Item key="processed">100</Item>
        <Item key="total-processed">5700</Item>
        <Measure id="fitness">
          <Avg>-46.71</Avg>
          <Std>1.12348166664</Std>
          <Max>-46</Max>
          <Min>-51</Min>
        </Measure>
      </Stats>
    </Log>
    <Log>Evolving generation 56</Log>
    <Log>Applying main-loop operators to the 1st deme</Log>
    <Log>
      <Stats type="Stats" id="deme0" generation="56" popsize="200">
        <Item key="processed">100</Item>
        <Item key="total-processed">5800</Item>
        <Measure id="fitness">
          <Avg>-46.69</Avg>
          <Std>1.0908021114</Std>
          <Max>-46</Max>
          <Min>-52</Min>
        </Measure>
      </Stats>
    </Log>
    <Log>
      <Stats type="Stats" id="vivarium" generation="56" popsize="200">
        <Item key="processed">100</Item>
        <Item key="total-processed">5800</Item>
        <Measure id="fitness">
          <Avg>-46.69</Avg>
          <Std>1.0908021114</Std>
          <Max>-46</Max>
          <Min>-52</Min>
        </Measure>
      </Stats>
    </Log>
    <Log>Evolving generation 57</Log>
    <Log>Applying main-loop operators to the 1st deme</Log>
    <Log>
      <Stats type="Stats" id="deme0" generation="57" popsize="200">
        <Item key="processed">100</Item>
        <Item key="total-processed">5900</Item>
        <Measure id="fitness">
          <Avg>-46.785</Avg>
          <Std>1.07916541362</Std>
          <Max>-46</Max>
          <Min>-50</Min>
        </Measure>
      </Stats>
    </Log>
    <Log>
      <Stats type="Stats" id="vivarium" generation="57" popsize="200">
        <Item key="processed">100</Item>
        <Item key="total-processed">5900</Item>
        <Measure id="fitness">
          <Avg>-46.785</Avg>
          <Std>1.07916541362</Std>
          <Max>-46</Max>
          <Min>-50</Min>
        </Measure>
      </Stats>
    </Log>
    <Log>Evolving generation 58</Log>
    <Log>Applying main-loop operators to the 1st deme</Log>
    <Log>
      <Stats type="Stats" id="deme0" generation="58" popsize="200">
        <Item key="processed">100</Item>
        <Item key="total-processed">6000</Item>
        <Measure id="fitness">
          <Avg>-46.945</Avg>
          <Std>1.27282181663</Std>
          <Max>-46</Max>
          <Min>-51</Min>
        </Measure>
      </Stats>
    </Log>
    <Log>
      <Stats type="Stats" id="vivarium" generation="58" popsize="200">
        <Item key="processed">100</Item>
        <Item key="total-processed">6000</Item>
        <Measure id="fitness">
          <Avg>-46.945</Avg>
          <Std>1.27282181663</Std>
          <Max>-46</Max>
          <Min>-51</Min>
        </Measure>
      </Stats>
    </Log>
    <Log>Evolving generation 59</Log>
    <Log>Applying main-loop operators to the 1st deme</Log>
    <Log>
      <Stats type="Stats" id="deme0" generation="59" popsize="200">
        <Item key="processed">100</Item>
        <Item key="total-processed">6100</Item>
        <Measure id="fitness">
          <Avg>-46.715</Avg>
          <Std>1.06274273018</Std>
          <Max>-46</Max>
          <Min>-50</Min>
        </Measure>
      </Stats>
    </Log>
    <Log>
      <Stats type="Stats" id="vivarium" generation="59" popsize="200">
        <Item key="processed">100</Item>
        <Item key="total-processed">6100</Item>
        <Measure id="fitness">
          <Avg>-46.715</Avg>
          <Std>1.06274273018</Std>
          <Max>-46</Max>
          <Min>-50</Min>
        </Measure>
      </Stats>
    </Log>
    <Log>Evolving generation 60</Log>
    <Log>Applying main-loop operators to the 1st deme</Log>
    <Log>
      <Stats type="Stats" id="deme0" generation="60" popsize="200">
        <Item key="processed">100</Item>
        <Item key="total-processed">6200</Item>
        <Measure id="fitness">
          <Avg>-46.8</Avg>
          <Std>1.22781826361</Std>
          <Max>-46</Max>
          <Min>-51</Min>
        </Measure>
      </Stats>
    </Log>
    <Log>
      <Stats type="Stats" id="vivarium" generation="60" popsize="200">
        <Item key="processed">100</Item>
        <Item key="total-processed">6200</Item>
        <Measure id="fitness">
          <Avg>-46.8</Avg>
          <Std>1.22781826361</Std>
          <Max>-46</Max>
          <Min>-51</Min>
        </Measure>
      </Stats>
    </Log>
    <Log>Evolving generation 61</Log>
    <Log>Applying main-loop operators to the 1st deme</Log>
    <Log>
      <Stats type="Stats" id="deme0" generation="61" popsize="200">
        <Item key="processed">100</Item>
        <Item key="total-processed">6300</Item>
        <Measure id="fitness">
          <Avg>-46.84</Avg>
          <Std>1.1964772413</Std>
          <Max>-46</Max>
          <Min>-51</Min>
        </Measure>
      </Stats>
    </Log>
    <Log>
      <Stats type="Stats" id="vivarium" generation="61" popsize="200">
        <Item key="processed">100</Item>
        <Item key="total-processed">6300</Item>
        <Measure id="fitness">
          <Avg>-46.84</Avg>
          <Std>1.1964772413</Std>
          <Max>-46</Max>
          <Min>-51</Min>
        </Measure>
      </Stats>
    </Log>
    <Log>Evolving generation 62</Log>
    <Log>Applying main-loop operators to the 1st deme</Log>
    <Log>
      <Stats type="Stats" id="deme0" generation="62" popsize="200">
        <Item key="processed">100</Item>
        <Item key="total-processed">6400</Item>
        <Measure id="fitness">
          <Avg>-46.8</Avg>
          <Std>1.26013479378</Std>
          <Max>-46</Max>
          <Min>-52</Min>
        </Measure>
      </Stats>
    </Log>
    <Log>
      <Stats type="Stats" id="vivarium" generation="62" popsize="200">
        <Item key="processed">100</Item>
        <Item key="total-processed">6400</Item>
        <Measure id="fitness">
          <Avg>-46.8</Avg>
          <Std>1.26013479378</Std>
          <Max>-46</Max>
          <Min>-52</Min>
        </Measure>
      </Stats>
    </Log>
    <Log>Evolving generation 63</Log>
    <Log>Applying main-loop operators to the 1st deme</Log>
    <Log>
      <Stats type="Stats" id="deme0" generation="63" popsize="200">
        <Item key="processed">100</Item>
        <Item key="total-processed">6500</Item>
        <Measure id="fitness">
          <Avg>-46.82</Avg>
          <Std>1.15074806345</Std>
          <Max>-46</Max>
          <Min>-51</Min>
        </Measure>
      </Stats>
    </Log>
    <Log>
      <Stats type="Stats" id="vivarium" generation="63" popsize="200">
        <Item key="processed">100</Item>
        <Item key="total-processed">6500</Item>
        <Measure id="fitness">
          <Avg>-46.82</Avg>
          <Std>1.15074806345</Std>
          <Max>-46</Max>
          <Min>-51</Min>
        </Measure>
      </Stats>
    </Log>
    <Log>Evolving generation 64</Log>
    <Log>Applying main-loop operators to the 1st deme</Log>
    <Log>
      <Stats type="Stats" id="deme0" generation="64" popsize="200">
        <Item key="processed">100</Item>
        <Item key="total-processed">6600</Item>
        <Measure id="fitness">
          <Avg>-46.81</Avg>
          <Std>1.18783617299</Std>
          <Max>-46</Max>
          <Min>-51</Min>
        </Measure>
      </Stats>
    </Log>
    <Log>
      <Stats type="Stats" id="vivarium" generation="64" popsize="200">
        <Item key="processed">100</Item>
        <Item key="total-processed">6600</Item>
        <Measure id="fitness">
          <Avg>-46.81</Avg>
          <Std>1.18783617299</Std>
          <Max>-46</Max>
          <Min>-51</Min>
        </Measure>
      </Stats>
    </Log>
    <Log>Evolving generation 65</Log>
    <Log>Applying main-loop operators to the 1st deme</Log>
    <Log>
      <Stats type="Stats" id="deme0" generation="65" popsize="200">
        <Item key="processed">100</Item>
        <Item key="total-processed">6700</Item>
        <Measure id="fitness">
          <Avg>-46.835</Avg>
          <Std>1.21868823127</Std>
          <Max>-46</Max>
          <Min>-51</Min>
        </Measure>
      </Stats>
    </Log>
    <Log>
      <Stats type="Stats" id="vivarium" generation="65" popsize="200">
        <Item key="processed">100</Item>
        <Item key="total-processed">6700</Item>
        <Measure id="fitness">
          <Avg>-46.835</Avg>
          <Std>1.21868823127</Std>
          <Max>-46</Max>
          <Min>-51</Min>
        </Measure>
      </Stats>
    </Log>
    <Log>Evolving generation 66</Log>
    <Log>Applying main-loop operators to the 1st deme</Log>
    <Log>
      <Stats type="Stats" id="deme0" generation="66" popsize="200">
        <Item key="processed">100</Item>
        <Item key="total-processed">6800</Item>
        <Measure id="fitness">
          <Avg>-46.73</Avg>
          <Std>1.08766496467</Std>
          <Max>-46</Max>
          <Min>-51</Min>
        </Measure>
      </Stats>
    </Log>
    <Log>
      <Stats type="Stats" id="vivarium" generation="66" popsize="200">
        <Item key="processed">100</Item>
        <Item key="total-processed">6800</Item>
        <Measure id="fitness">
          <Avg>-46.73</Avg>
          <Std>1.08766496467</Std>
          <Max>-46</Max>
          <Min>-51</Min>
        </Measure>
      </Stats>
    </Log>
    <Log>Evolving generation 67</Log>
    <Log>Applying main-loop operators to the 1st deme</Log>
    <Log>
      <Stats type="Stats" id="deme0" generation="67" popsize="200">
        <Item key="processed">100</Item>
        <Item key="total-processed">6900</Item>
        <Measure id="fitness">
          <Avg>-46.735</Avg>
          <Std>1.05372037712</Std>
          <Max>-46</Max>
          <Min>-51</Min>
        </Measure>
      </Stats>
    </Log>
    <Log>
      <Stats type="Stats" id="vivarium" generation="67" popsize="200">
        <Item key="processed">100</Item>
        <Item key="total-processed">6900</Item>
        <Measure id="fitness">
          <Avg>-46.735</Avg>
          <Std>1.05372037712</Std>
          <Max>-46</Max>
          <Min>-51</Min>
        </Measure>
      </Stats>
    </Log>
    <Log>Evolving generation 68</Log>
    <Log>Applying main-loop operators to the 1st deme</Log>
    <Log>
      <Stats type="Stats" id="deme0" generation="68" popsize="200">
        <Item key="processed">100</Item>
        <Item key="total-processed">7000</Item>
        <Measure id="fitness">
          <Avg>-46.59</Avg>
          <Std>0.869297642905</Std>
          <Max>-46</Max>
          <Min>-49</Min>
        </Measure>
      </Stats>
    </Log>
    <Log>
      <Stats type="Stats" id="vivarium" generation="68" popsize="200">
        <Item key="processed">100</Item>
        <Item key="total-processed">7000</Item>
        <Measure id="fitness">
          <Avg>-46.59</Avg>
          <Std>0.869297642905</Std>
          <Max>-46</Max>
          <Min>-49</Min>
        </Measure>
      </Stats>
    </Log>
    <Log>Evolving generation 69</Log>
    <Log>Applying main-loop operators to the 1st deme</Log>
    <Log>
      <Stats type="Stats" id="deme0" generation="69" popsize="200">
        <Item key="processed">100</Item>
        <Item key="total-processed">7100</Item>
        <Measure id="fitness">
          <Avg>-46.695</Avg>
          <Std>1.02823212678</Std>
          <Max>-46</Max>
          <Min>-50</Min>
        </Measure>
      </Stats>
    </Log>
    <Log>
      <Stats type="Stats" id="vivarium" generation="69" popsize="200">
        <Item key="processed">100</Item>
        <Item key="total-processed">7100</Item>
        <Measure id="fitness">
          <Avg>-46.695</Avg>
          <Std>1.02823212678</Std>
          <Max>-46</Max>
          <Min>-50</Min>
        </Measure>
      </Stats>
    </Log>
    <Log>Evolving generation 70</Log>
    <Log>Applying main-loop operators to the 1st deme</Log>
    <Log>
      <Stats type="Stats" id="deme0" generation="70" popsize="200">
        <Item key="processed">100</Item>
        <Item key="total-processed">7200</Item>
        <Measure id="fitness">
          <Avg>-46.765</Avg>
          <Std>1.1473259275</Std>
          <Max>-46</Max>
          <Min>-51</Min>
        </Measure>
      </Stats>
    </Log>
    <Log>
      <Stats type="Stats" id="vivarium" generation="70" popsize="200">
        <Item key="processed">100</Item>
        <Item key="total-processed">7200</Item>
        <Measure id="fitness">
          <Avg>-46.765</Avg>
          <Std>1.1473259275</Std>
          <Max>-46</Max>
          <Min>-51</Min>
        </Measure>
      </Stats>
    </Log>
    <Log>Evolving generation 71</Log>
    <Log>Applying main-loop operators to the 1st deme</Log>
    <Log>
      <Stats type="Stats" id="deme0" generation="71" popsize="200">
        <Item key="processed">100</Item>
        <Item key="total-processed">7300</Item>
        <Measure id="fitness">
          <Avg>-46.75</Avg>
          <Std>1.08322058426</Std>
          <Max>-46</Max>
          <Min>-51</Min>
        </Measure>
      </Stats>
    </Log>
    <Log>
      <Stats type="Stats" id="vivarium" generation="71" popsize="200">
        <Item key="processed">100</Item>
        <Item key="total-processed">7300</Item>
        <Measure id="fitness">
          <Avg>-46.75</Avg>
          <Std>1.08322058426</Std>
          <Max>-46</Max>
          <Min>-51</Min>
        </Measure>
      </Stats>
    </Log>
    <Log>Evolving generation 72</Log>
    <Log>Applying main-loop operators to the 1st deme</Log>
    <Log>
      <Stats type="Stats" id="deme0" generation="72" popsize="200">
        <Item key="processed">100</Item>
        <Item key="total-processed">7400</Item>
        <Measure id="fitness">
          <Avg>-46.845</Avg>
          <Std>1.2075869872</Std>
          <Max>-46</Max>
          <Min>-51</Min>
        </Measure>
      </Stats>
    </Log>
    <Log>
      <Stats type="Stats" id="vivarium" generation="72" popsize="200">
        <Item key="processed">100</Item>
        <Item key="total-processed">7400</Item>
        <Measure id="fitness">
          <Avg>-46.845</Avg>
          <Std>1.2075869872</Std>
          <Max>-46</Max>
          <Min>-51</Min>
        </Measure>
      </Stats>
    </Log>
    <Log>Evolving generation 73</Log>
    <Log>Applying main-loop operators to the 1st deme</Log>
    <Log>
      <Stats type="Stats" id="deme0" generation="73" popsize="200">
        <Item key="processed">100</Item>
        <Item key="total-processed">7500</Item>
        <Measure id="fitness">
          <Avg>-46.71</Avg>
          <Std>1.05425674597</Std>
          <Max>-46</Max>
          <Min>-50</Min>
        </Measure>
      </Stats>
    </Log>
    <Log>
      <Stats type="Stats" id="vivarium" generation="73" popsize="200">
        <Item key="processed">100</Item>
        <Item key="total-processed">7500</Item>
        <Measure id="fitness">
          <Avg>-46.71</Avg>
          <Std>1.05425674597</Std>
          <Max>-46</Max>
          <Min>-50</Min>
        </Measure>
      </Stats>
    </Log>
    <Log>Evolving generation 74</Log>
    <Log>Applying main-loop operators to the 1st deme</Log>
    <Log>
      <Stats type="Stats" id="deme0" generation="74" popsize="200">
        <Item key="processed">100</Item>
        <Item key="total-processed">7600</Item>
        <Measure id="fitness">
          <Avg>-46.8</Avg>
          <Std>1.16481067972</Std>
          <Max>-46</Max>
          <Min>-51</Min>
        </Measure>
      </Stats>
    </Log>
    <Log>
      <Stats type="Stats" id="vivarium" generation="74" popsize="200">
        <Item key="processed">100</Item>
        <Item key="total-processed">7600</Item>
        <Measure id="fitness">
          <Avg>-46.8</Avg>
          <Std>1.16481067972</Std>
          <Max>-46</Max>
          <Min>-51</Min>
        </Measure>
      </Stats>
    </Log>
    <Log>Evolving generation 75</Log>
    <Log>Applying main-loop operators to the 1st deme</Log>
    <Log>
      <Stats type="Stats" id="deme0" generation="75" popsize="200">
        <Item key="processed">100</Item>
        <Item key="total-processed">7700</Item>
        <Measure id="fitness">
          <Avg>-46.775</Avg>
          <Std>1.2131503074</Std>
          <Max>-46</Max>
          <Min>-52</Min>
        </Measure>
      </Stats>
    </Log>
    <Log>
      <Stats type="Stats" id="vivarium" generation="75" popsize="200">
        <Item key="processed">100</Item>
        <Item key="total-processed">7700</Item>
        <Measure id="fitness">
          <Avg>-46.775</Avg>
          <Std>1.2131503074</Std>
          <Max>-46</Max>
          <Min>-52</Min>
        </Measure>
      </Stats>
    </Log>
    <Log>Evolving generation 76</Log>
    <Log>Applying main-loop operators to the 1st deme</Log>
    <Log>
      <Stats type="Stats" id="deme0" generation="76" popsize="200">
        <Item key="processed">100</Item>
        <Item key="total-processed">7800</Item>
        <Measure id="fitness">
          <Avg>-46.83</Avg>
          <Std>1.22417031692</Std>
          <Max>-46</Max>
          <Min>-51</Min>
        </Measure>
      </Stats>
    </Log>
    <Log>
      <Stats type="Stats" id="vivarium" generation="76" popsize="200">
        <Item key="processed">100</Item>
        <Item key="total-processed">7800</Item>
        <Measure id="fitness">
          <Avg>-46.83</Avg>
          <Std>1.22417031692</Std>
          <Max>-46</Max>
          <Min>-51</Min>
        </Measure>
      </Stats>
    </Log>
    <Log>Evolving generation 77</Log>
    <Log>Applying main-loop operators to the 1st deme</Log>
    <Log>
      <Stats type="Stats" id="deme0" generation="77" popsize="200">
        <Item key="processed">100</Item>
        <Item key="total-processed">7900</Item>
        <Measure id="fitness">
          <Avg>-46.675</Avg>
          <Std>1.08409005912</Std>
          <Max>-46</Max>
          <Min>-50</Min>
        </Measure>
      </Stats>
    </Log>
    <Log>
      <Stats type="Stats" id="vivarium" generation="77" popsize="200">
        <Item key="processed">100</Item>
        <Item key="total-processed">7900</Item>
        <Measure id="fitness">
          <Avg>-46.675</Avg>
          <Std>1.08409005912</Std>
          <Max>-46</Max>
          <Min>-50</Min>
        </Measure>
      </Stats>
    </Log>
    <Log>Evolving generation 78</Log>
    <Log>Applying main-loop operators to the 1st deme</Log>
    <Log>
      <Stats type="Stats" id="deme0" generation="78" popsize="200">
        <Item key="processed">100</Item>
        <Item key="total-processed">8000</Item>
        <Measure id="fitness">
          <Avg>-46.765</Avg>
          <Std>1.1603911141</Std>
          <Max>-46</Max>
          <Min>-51</Min>
        </Measure>
      </Stats>
    </Log>
    <Log>
      <Stats type="Stats" id="vivarium" generation="78" popsize="200">
        <Item key="processed">100</Item>
        <Item key="total-processed">8000</Item>
        <Measure id="fitness">
          <Avg>-46.765</Avg>
          <Std>1.1603911141</Std>
          <Max>-46</Max>
          <Min>-51</Min>
        </Measure>
      </Stats>
    </Log>
    <Log>Evolving generation 79</Log>
    <Log>Applying main-loop operators to the 1st deme</Log>
    <Log>
      <Stats type="Stats" id="deme0" generation="79" popsize="200">
        <Item key="processed">100</Item>
        <Item key="total-processed">8100</Item>
        <Measure id="fitness">
          <Avg>-46.605</Avg>
          <Std>0.939889333804</Std>
          <Max>-46</Max>
          <Min>-50</Min>
        </Measure>
      </Stats>
    </Log>
    <Log>
      <Stats type="Stats" id="vivarium" generation="79" popsize="200">
        <Item key="processed">100</Item>
        <Item key="total-processed">8100</Item>
        <Measure id="fitness">
          <Avg>-46.605</Avg>
          <Std>0.939889333804</Std>
          <Max>-46</Max>
          <Min>-50</Min>
        </Measure>
      </Stats>
    </Log>
    <Log>Evolving generation 80</Log>
    <Log>Applying main-loop operators to the 1st deme</Log>
    <Log>
      <Stats type="Stats" id="deme0" generation="80" popsize="200">
        <Item key="processed">100</Item>
        <Item key="total-processed">8200</Item>
        <Measure id="fitness">
          <Avg>-46.745</Avg>
          <Std>1.10729649491</Std>
          <Max>-46</Max>
          <Min>-51</Min>
        </Measure>
      </Stats>
    </Log>
    <Log>
      <Stats type="Stats" id="vivarium" generation="80" popsize="200">
        <Item key="processed">100</Item>
        <Item key="total-processed">8200</Item>
        <Measure id="fitness">
          <Avg>-46.745</Avg>
          <Std>1.10729649491</Std>
          <Max>-46</Max>
          <Min>-51</Min>
        </Measure>
      </Stats>
    </Log>
    <Log>Evolving generation 81</Log>
    <Log>Applying main-loop operators to the 1st deme</Log>
    <Log>
      <Stats type="Stats" id="deme0" generation="81" popsize="200">
        <Item key="processed">100</Item>
        <Item key="total-processed">8300</Item>
        <Measure id="fitness">
          <Avg>-46.755</Avg>
          <Std>1.12753343999</Std>
          <Max>-46</Max>
          <Min>-50</Min>
        </Measure>
      </Stats>
    </Log>
    <Log>
      <Stats type="Stats" id="vivarium" generation="81" popsize="200">
        <Item key="processed">100</Item>
        <Item key="total-processed">8300</Item>
        <Measure id="fitness">
          <Avg>-46.755</Avg>
          <Std>1.12753343999</Std>
          <Max>-46</Max>
          <Min>-50</Min>
        </Measure>
      </Stats>
    </Log>
    <Log>Evolving generation 82</Log>
    <Log>Applying main-loop operators to the 1st deme</Log>
    <Log>
      <Stats type="Stats" id="deme0" generation="82" popsize="200">
        <Item key="processed">100</Item>
        <Item key="total-processed">8400</Item>
        <Measure id="fitness">
          <Avg>-46.715</Avg>
          <Std>1.17502271976</Std>
          <Max>-46</Max>
          <Min>-51</Min>
        </Measure>
      </Stats>
    </Log>
    <Log>
      <Stats type="Stats" id="vivarium" generation="82" popsize="200">
        <Item key="processed">100</Item>
        <Item key="total-processed">8400</Item>
        <Measure id="fitness">
          <Avg>-46.715</Avg>
          <Std>1.17502271976</Std>
          <Max>-46</Max>
          <Min>-51</Min>
        </Measure>
      </Stats>
    </Log>
    <Log>Evolving generation 83</Log>
    <Log>Applying main-loop operators to the 1st deme</Log>
    <Log>
      <Stats type="Stats" id="deme0" generation="83" popsize="200">
        <Item key="processed">100</Item>
        <Item key="total-processed">8500</Item>
        <Measure id="fitness">
          <Avg>-46.79</Avg>
          <Std>1.11899991243</Std>
          <Max>-46</Max>
          <Min>-50</Min>
        </Measure>
      </Stats>
    </Log>
    <Log>
      <Stats type="Stats" id="vivarium" generation="83" popsize="200">
        <Item key="processed">100</Item>
        <Item key="total-processed">8500</Item>
        <Measure id="fitness">
          <Avg>-46.79</Avg>
          <Std>1.11899991243</Std>
          <Max>-46</Max>
          <Min>-50</Min>
        </Measure>
      </Stats>
    </Log>
    <Log>Evolving generation 84</Log>
    <Log>Applying main-loop operators to the 1st deme</Log>
    <Log>
      <Stats type="Stats" id="deme0" generation="84" popsize="200">
        <Item key="processed">100</Item>
        <Item key="total-processed">8600</Item>
        <Measure id="fitness">
          <Avg>-46.8</Avg>
          <Std>1.12083959916</Std>
          <Max>-46</Max>
          <Min>-50</Min>
        </Measure>
      </Stats>
    </Log>
    <Log>
      <Stats type="Stats" id="vivarium" generation="84" popsize="200">
        <Item key="processed">100</Item>
        <Item key="total-processed">8600</Item>
        <Measure id="fitness">
          <Avg>-46.8</Avg>
          <Std>1.12083959916</Std>
          <Max>-46</Max>
          <Min>-50</Min>
        </Measure>
      </Stats>
    </Log>
    <Log>Evolving generation 85</Log>
    <Log>Applying main-loop operators to the 1st deme</Log>
    <Log>
      <Stats type="Stats" id="deme0" generation="85" popsize="200">
        <Item key="processed">100</Item>
        <Item key="total-processed">8700</Item>
        <Measure id="fitness">
          <Avg>-46.725</Avg>
          <Std>1.07944476701</Std>
          <Max>-46</Max>
          <Min>-51</Min>
        </Measure>
      </Stats>
    </Log>
    <Log>
      <Stats type="Stats" id="vivarium" generation="85" popsize="200">
        <Item key="processed">100</Item>
        <Item key="total-processed">8700</Item>
        <Measure id="fitness">
          <Avg>-46.725</Avg>
          <Std>1.07944476701</Std>
          <Max>-46</Max>
          <Min>-51</Min>
        </Measure>
      </Stats>
    </Log>
    <Log>Evolving generation 86</Log>
    <Log>Applying main-loop operators to the 1st deme</Log>
    <Log>
      <Stats type="Stats" id="deme0" generation="86" popsize="200">
        <Item key="processed">100</Item>
        <Item key="total-processed">8800</Item>
        <Measure id="fitness">
          <Avg>-46.75</Avg>
          <Std>1.0454495799</Std>
          <Max>-46</Max>
          <Min>-50</Min>
        </Measure>
      </Stats>
    </Log>
    <Log>
      <Stats type="Stats" id="vivarium" generation="86" popsize="200">
        <Item key="processed">100</Item>
        <Item key="total-processed">8800</Item>
        <Measure id="fitness">
          <Avg>-46.75</Avg>
          <Std>1.0454495799</Std>
          <Max>-46</Max>
          <Min>-50</Min>
        </Measure>
      </Stats>
    </Log>
    <Log>Evolving generation 87</Log>
    <Log>Applying main-loop operators to the 1st deme</Log>
    <Log>
      <Stats type="Stats" id="deme0" generation="87" popsize="200">
        <Item key="processed">100</Item>
        <Item key="total-processed">8900</Item>
        <Measure id="fitness">
          <Avg>-46.805</Avg>
          <Std>1.15917792739</Std>
          <Max>-46</Max>
          <Min>-51</Min>
        </Measure>
      </Stats>
    </Log>
    <Log>
      <Stats type="Stats" id="vivarium" generation="87" popsize="200">
        <Item key="processed">100</Item>
        <Item key="total-processed">8900</Item>
        <Measure id="fitness">
          <Avg>-46.805</Avg>
          <Std>1.15917792739</Std>
          <Max>-46</Max>
          <Min>-51</Min>
        </Measure>
      </Stats>
    </Log>
    <Log>Evolving generation 88</Log>
    <Log>Applying main-loop operators to the 1st deme</Log>
    <Log>
      <Stats type="Stats" id="deme0" generation="88" popsize="200">
        <Item key="processed">100</Item>
        <Item key="total-processed">9000</Item>
        <Measure id="fitness">
          <Avg>-46.835</Avg>
          <Std>1.21041336018</Std>
          <Max>-46</Max>
          <Min>-51</Min>
        </Measure>
      </Stats>
    </Log>
    <Log>
      <Stats type="Stats" id="vivarium" generation="88" popsize="200">
        <Item key="processed">100</Item>
        <Item key="total-processed">9000</Item>
        <Measure id="fitness">
          <Avg>-46.835</Avg>
          <Std>1.21041336018</Std>
          <Max>-46</Max>
          <Min>-51</Min>
        </Measure>
      </Stats>
    </Log>
    <Log>Evolving generation 89</Log>
    <Log>Applying main-loop operators to the 1st deme</Log>
    <Log>
      <Stats type="Stats" id="deme0" generation="89" popsize="200">
        <Item key="processed">100</Item>
        <Item key="total-processed">9100</Item>
        <Measure id="fitness">
          <Avg>-46.795</Avg>
          <Std>1.20425334986</Std>
          <Max>-46</Max>
          <Min>-51</Min>
        </Measure>
      </Stats>
    </Log>
    <Log>
      <Stats type="Stats" id="vivarium" generation="89" popsize="200">
        <Item key="processed">100</Item>
        <Item key="total-processed">9100</Item>
        <Measure id="fitness">
          <Avg>-46.795</Avg>
          <Std>1.20425334986</Std>
          <Max>-46</Max>
          <Min>-51</Min>
        </Measure>
      </Stats>
    </Log>
    <Log>Evolving generation 90</Log>
    <Log>Applying main-loop operators to the 1st deme</Log>
    <Log>
      <Stats type="Stats" id="deme0" generation="90" popsize="200">
        <Item key="processed">100</Item>
        <Item key="total-processed">9200</Item>
        <Measure id="fitness">
          <Avg>-46.695</Avg>
          <Std>1.02333330605</Std>
          <Max>-46</Max>
          <Min>-51</Min>
        </Measure>
      </Stats>
    </Log>
    <Log>
      <Stats type="Stats" id="vivarium" generation="90" popsize="200">
        <Item key="processed">100</Item>
        <Item key="total-processed">9200</Item>
        <Measure id="fitness">
          <Avg>-46.695</Avg>
          <Std>1.02333330605</Std>
          <Max>-46</Max>
          <Min>-51</Min>
        </Measure>
      </Stats>
    </Log>
    <Log>Evolving generation 91</Log>
    <Log>Applying main-loop operators to the 1st deme</Log>
    <Log>
      <Stats type="Stats" id="deme0" generation="91" popsize="200">
        <Item key="processed">100</Item>
        <Item key="total-processed">9300</Item>
        <Measure id="fitness">
          <Avg>-46.715</Avg>
          <Std>1.12699850405</Std>
          <Max>-46</Max>
          <Min>-51</Min>
        </Measure>
      </Stats>
    </Log>
    <Log>
      <Stats type="Stats" id="vivarium" generation="91" popsize="200">
        <Item key="processed">100</Item>
        <Item key="total-processed">9300</Item>
        <Measure id="fitness">
          <Avg>-46.715</Avg>
          <Std>1.12699850405</Std>
          <Max>-46</Max>
          <Min>-51</Min>
        </Measure>
      </Stats>
    </Log>
    <Log>Evolving generation 92</Log>
    <Log>Applying main-loop operators to the 1st deme</Log>
    <Log>
      <Stats type="Stats" id="deme0" generation="92" popsize="200">
        <Item key="processed">100</Item>
        <Item key="total-processed">9400</Item>
        <Measure id="fitness">
          <Avg>-46.78</Avg>
          <Std>1.18262122627</Std>
          <Max>-46</Max>
          <Min>-51</Min>
        </Measure>
      </Stats>
    </Log>
    <Log>
      <Stats type="Stats" id="vivarium" generation="92" popsize="200">
        <Item key="processed">100</Item>
        <Item key="total-processed">9400</Item>
        <Measure id="fitness">
          <Avg>-46.78</Avg>
          <Std>1.18262122627</Std>
          <Max>-46</Max>
          <Min>-51</Min>
        </Measure>
      </Stats>
    </Log>
    <Log>Evolving generation 93</Log>
    <Log>Applying main-loop operators to the 1st deme</Log>
    <Log>
      <Stats type="Stats" id="deme0" generation="93" popsize="200">
        <Item key="processed">100</Item>
        <Item key="total-processed">9500</Item>
        <Measure id="fitness">
          <Avg>-46.73</Avg>
          <Std>1.07371519576</Std>
          <Max>-46</Max>
          <Min>-51</Min>
        </Measure>
      </Stats>
    </Log>
    <Log>
      <Stats type="Stats" id="vivarium" generation="93" popsize="200">
        <Item key="processed">100</Item>
        <Item key="total-processed">9500</Item>
        <Measure id="fitness">
          <Avg>-46.73</Avg>
          <Std>1.07371519576</Std>
          <Max>-46</Max>
          <Min>-51</Min>
        </Measure>
      </Stats>
    </Log>
    <Log>Evolving generation 94</Log>
    <Log>Applying main-loop operators to the 1st deme</Log>
    <Log>
      <Stats type="Stats" id="deme0" generation="94" popsize="200">
        <Item key="processed">100</Item>
        <Item key="total-processed">9600</Item>
        <Measure id="fitness">
          <Avg>-46.615</Avg>
          <Std>0.927944180439</Std>
          <Max>-46</Max>
          <Min>-50</Min>
        </Measure>
      </Stats>
    </Log>
    <Log>
      <Stats type="Stats" id="vivarium" generation="94" popsize="200">
        <Item key="processed">100</Item>
        <Item key="total-processed">9600</Item>
        <Measure id="fitness">
          <Avg>-46.615</Avg>
          <Std>0.927944180439</Std>
          <Max>-46</Max>
          <Min>-50</Min>
        </Measure>
      </Stats>
    </Log>
    <Log>Evolving generation 95</Log>
    <Log>Applying main-loop operators to the 1st deme</Log>
    <Log>
      <Stats type="Stats" id="deme0" generation="95" popsize="200">
        <Item key="processed">100</Item>
        <Item key="total-processed">9700</Item>
        <Measure id="fitness">
          <Avg>-46.69</Avg>
          <Std>1.14035170454</Std>
          <Max>-46</Max>
          <Min>-51</Min>
        </Measure>
      </Stats>
    </Log>
    <Log>
      <Stats type="Stats" id="vivarium" generation="95" popsize="200">
        <Item key="processed">100</Item>
        <Item key="total-processed">9700</Item>
        <Measure id="fitness">
          <Avg>-46.69</Avg>
          <Std>1.14035170454</Std>
          <Max>-46</Max>
          <Min>-51</Min>
        </Measure>
      </Stats>
    </Log>
    <Log>Evolving generation 96</Log>
    <Log>Applying main-loop operators to the 1st deme</Log>
    <Log>
      <Stats type="Stats" id="deme0" generation="96" popsize="200">
        <Item key="processed">100</Item>
        <Item key="total-processed">9800</Item>
        <Measure id="fitness">
          <Avg>-46.765</Avg>
          <Std>1.15169745818</Std>
          <Max>-46</Max>
          <Min>-51</Min>
        </Measure>
      </Stats>
    </Log>
    <Log>
      <Stats type="Stats" id="vivarium" generation="96" popsize="200">
        <Item key="processed">100</Item>
        <Item key="total-processed">9800</Item>
        <Measure id="fitness">
          <Avg>-46.765</Avg>
          <Std>1.15169745818</Std>
          <Max>-46</Max>
          <Min>-51</Min>
        </Measure>
      </Stats>
    </Log>
    <Log>Evolving generation 97</Log>
    <Log>Applying main-loop operators to the 1st deme</Log>
    <Log>
      <Stats type="Stats" id="deme0" generation="97" popsize="200">
        <Item key="processed">100</Item>
        <Item key="total-processed">9900</Item>
        <Measure id="fitness">
          <Avg>-46.68</Avg>
          <Std>0.981026024273</Std>
          <Max>-46</Max>
          <Min>-50</Min>
        </Measure>
      </Stats>
    </Log>
    <Log>
      <Stats type="Stats" id="vivarium" generation="97" popsize="200">
        <Item key="processed">100</Item>
        <Item key="total-processed">9900</Item>
        <Measure id="fitness">
          <Avg>-46.68</Avg>
          <Std>0.981026024273</Std>
          <Max>-46</Max>
          <Min>-50</Min>
        </Measure>
      </Stats>
    </Log>
    <Log>Evolving generation 98</Log>
    <Log>Applying main-loop operators to the 1st deme</Log>
    <Log>
      <Stats type="Stats" id="deme0" generation="98" popsize="200">
        <Item key="processed">100</Item>
        <Item key="total-processed">10000</Item>
        <Measure id="fitness">
          <Avg>-46.835</Avg>
          <Std>1.17673212434</Std>
          <Max>-46</Max>
          <Min>-51</Min>
        </Measure>
      </Stats>
    </Log>
    <Log>
      <Stats type="Stats" id="vivarium" generation="98" popsize="200">
        <Item key="processed">100</Item>
        <Item key="total-processed">10000</Item>
        <Measure id="fitness">
          <Avg>-46.835</Avg>
          <Std>1.17673212434</Std>
          <Max>-46</Max>
          <Min>-51</Min>
        </Measure>
      </Stats>
    </Log>
    <Log>Evolving generation 99</Log>
    <Log>Applying main-loop operators to the 1st deme</Log>
    <Log>
      <Stats type="Stats" id="deme0" generation="99" popsize="200">
        <Item key="processed">100</Item>
        <Item key="total-processed">10100</Item>
        <Measure id="fitness">
          <Avg>-46.805</Avg>
          <Std>1.15483471375</Std>
          <Max>-46</Max>
          <Min>-50</Min>
        </Measure>
      </Stats>
    </Log>
    <Log>
      <Stats type="Stats" id="vivarium" generation="99" popsize="200">
        <Item key="processed">100</Item>
        <Item key="total-processed">10100</Item>
        <Measure id="fitness">
          <Avg>-46.805</Avg>
          <Std>1.15483471375</Std>
          <Max>-46</Max>
          <Min>-50</Min>
        </Measure>
      </Stats>
    </Log>
    <Log>Evolving generation 100</Log>
    <Log>Applying main-loop operators to the 1st deme</Log>
    <Log>
      <Stats type="Stats" id="deme0" generation="100" popsize="200">
        <Item key="processed">100</Item>
        <Item key="total-processed">10200</Item>
        <Measure id="fitness">
          <Avg>-46.73</Avg>
          <Std>1.13735123827</Std>
          <Max>-46</Max>
          <Min>-51</Min>
        </Measure>
      </Stats>
    </Log>
    <Log>
      <Stats type="Stats" id="vivarium" generation="100" popsize="200">
        <Item key="processed">100</Item>
        <Item key="total-processed">10200</Item>
        <Measure id="fitness">
          <Avg>-46.73</Avg>
          <Std>1.13735123827</Std>
          <Max>-46</Max>
          <Min>-51</Min>
        </Measure>
      </Stats>
    </Log>
    <Log>Evolving generation 101</Log>
    <Log>Applying main-loop operators to the 1st deme</Log>
    <Log>
      <Stats type="Stats" id="deme0" generation="101" popsize="200">
        <Item key="processed">100</Item>
        <Item key="total-processed">10300</Item>
        <Measure id="fitness">
          <Avg>-46.675</Avg>
          <Std>1.06538737146</Std>
          <Max>-46</Max>
          <Min>-51</Min>
        </Measure>
      </Stats>
    </Log>
    <Log>
      <Stats type="Stats" id="vivarium" generation="101" popsize="200">
        <Item key="processed">100</Item>
        <Item key="total-processed">10300</Item>
        <Measure id="fitness">
          <Avg>-46.675</Avg>
          <Std>1.06538737146</Std>
          <Max>-46</Max>
          <Min>-51</Min>
        </Measure>
      </Stats>
    </Log>
    <Log>Evolving generation 102</Log>
    <Log>Applying main-loop operators to the 1st deme</Log>
    <Log>
      <Stats type="Stats" id="deme0" generation="102" popsize="200">
        <Item key="processed">100</Item>
        <Item key="total-processed">10400</Item>
        <Measure id="fitness">
          <Avg>-46.78</Avg>
          <Std>1.13048217578</Std>
          <Max>-46</Max>
          <Min>-51</Min>
        </Measure>
      </Stats>
    </Log>
    <Log>
      <Stats type="Stats" id="vivarium" generation="102" popsize="200">
        <Item key="processed">100</Item>
        <Item key="total-processed">10400</Item>
        <Measure id="fitness">
          <Avg>-46.78</Avg>
          <Std>1.13048217578</Std>
          <Max>-46</Max>
          <Min>-51</Min>
        </Measure>
      </Stats>
    </Log>
    <Log>Evolving generation 103</Log>
    <Log>Applying main-loop operators to the 1st deme</Log>
    <Log>
      <Stats type="Stats" id="deme0" generation="103" popsize="200">
        <Item key="processed">100</Item>
        <Item key="total-processed">10500</Item>
        <Measure id="fitness">
          <Avg>-46.815</Avg>
          <Std>1.21165819351</Std>
          <Max>-46</Max>
          <Min>-51</Min>
        </Measure>
      </Stats>
    </Log>
    <Log>
      <Stats type="Stats" id="vivarium" generation="103" popsize="200">
        <Item key="processed">100</Item>
        <Item key="total-processed">10500</Item>
        <Measure id="fitness">
          <Avg>-46.815</Avg>
          <Std>1.21165819351</Std>
          <Max>-46</Max>
          <Min>-51</Min>
        </Measure>
      </Stats>
    </Log>
    <Log>Evolving generation 104</Log>
    <Log>Applying main-loop operators to the 1st deme</Log>
    <Log>
      <Stats type="Stats" id="deme0" generation="104" popsize="200">
        <Item key="processed">100</Item>
        <Item key="total-processed">10600</Item>
        <Measure id="fitness">
          <Avg>-46.775</Avg>
          <Std>1.14495836092</Std>
          <Max>-46</Max>
          <Min>-52</Min>
        </Measure>
      </Stats>
    </Log>
    <Log>
      <Stats type="Stats" id="vivarium" generation="104" popsize="200">
        <Item key="processed">100</Item>
        <Item key="total-processed">10600</Item>
        <Measure id="fitness">
          <Avg>-46.775</Avg>
          <Std>1.14495836092</Std>
          <Max>-46</Max>
          <Min>-52</Min>
        </Measure>
      </Stats>
    </Log>
    <Log>Evolving generation 105</Log>
    <Log>Applying main-loop operators to the 1st deme</Log>
    <Log>
      <Stats type="Stats" id="deme0" generation="105" popsize="200">
        <Item key="processed">100</Item>
        <Item key="total-processed">10700</Item>
        <Measure id="fitness">
          <Avg>-46.57</Avg>
          <Std>0.916131258288</Std>
          <Max>-46</Max>
          <Min>-51</Min>
        </Measure>
      </Stats>
    </Log>
    <Log>
      <Stats type="Stats" id="vivarium" generation="105" popsize="200">
        <Item key="processed">100</Item>
        <Item key="total-processed">10700</Item>
        <Measure id="fitness">
          <Avg>-46.57</Avg>
          <Std>0.916131258288</Std>
          <Max>-46</Max>
          <Min>-51</Min>
        </Measure>
      </Stats>
    </Log>
    <Log>Evolving generation 106</Log>
    <Log>Applying main-loop operators to the 1st deme</Log>
    <Log>
      <Stats type="Stats" id="deme0" generation="106" popsize="200">
        <Item key="processed">100</Item>
        <Item key="total-processed">10800</Item>
        <Measure id="fitness">
          <Avg>-46.855</Avg>
          <Std>1.20049194271</Std>
          <Max>-46</Max>
          <Min>-51</Min>
        </Measure>
      </Stats>
    </Log>
    <Log>
      <Stats type="Stats" id="vivarium" generation="106" popsize="200">
        <Item key="processed">100</Item>
        <Item key="total-processed">10800</Item>
        <Measure id="fitness">
          <Avg>-46.855</Avg>
          <Std>1.20049194271</Std>
          <Max>-46</Max>
          <Min>-51</Min>
        </Measure>
      </Stats>
    </Log>
    <Log>Evolving generation 107</Log>
    <Log>Applying main-loop operators to the 1st deme</Log>
    <Log>
      <Stats type="Stats" id="deme0" generation="107" popsize="200">
        <Item key="processed">100</Item>
        <Item key="total-processed">10900</Item>
        <Measure id="fitness">
          <Avg>-46.74</Avg>
          <Std>1.15284223818</Std>
          <Max>-46</Max>
          <Min>-51</Min>
        </Measure>
      </Stats>
    </Log>
    <Log>
      <Stats type="Stats" id="vivarium" generation="107" popsize="200">
        <Item key="processed">100</Item>
        <Item key="total-processed">10900</Item>
        <Measure id="fitness">
          <Avg>-46.74</Avg>
          <Std>1.15284223818</Std>
          <Max>-46</Max>
          <Min>-51</Min>
        </Measure>
      </Stats>
    </Log>
    <Log>Evolving generation 108</Log>
    <Log>Applying main-loop operators to the 1st deme</Log>
    <Log>
      <Stats type="Stats" id="deme0" generation="108" popsize="200">
        <Item key="processed">100</Item>
        <Item key="total-processed">11000</Item>
        <Measure id="fitness">
          <Avg>-46.705</Avg>
          <Std>1.05047249479</Std>
          <Max>-46</Max>
          <Min>-51</Min>
        </Measure>
      </Stats>
    </Log>
    <Log>
      <Stats type="Stats" id="vivarium" generation="108" popsize="200">
        <Item key="processed">100</Item>
        <Item key="total-processed">11000</Item>
        <Measure id="fitness">
          <Avg>-46.705</Avg>
          <Std>1.05047249479</Std>
          <Max>-46</Max>
          <Min>-51</Min>
        </Measure>
      </Stats>
    </Log>
    <Log>Evolving generation 109</Log>
    <Log>Applying main-loop operators to the 1st deme</Log>
    <Log>
      <Stats type="Stats" id="deme0" generation="109" popsize="200">
        <Item key="processed">100</Item>
        <Item key="total-processed">11100</Item>
        <Measure id="fitness">
          <Avg>-46.665</Avg>
          <Std>1.13100435643</Std>
          <Max>-46</Max>
          <Min>-51</Min>
        </Measure>
      </Stats>
    </Log>
    <Log>
      <Stats type="Stats" id="vivarium" generation="109" popsize="200">
        <Item key="processed">100</Item>
        <Item key="total-processed">11100</Item>
        <Measure id="fitness">
          <Avg>-46.665</Avg>
          <Std>1.13100435643</Std>
          <Max>-46</Max>
          <Min>-51</Min>
        </Measure>
      </Stats>
    </Log>
    <Log>Evolving generation 110</Log>
    <Log>Applying main-loop operators to the 1st deme</Log>
    <Log>
      <Stats type="Stats" id="deme0" generation="110" popsize="200">
        <Item key="processed">100</Item>
        <Item key="total-processed">11200</Item>
        <Measure id="fitness">
          <Avg>-46.73</Avg>
          <Std>1.09686625342</Std>
          <Max>-46</Max>
          <Min>-51</Min>
        </Measure>
      </Stats>
    </Log>
    <Log>
      <Stats type="Stats" id="vivarium" generation="110" popsize="200">
        <Item key="processed">100</Item>
        <Item key="total-processed">11200</Item>
        <Measure id="fitness">
          <Avg>-46.73</Avg>
          <Std>1.09686625342</Std>
          <Max>-46</Max>
          <Min>-51</Min>
        </Measure>
      </Stats>
    </Log>
    <Log>Evolving generation 111</Log>
    <Log>Applying main-loop operators to the 1st deme</Log>
    <Log>
      <Stats type="Stats" id="deme0" generation="111" popsize="200">
        <Item key="processed">100</Item>
        <Item key="total-processed">11300</Item>
        <Measure id="fitness">
          <Avg>-46.685</Avg>
          <Std>1.09166554784</Std>
          <Max>-46</Max>
          <Min>-51</Min>
        </Measure>
      </Stats>
    </Log>
    <Log>
      <Stats type="Stats" id="vivarium" generation="111" popsize="200">
        <Item key="processed">100</Item>
        <Item key="total-processed">11300</Item>
        <Measure id="fitness">
          <Avg>-46.685</Avg>
          <Std>1.09166554784</Std>
          <Max>-46</Max>
          <Min>-51</Min>
        </Measure>
      </Stats>
    </Log>
    <Log>Evolving generation 112</Log>
    <Log>Applying main-loop operators to the 1st deme</Log>
    <Log>
      <Stats type="Stats" id="deme0" generation="112" popsize="200">
        <Item key="processed">100</Item>
        <Item key="total-processed">11400</Item>
        <Measure id="fitness">
          <Avg>-46.875</Avg>
          <Std>1.23572248108</Std>
          <Max>-46</Max>
          <Min>-51</Min>
        </Measure>
      </Stats>
    </Log>
    <Log>
      <Stats type="Stats" id="vivarium" generation="112" popsize="200">
        <Item key="processed">100</Item>
        <Item key="total-processed">11400</Item>
        <Measure id="fitness">
          <Avg>-46.875</Avg>
          <Std>1.23572248108</Std>
          <Max>-46</Max>
          <Min>-51</Min>
        </Measure>
      </Stats>
    </Log>
    <Log>Evolving generation 113</Log>
    <Log>Applying main-loop operators to the 1st deme</Log>
    <Log>
      <Stats type="Stats" id="deme0" generation="113" popsize="200">
        <Item key="processed">100</Item>
        <Item key="total-processed">11500</Item>
        <Measure id="fitness">
          <Avg>-46.7</Avg>
          <Std>1.11183672566</Std>
          <Max>-46</Max>
          <Min>-51</Min>
        </Measure>
      </Stats>
    </Log>
    <Log>
      <Stats type="Stats" id="vivarium" generation="113" popsize="200">
        <Item key="processed">100</Item>
        <Item key="total-processed">11500</Item>
        <Measure id="fitness">
          <Avg>-46.7</Avg>
          <Std>1.11183672566</Std>
          <Max>-46</Max>
          <Min>-51</Min>
        </Measure>
      </Stats>
    </Log>
    <Log>Evolving generation 114</Log>
    <Log>Applying main-loop operators to the 1st deme</Log>
    <Log>
      <Stats type="Stats" id="deme0" generation="114" popsize="200">
        <Item key="processed">100</Item>
        <Item key="total-processed">11600</Item>
        <Measure id="fitness">
          <Avg>-46.745</Avg>
          <Std>1.10729649491</Std>
          <Max>-46</Max>
          <Min>-51</Min>
        </Measure>
      </Stats>
    </Log>
    <Log>
      <Stats type="Stats" id="vivarium" generation="114" popsize="200">
        <Item key="processed">100</Item>
        <Item key="total-processed">11600</Item>
        <Measure id="fitness">
          <Avg>-46.745</Avg>
          <Std>1.10729649491</Std>
          <Max>-46</Max>
          <Min>-51</Min>
        </Measure>
      </Stats>
    </Log>
    <Log>Evolving generation 115</Log>
    <Log>Applying main-loop operators to the 1st deme</Log>
    <Log>
      <Stats type="Stats" id="deme0" generation="115" popsize="200">
        <Item key="processed">100</Item>
        <Item key="total-processed">11700</Item>
        <Measure id="fitness">
          <Avg>-46.77</Avg>
          <Std>1.23479699469</Std>
          <Max>-46</Max>
          <Min>-51</Min>
        </Measure>
      </Stats>
    </Log>
    <Log>
      <Stats type="Stats" id="vivarium" generation="115" popsize="200">
        <Item key="processed">100</Item>
        <Item key="total-processed">11700</Item>
        <Measure id="fitness">
          <Avg>-46.77</Avg>
          <Std>1.23479699469</Std>
          <Max>-46</Max>
          <Min>-51</Min>
        </Measure>
      </Stats>
    </Log>
    <Log>Evolving generation 116</Log>
    <Log>Applying main-loop operators to the 1st deme</Log>
    <Log>
      <Stats type="Stats" id="deme0" generation="116" popsize="200">
        <Item key="processed">100</Item>
        <Item key="total-processed">11800</Item>
        <Measure id="fitness">
          <Avg>-46.825</Avg>
          <Std>1.23775408538</Std>
          <Max>-46</Max>
          <Min>-52</Min>
        </Measure>
      </Stats>
    </Log>
    <Log>
      <Stats type="Stats" id="vivarium" generation="116" popsize="200">
        <Item key="processed">100</Item>
        <Item key="total-processed">11800</Item>
        <Measure id="fitness">
          <Avg>-46.825</Avg>
          <Std>1.23775408538</Std>
          <Max>-46</Max>
          <Min>-52</Min>
        </Measure>
      </Stats>
    </Log>
    <Log>Evolving generation 117</Log>
    <Log>Applying main-loop operators to the 1st deme</Log>
    <Log>
      <Stats type="Stats" id="deme0" generation="117" popsize="200">
        <Item key="processed">100</Item>
        <Item key="total-processed">11900</Item>
        <Measure id="fitness">
          <Avg>-46.645</Avg>
          <Std>1.06519868626</Std>
          <Max>-46</Max>
          <Min>-51</Min>
        </Measure>
      </Stats>
    </Log>
    <Log>
      <Stats type="Stats" id="vivarium" generation="117" popsize="200">
        <Item key="processed">100</Item>
        <Item key="total-processed">11900</Item>
        <Measure id="fitness">
          <Avg>-46.645</Avg>
          <Std>1.06519868626</Std>
          <Max>-46</Max>
          <Min>-51</Min>
        </Measure>
      </Stats>
    </Log>
    <Log>Evolving generation 118</Log>
    <Log>Applying main-loop operators to the 1st deme</Log>
    <Log>
      <Stats type="Stats" id="deme0" generation="118" popsize="200">
        <Item key="processed">100</Item>
        <Item key="total-processed">12000</Item>
        <Measure id="fitness">
          <Avg>-46.775</Avg>
          <Std>1.16238145773</Std>
          <Max>-46</Max>
          <Min>-51</Min>
        </Measure>
      </Stats>
    </Log>
    <Log>
      <Stats type="Stats" id="vivarium" generation="118" popsize="200">
        <Item key="processed">100</Item>
        <Item key="total-processed">12000</Item>
        <Measure id="fitness">
          <Avg>-46.775</Avg>
          <Std>1.16238145773</Std>
          <Max>-46</Max>
          <Min>-51</Min>
        </Measure>
      </Stats>
    </Log>
    <Log>Evolving generation 119</Log>
    <Log>Applying main-loop operators to the 1st deme</Log>
    <Log>
      <Stats type="Stats" id="deme0" generation="119" popsize="200">
        <Item key="processed">100</Item>
        <Item key="total-processed">12100</Item>
        <Measure id="fitness">
          <Avg>-46.71</Avg>
          <Std>1.08711041078</Std>
          <Max>-46</Max>
          <Min>-50</Min>
        </Measure>
      </Stats>
    </Log>
    <Log>
      <Stats type="Stats" id="vivarium" generation="119" popsize="200">
        <Item key="processed">100</Item>
        <Item key="total-processed">12100</Item>
        <Measure id="fitness">
          <Avg>-46.71</Avg>
          <Std>1.08711041078</Std>
          <Max>-46</Max>
          <Min>-50</Min>
        </Measure>
      </Stats>
    </Log>
    <Log>Evolving generation 120</Log>
    <Log>Applying main-loop operators to the 1st deme</Log>
    <Log>
      <Stats type="Stats" id="deme0" generation="120" popsize="200">
        <Item key="processed">100</Item>
        <Item key="total-processed">12200</Item>
        <Measure id="fitness">
          <Avg>-46.71</Avg>
          <Std>1.12348166664</Std>
          <Max>-46</Max>
          <Min>-50</Min>
        </Measure>
      </Stats>
    </Log>
    <Log>
      <Stats type="Stats" id="vivarium" generation="120" popsize="200">
        <Item key="processed">100</Item>
        <Item key="total-processed">12200</Item>
        <Measure id="fitness">
          <Avg>-46.71</Avg>
          <Std>1.12348166664</Std>
          <Max>-46</Max>
          <Min>-50</Min>
        </Measure>
      </Stats>
    </Log>
    <Log>Evolving generation 121</Log>
    <Log>Applying main-loop operators to the 1st deme</Log>
    <Log>
      <Stats type="Stats" id="deme0" generation="121" popsize="200">
        <Item key="processed">100</Item>
        <Item key="total-processed">12300</Item>
        <Measure id="fitness">
          <Avg>-46.73</Avg>
          <Std>1.13735123827</Std>
          <Max>-46</Max>
          <Min>-51</Min>
        </Measure>
      </Stats>
    </Log>
    <Log>
      <Stats type="Stats" id="vivarium" generation="121" popsize="200">
        <Item key="processed">100</Item>
        <Item key="total-processed">12300</Item>
        <Measure id="fitness">
          <Avg>-46.73</Avg>
          <Std>1.13735123827</Std>
          <Max>-46</Max>
          <Min>-51</Min>
        </Measure>
      </Stats>
    </Log>
    <Log>Evolving generation 122</Log>
    <Log>Applying main-loop operators to the 1st deme</Log>
    <Log>
      <Stats type="Stats" id="deme0" generation="122" popsize="200">
        <Item key="processed">100</Item>
        <Item key="total-processed">12400</Item>
        <Measure id="fitness">
          <Avg>-46.685</Avg>
          <Std>1.08242005055</Std>
          <Max>-46</Max>
          <Min>-52</Min>
        </Measure>
      </Stats>
    </Log>
    <Log>
      <Stats type="Stats" id="vivarium" generation="122" popsize="200">
        <Item key="processed">100</Item>
        <Item key="total-processed">12400</Item>
        <Measure id="fitness">
          <Avg>-46.685</Avg>
          <Std>1.08242005055</Std>
          <Max>-46</Max>
          <Min>-52</Min>
        </Measure>
      </Stats>
    </Log>
    <Log>Evolving generation 123</Log>
    <Log>Applying main-loop operators to the 1st deme</Log>
    <Log>
      <Stats type="Stats" id="deme0" generation="123" popsize="200">
        <Item key="processed">100</Item>
        <Item key="total-processed">12500</Item>
        <Measure id="fitness">
          <Avg>-46.665</Avg>
          <Std>1.10402416039</Std>
          <Max>-46</Max>
          <Min>-51</Min>
        </Measure>
      </Stats>
    </Log>
    <Log>
      <Stats type="Stats" id="vivarium" generation="123" popsize="200">
        <Item key="processed">100</Item>
        <Item key="total-processed">12500</Item>
        <Measure id="fitness">
          <Avg>-46.665</Avg>
          <Std>1.10402416039</Std>
          <Max>-46</Max>
          <Min>-51</Min>
        </Measure>
      </Stats>
    </Log>
    <Log>Evolving generation 124</Log>
    <Log>Applying main-loop operators to the 1st deme</Log>
    <Log>
      <Stats type="Stats" id="deme0" generation="124" popsize="200">
        <Item key="processed">100</Item>
        <Item key="total-processed">12600</Item>
        <Measure id="fitness">
          <Avg>-46.76</Avg>
          <Std>1.15719293006</Std>
          <Max>-46</Max>
          <Min>-51</Min>
        </Measure>
      </Stats>
    </Log>
    <Log>
      <Stats type="Stats" id="vivarium" generation="124" popsize="200">
        <Item key="processed">100</Item>
        <Item key="total-processed">12600</Item>
        <Measure id="fitness">
          <Avg>-46.76</Avg>
          <Std>1.15719293006</Std>
          <Max>-46</Max>
          <Min>-51</Min>
        </Measure>
      </Stats>
    </Log>
    <Log>Evolving generation 125</Log>
    <Log>Applying main-loop operators to the 1st deme</Log>
    <Log>
      <Stats type="Stats" id="deme0" generation="125" popsize="200">
        <Item key="processed">100</Item>
        <Item key="total-processed">12700</Item>
        <Measure id="fitness">
          <Avg>-46.785</Avg>
          <Std>1.11579568022</Std>
          <Max>-46</Max>
          <Min>-51</Min>
        </Measure>
      </Stats>
    </Log>
    <Log>
      <Stats type="Stats" id="vivarium" generation="125" popsize="200">
        <Item key="processed">100</Item>
        <Item key="total-processed">12700</Item>
        <Measure id="fitness">
          <Avg>-46.785</Avg>
          <Std>1.11579568022</Std>
          <Max>-46</Max>
          <Min>-51</Min>
        </Measure>
      </Stats>
    </Log>
    <Log>Evolving generation 126</Log>
    <Log>Applying main-loop operators to the 1st deme</Log>
    <Log>
      <Stats type="Stats" id="deme0" generation="126" popsize="200">
        <Item key="processed">100</Item>
        <Item key="total-processed">12800</Item>
        <Measure id="fitness">
          <Avg>-46.805</Avg>
          <Std>1.14170594389</Std>
          <Max>-46</Max>
          <Min>-50</Min>
        </Measure>
      </Stats>
    </Log>
    <Log>
      <Stats type="Stats" id="vivarium" generation="126" popsize="200">
        <Item key="processed">100</Item>
        <Item key="total-processed">12800</Item>
        <Measure id="fitness">
          <Avg>-46.805</Avg>
          <Std>1.14170594389</Std>
          <Max>-46</Max>
          <Min>-50</Min>
        </Measure>
      </Stats>
    </Log>
    <Log>Evolving generation 127</Log>
    <Log>Applying main-loop operators to the 1st deme</Log>
    <Log>
      <Stats type="Stats" id="deme0" generation="127" popsize="200">
        <Item key="processed">100</Item>
        <Item key="total-processed">12900</Item>
        <Measure id="fitness">
          <Avg>-46.73</Avg>
          <Std>1.11953867024</Std>
          <Max>-46</Max>
          <Min>-50</Min>
        </Measure>
      </Stats>
    </Log>
    <Log>
      <Stats type="Stats" id="vivarium" generation="127" popsize="200">
        <Item key="processed">100</Item>
        <Item key="total-processed">12900</Item>
        <Measure id="fitness">
          <Avg>-46.73</Avg>
          <Std>1.11953867024</Std>
          <Max>-46</Max>
          <Min>-50</Min>
        </Measure>
      </Stats>
    </Log>
    <Log>Evolving generation 128</Log>
    <Log>Applying main-loop operators to the 1st deme</Log>
    <Log>
      <Stats type="Stats" id="deme0" generation="128" popsize="200">
        <Item key="processed">100</Item>
        <Item key="total-processed">13000</Item>
        <Measure id="fitness">
          <Avg>-46.62</Avg>
          <Std>1.02019802985</Std>
          <Max>-46</Max>
          <Min>-50</Min>
        </Measure>
      </Stats>
    </Log>
    <Log>
      <Stats type="Stats" id="vivarium" generation="128" popsize="200">
        <Item key="processed">100</Item>
        <Item key="total-processed">13000</Item>
        <Measure id="fitness">
          <Avg>-46.62</Avg>
          <Std>1.02019802985</Std>
          <Max>-46</Max>
          <Min>-50</Min>
        </Measure>
      </Stats>
    </Log>
    <Log>Evolving generation 129</Log>
    <Log>Applying main-loop operators to the 1st deme</Log>
    <Log>
      <Stats type="Stats" id="deme0" generation="129" popsize="200">
        <Item key="processed">100</Item>
        <Item key="total-processed">13100</Item>
        <Measure id="fitness">
          <Avg>-46.64</Avg>
          <Std>1.07057491717</Std>
          <Max>-46</Max>
          <Min>-51</Min>
        </Measure>
      </Stats>
    </Log>
    <Log>
      <Stats type="Stats" id="vivarium" generation="129" popsize="200">
        <Item key="processed">100</Item>
        <Item key="total-processed">13100</Item>
        <Measure id="fitness">
          <Avg>-46.64</Avg>
          <Std>1.07057491717</Std>
          <Max>-46</Max>
          <Min>-51</Min>
        </Measure>
      </Stats>
    </Log>
    <Log>Evolving generation 130</Log>
    <Log>Applying main-loop operators to the 1st deme</Log>
    <Log>
      <Stats type="Stats" id="deme0" generation="130" popsize="200">
        <Item key="processed">100</Item>
        <Item key="total-processed">13200</Item>
        <Measure id="fitness">
          <Avg>-46.675</Avg>
          <Std>1.00719771454</Std>
          <Max>-46</Max>
          <Min>-50</Min>
        </Measure>
      </Stats>
    </Log>
    <Log>
      <Stats type="Stats" id="vivarium" generation="130" popsize="200">
        <Item key="processed">100</Item>
        <Item key="total-processed">13200</Item>
        <Measure id="fitness">
          <Avg>-46.675</Avg>
          <Std>1.00719771454</Std>
          <Max>-46</Max>
          <Min>-50</Min>
        </Measure>
      </Stats>
    </Log>
    <Log>Evolving generation 131</Log>
    <Log>Applying main-loop operators to the 1st deme</Log>
    <Log>
      <Stats type="Stats" id="deme0" generation="131" popsize="200">
        <Item key="processed">100</Item>
        <Item key="total-processed">13300</Item>
        <Measure id="fitness">
          <Avg>-46.64</Avg>
          <Std>1.02255960252</Std>
          <Max>-46</Max>
          <Min>-51</Min>
        </Measure>
      </Stats>
    </Log>
    <Log>
      <Stats type="Stats" id="vivarium" generation="131" popsize="200">
        <Item key="processed">100</Item>
        <Item key="total-processed">13300</Item>
        <Measure id="fitness">
          <Avg>-46.64</Avg>
          <Std>1.02255960252</Std>
          <Max>-46</Max>
          <Min>-51</Min>
        </Measure>
      </Stats>
    </Log>
    <Log>Evolving generation 132</Log>
    <Log>Applying main-loop operators to the 1st deme</Log>
    <Log>
      <Stats type="Stats" id="deme0" generation="132" popsize="200">
        <Item key="processed">100</Item>
        <Item key="total-processed">13400</Item>
        <Measure id="fitness">
          <Avg>-46.69</Avg>
          <Std>1.12258674722</Std>
          <Max>-46</Max>
          <Min>-51</Min>
        </Measure>
      </Stats>
    </Log>
    <Log>
      <Stats type="Stats" id="vivarium" generation="132" popsize="200">
        <Item key="processed">100</Item>
        <Item key="total-processed">13400</Item>
        <Measure id="fitness">
          <Avg>-46.69</Avg>
          <Std>1.12258674722</Std>
          <Max>-46</Max>
          <Min>-51</Min>
        </Measure>
      </Stats>
    </Log>
    <Log>Evolving generation 133</Log>
    <Log>Applying main-loop operators to the 1st deme</Log>
    <Log>
      <Stats type="Stats" id="deme0" generation="133" popsize="200">
        <Item key="processed">100</Item>
        <Item key="total-processed">13500</Item>
        <Measure id="fitness">
          <Avg>-46.715</Avg>
          <Std>1.0484614236</Std>
          <Max>-46</Max>
          <Min>-50</Min>
        </Measure>
      </Stats>
    </Log>
    <Log>
      <Stats type="Stats" id="vivarium" generation="133" popsize="200">
        <Item key="processed">100</Item>
        <Item key="total-processed">13500</Item>
        <Measure id="fitness">
          <Avg>-46.715</Avg>
          <Std>1.0484614236</Std>
          <Max>-46</Max>
          <Min>-50</Min>
        </Measure>
      </Stats>
    </Log>
    <Log>Evolving generation 134</Log>
    <Log>Applying main-loop operators to the 1st deme</Log>
    <Log>
      <Stats type="Stats" id="deme0" generation="134" popsize="200">
        <Item key="processed">100</Item>
        <Item key="total-processed">13600</Item>
        <Measure id="fitness">
          <Avg>-46.72</Avg>
          <Std>1.08048007197</Std>
          <Max>-46</Max>
          <Min>-50</Min>
        </Measure>
      </Stats>
    </Log>
    <Log>
      <Stats type="Stats" id="vivarium" generation="134" popsize="200">
        <Item key="processed">100</Item>
        <Item key="total-processed">13600</Item>
        <Measure id="fitness">
          <Avg>-46.72</Avg>
          <Std>1.08048007197</Std>
          <Max>-46</Max>
          <Min>-50</Min>
        </Measure>
      </Stats>
    </Log>
    <Log>Evolving generation 135</Log>
    <Log>Applying main-loop operators to the 1st deme</Log>
    <Log>
      <Stats type="Stats" id="deme0" generation="135" popsize="200">
        <Item key="processed">100</Item>
        <Item key="total-processed">13700</Item>
        <Measure id="fitness">
          <Avg>-46.655</Avg>
          <Std>0.943624467507</Std>
          <Max>-46</Max>
          <Min>-50</Min>
        </Measure>
      </Stats>
    </Log>
    <Log>
      <Stats type="Stats" id="vivarium" generation="135" popsize="200">
        <Item key="processed">100</Item>
        <Item key="total-processed">13700</Item>
        <Measure id="fitness">
          <Avg>-46.655</Avg>
          <Std>0.943624467507</Std>
          <Max>-46</Max>
          <Min>-50</Min>
        </Measure>
      </Stats>
    </Log>
    <Log>Evolving generation 136</Log>
    <Log>Applying main-loop operators to the 1st deme</Log>
    <Log>
      <Stats type="Stats" id="deme0" generation="136" popsize="200">
        <Item key="processed">100</Item>
        <Item key="total-processed">13800</Item>
        <Measure id="fitness">
          <Avg>-46.685</Avg>
          <Std>1.12342575506</Std>
          <Max>-46</Max>
          <Min>-51</Min>
        </Measure>
      </Stats>
    </Log>
    <Log>
      <Stats type="Stats" id="vivarium" generation="136" popsize="200">
        <Item key="processed">100</Item>
        <Item key="total-processed">13800</Item>
        <Measure id="fitness">
          <Avg>-46.685</Avg>
          <Std>1.12342575506</Std>
          <Max>-46</Max>
          <Min>-51</Min>
        </Measure>
      </Stats>
    </Log>
    <Log>Evolving generation 137</Log>
    <Log>Applying main-loop operators to the 1st deme</Log>
    <Log>
      <Stats type="Stats" id="deme0" generation="137" popsize="200">
        <Item key="processed">100</Item>
        <Item key="total-processed">13900</Item>
        <Measure id="fitness">
          <Avg>-46.73</Avg>
          <Std>1.05005383925</Std>
          <Max>-46</Max>
          <Min>-51</Min>
        </Measure>
      </Stats>
    </Log>
    <Log>
      <Stats type="Stats" id="vivarium" generation="137" popsize="200">
        <Item key="processed">100</Item>
        <Item key="total-processed">13900</Item>
        <Measure id="fitness">
          <Avg>-46.73</Avg>
          <Std>1.05005383925</Std>
          <Max>-46</Max>
          <Min>-51</Min>
        </Measure>
      </Stats>
    </Log>
    <Log>Evolving generation 138</Log>
    <Log>Applying main-loop operators to the 1st deme</Log>
    <Log>
      <Stats type="Stats" id="deme0" generation="138" popsize="200">
        <Item key="processed">100</Item>
        <Item key="total-processed">14000</Item>
        <Measure id="fitness">
          <Avg>-46.69</Avg>
          <Std>1.10453610172</Std>
          <Max>-46</Max>
          <Min>-51</Min>
        </Measure>
      </Stats>
    </Log>
    <Log>
      <Stats type="Stats" id="vivarium" generation="138" popsize="200">
        <Item key="processed">100</Item>
        <Item key="total-processed">14000</Item>
        <Measure id="fitness">
          <Avg>-46.69</Avg>
          <Std>1.10453610172</Std>
          <Max>-46</Max>
          <Min>-51</Min>
        </Measure>
      </Stats>
    </Log>
    <Log>Evolving generation 139</Log>
    <Log>Applying main-loop operators to the 1st deme</Log>
    <Log>
      <Stats type="Stats" id="deme0" generation="139" popsize="200">
        <Item key="processed">100</Item>
        <Item key="total-processed">14100</Item>
        <Measure id="fitness">
          <Avg>-46.785</Avg>
          <Std>1.18566606602</Std>
          <Max>-46</Max>
          <Min>-52</Min>
        </Measure>
      </Stats>
    </Log>
    <Log>
      <Stats type="Stats" id="vivarium" generation="139" popsize="200">
        <Item key="processed">100</Item>
        <Item key="total-processed">14100</Item>
        <Measure id="fitness">
          <Avg>-46.785</Avg>
          <Std>1.18566606602</Std>
          <Max>-46</Max>
          <Min>-52</Min>
        </Measure>
      </Stats>
    </Log>
    <Log>Evolving generation 140</Log>
    <Log>Applying main-loop operators to the 1st deme</Log>
    <Log>
      <Stats type="Stats" id="deme0" generation="140" popsize="200">
        <Item key="processed">100</Item>
        <Item key="total-processed">14200</Item>
        <Measure id="fitness">
          <Avg>-46.68</Avg>
          <Std>1.11075147725</Std>
          <Max>-46</Max>
          <Min>-51</Min>
        </Measure>
      </Stats>
    </Log>
    <Log>
      <Stats type="Stats" id="vivarium" generation="140" popsize="200">
        <Item key="processed">100</Item>
        <Item key="total-processed">14200</Item>
        <Measure id="fitness">
          <Avg>-46.68</Avg>
          <Std>1.11075147725</Std>
          <Max>-46</Max>
          <Min>-51</Min>
        </Measure>
      </Stats>
    </Log>
    <Log>Evolving generation 141</Log>
    <Log>Applying main-loop operators to the 1st deme</Log>
    <Log>
      <Stats type="Stats" id="deme0" generation="141" popsize="200">
        <Item key="processed">100</Item>
        <Item key="total-processed">14300</Item>
        <Measure id="fitness">
          <Avg>-46.735</Avg>
          <Std>1.08195570182</Std>
          <Max>-46</Max>
          <Min>-50</Min>
        </Measure>
      </Stats>
    </Log>
    <Log>
      <Stats type="Stats" id="vivarium" generation="141" popsize="200">
        <Item key="processed">100</Item>
        <Item key="total-processed">14300</Item>
        <Measure id="fitness">
          <Avg>-46.735</Avg>
          <Std>1.08195570182</Std>
          <Max>-46</Max>
          <Min>-50</Min>
        </Measure>
      </Stats>
    </Log>
    <Log>Evolving generation 142</Log>
    <Log>Applying main-loop operators to the 1st deme</Log>
    <Log>
      <Stats type="Stats" id="deme0" generation="142" popsize="200">
        <Item key="processed">100</Item>
        <Item key="total-processed">14400</Item>
        <Measure id="fitness">
          <Avg>-46.645</Avg>
          <Std>1.03650698679</Std>
          <Max>-46</Max>
          <Min>-50</Min>
        </Measure>
      </Stats>
    </Log>
    <Log>
      <Stats type="Stats" id="vivarium" generation="142" popsize="200">
        <Item key="processed">100</Item>
        <Item key="total-processed">14400</Item>
        <Measure id="fitness">
          <Avg>-46.645</Avg>
          <Std>1.03650698679</Std>
          <Max>-46</Max>
          <Min>-50</Min>
        </Measure>
      </Stats>
    </Log>
    <Log>Evolving generation 143</Log>
    <Log>Applying main-loop operators to the 1st deme</Log>
    <Log>
      <Stats type="Stats" id="deme0" generation="143" popsize="200">
        <Item key="processed">100</Item>
        <Item key="total-processed">14500</Item>
        <Measure id="fitness">
          <Avg>-46.74</Avg>
          <Std>1.07151327734</Std>
          <Max>-46</Max>
          <Min>-50</Min>
        </Measure>
      </Stats>
    </Log>
    <Log>
      <Stats type="Stats" id="vivarium" generation="143" popsize="200">
        <Item key="processed">100</Item>
        <Item key="total-processed">14500</Item>
        <Measure id="fitness">
          <Avg>-46.74</Avg>
          <Std>1.07151327734</Std>
          <Max>-46</Max>
          <Min>-50</Min>
        </Measure>
      </Stats>
    </Log>
    <Log>Evolving generation 144</Log>
    <Log>Applying main-loop operators to the 1st deme</Log>
    <Log>
      <Stats type="Stats" id="deme0" generation="144" popsize="200">
        <Item key="processed">100</Item>
        <Item key="total-processed">14600</Item>
        <Measure id="fitness">
          <Avg>-46.81</Avg>
          <Std>1.25769990269</Std>
          <Max>-46</Max>
          <Min>-51</Min>
        </Measure>
      </Stats>
    </Log>
    <Log>
      <Stats type="Stats" id="vivarium" generation="144" popsize="200">
        <Item key="processed">100</Item>
        <Item key="total-processed">14600</Item>
        <Measure id="fitness">
          <Avg>-46.81</Avg>
          <Std>1.25769990269</Std>
          <Max>-46</Max>
          <Min>-51</Min>
        </Measure>
      </Stats>
    </Log>
    <Log>Evolving generation 145</Log>
    <Log>Applying main-loop operators to the 1st deme</Log>
    <Log>
      <Stats type="Stats" id="deme0" generation="145" popsize="200">
        <Item key="processed">100</Item>
        <Item key="total-processed">14700</Item>
        <Measure id="fitness">
          <Avg>-46.755</Avg>
          <Std>1.12753343999</Std>
          <Max>-46</Max>
          <Min>-51</Min>
        </Measure>
      </Stats>
    </Log>
    <Log>
      <Stats type="Stats" id="vivarium" generation="145" popsize="200">
        <Item key="processed">100</Item>
        <Item key="total-processed">14700</Item>
        <Measure id="fitness">
          <Avg>-46.755</Avg>
          <Std>1.12753343999</Std>
          <Max>-46</Max>
          <Min>-51</Min>
        </Measure>
      </Stats>
    </Log>
    <Log>Evolving generation 146</Log>
    <Log>Applying main-loop operators to the 1st deme</Log>
    <Log>
      <Stats type="Stats" id="deme0" generation="146" popsize="200">
        <Item key="processed">100</Item>
        <Item key="total-processed">14800</Item>
        <Measure id="fitness">
          <Avg>-46.675</Avg>
          <Std>1.05591180917</Std>
          <Max>-46</Max>
          <Min>-51</Min>
        </Measure>
      </Stats>
    </Log>
    <Log>
      <Stats type="Stats" id="vivarium" generation="146" popsize="200">
        <Item key="processed">100</Item>
        <Item key="total-processed">14800</Item>
        <Measure id="fitness">
          <Avg>-46.675</Avg>
          <Std>1.05591180917</Std>
          <Max>-46</Max>
          <Min>-51</Min>
        </Measure>
      </Stats>
    </Log>
    <Log>Evolving generation 147</Log>
    <Log>Applying main-loop operators to the 1st deme</Log>
    <Log>
      <Stats type="Stats" id="deme0" generation="147" popsize="200">
        <Item key="processed">100</Item>
        <Item key="total-processed">14900</Item>
        <Measure id="fitness">
          <Avg>-46.69</Avg>
          <Std>1.07689298097</Std>
          <Max>-46</Max>
          <Min>-51</Min>
        </Measure>
      </Stats>
    </Log>
    <Log>
      <Stats type="Stats" id="vivarium" generation="147" popsize="200">
        <Item key="processed">100</Item>
        <Item key="total-processed">14900</Item>
        <Measure id="fitness">
          <Avg>-46.69</Avg>
          <Std>1.07689298097</Std>
          <Max>-46</Max>
          <Min>-51</Min>
        </Measure>
      </Stats>
    </Log>
    <Log>Evolving generation 148</Log>
    <Log>Applying main-loop operators to the 1st deme</Log>
    <Log>
      <Stats type="Stats" id="deme0" generation="148" popsize="200">
        <Item key="processed">100</Item>
        <Item key="total-processed">15000</Item>
        <Measure id="fitness">
          <Avg>-46.65</Avg>
          <Std>1.0162004313</Std>
          <Max>-46</Max>
          <Min>-52</Min>
        </Measure>
      </Stats>
    </Log>
    <Log>
      <Stats type="Stats" id="vivarium" generation="148" popsize="200">
        <Item key="processed">100</Item>
        <Item key="total-processed">15000</Item>
        <Measure id="fitness">
          <Avg>-46.65</Avg>
          <Std>1.0162004313</Std>
          <Max>-46</Max>
          <Min>-52</Min>
        </Measure>
      </Stats>
    </Log>
    <Log>Evolving generation 149</Log>
    <Log>Applying main-loop operators to the 1st deme</Log>
    <Log>
      <Stats type="Stats" id="deme0" generation="149" popsize="200">
        <Item key="processed">100</Item>
        <Item key="total-processed">15100</Item>
        <Measure id="fitness">
          <Avg>-46.9</Avg>
          <Std>1.2955276762</Std>
          <Max>-46</Max>
          <Min>-52</Min>
        </Measure>
      </Stats>
    </Log>
    <Log>
      <Stats type="Stats" id="vivarium" generation="149" popsize="200">
        <Item key="processed">100</Item>
        <Item key="total-processed">15100</Item>
        <Measure id="fitness">
          <Avg>-46.9</Avg>
          <Std>1.2955276762</Std>
          <Max>-46</Max>
          <Min>-52</Min>
        </Measure>
      </Stats>
    </Log>
    <Log>Evolving generation 150</Log>
    <Log>Applying main-loop operators to the 1st deme</Log>
    <Log>
      <Stats type="Stats" id="deme0" generation="150" popsize="200">
        <Item key="processed">100</Item>
        <Item key="total-processed">15200</Item>
        <Measure id="fitness">
          <Avg>-46.76</Avg>
          <Std>1.10385346052</Std>
          <Max>-46</Max>
          <Min>-51</Min>
        </Measure>
      </Stats>
    </Log>
    <Log>
      <Stats type="Stats" id="vivarium" generation="150" popsize="200">
        <Item key="processed">100</Item>
        <Item key="total-processed">15200</Item>
        <Measure id="fitness">
          <Avg>-46.76</Avg>
          <Std>1.10385346052</Std>
          <Max>-46</Max>
          <Min>-51</Min>
        </Measure>
      </Stats>
    </Log>
    <Log>Evolving generation 151</Log>
    <Log>Applying main-loop operators to the 1st deme</Log>
    <Log>
      <Stats type="Stats" id="deme0" generation="151" popsize="200">
        <Item key="processed">100</Item>
        <Item key="total-processed">15300</Item>
        <Measure id="fitness">
          <Avg>-46.665</Avg>
          <Std>1.0431759585</Std>
          <Max>-46</Max>
          <Min>-50</Min>
        </Measure>
      </Stats>
    </Log>
    <Log>
      <Stats type="Stats" id="vivarium" generation="151" popsize="200">
        <Item key="processed">100</Item>
        <Item key="total-processed">15300</Item>
        <Measure id="fitness">
          <Avg>-46.665</Avg>
          <Std>1.0431759585</Std>
          <Max>-46</Max>
          <Min>-50</Min>
        </Measure>
      </Stats>
    </Log>
    <Log>Evolving generation 152</Log>
    <Log>Applying main-loop operators to the 1st deme</Log>
    <Log>
      <Stats type="Stats" id="deme0" generation="152" popsize="200">
        <Item key="processed">100</Item>
        <Item key="total-processed">15400</Item>
        <Measure id="fitness">
          <Avg>-46.675</Avg>
          <Std>1.07477939772</Std>
          <Max>-46</Max>
          <Min>-50</Min>
        </Measure>
      </Stats>
    </Log>
    <Log>
      <Stats type="Stats" id="vivarium" generation="152" popsize="200">
        <Item key="processed">100</Item>
        <Item key="total-processed">15400</Item>
        <Measure id="fitness">
          <Avg>-46.675</Avg>
          <Std>1.07477939772</Std>
          <Max>-46</Max>
          <Min>-50</Min>
        </Measure>
      </Stats>
    </Log>
    <Log>Evolving generation 153</Log>
    <Log>Applying main-loop operators to the 1st deme</Log>
    <Log>
      <Stats type="Stats" id="deme0" generation="153" popsize="200">
        <Item key="processed">100</Item>
        <Item key="total-processed">15500</Item>
        <Measure id="fitness">
          <Avg>-46.65</Avg>
          <Std>1.01124332647</Std>
          <Max>-46</Max>
          <Min>-50</Min>
        </Measure>
      </Stats>
    </Log>
    <Log>
      <Stats type="Stats" id="vivarium" generation="153" popsize="200">
        <Item key="processed">100</Item>
        <Item key="total-processed">15500</Item>
        <Measure id="fitness">
          <Avg>-46.65</Avg>
          <Std>1.01124332647</Std>
          <Max>-46</Max>
          <Min>-50</Min>
        </Measure>
      </Stats>
    </Log>
    <Log>Evolving generation 154</Log>
    <Log>Applying main-loop operators to the 1st deme</Log>
    <Log>
      <Stats type="Stats" id="deme0" generation="154" popsize="200">
        <Item key="processed">100</Item>
        <Item key="total-processed">15600</Item>
        <Measure id="fitness">
          <Avg>-46.85</Avg>
          <Std>1.22679465504</Std>
          <Max>-46</Max>
          <Min>-52</Min>
        </Measure>
      </Stats>
    </Log>
    <Log>
      <Stats type="Stats" id="vivarium" generation="154" popsize="200">
        <Item key="processed">100</Item>
        <Item key="total-processed">15600</Item>
        <Measure id="fitness">
          <Avg>-46.85</Avg>
          <Std>1.22679465504</Std>
          <Max>-46</Max>
          <Min>-52</Min>
        </Measure>
      </Stats>
    </Log>
    <Log>Evolving generation 155</Log>
    <Log>Applying main-loop operators to the 1st deme</Log>
    <Log>
      <Stats type="Stats" id="deme0" generation="155" popsize="200">
        <Item key="processed">100</Item>
        <Item key="total-processed">15700</Item>
        <Measure id="fitness">
          <Avg>-46.855</Avg>
          <Std>1.22944404644</Std>
          <Max>-46</Max>
          <Min>-52</Min>
        </Measure>
      </Stats>
    </Log>
    <Log>
      <Stats type="Stats" id="vivarium" generation="155" popsize="200">
        <Item key="processed">100</Item>
        <Item key="total-processed">15700</Item>
        <Measure id="fitness">
          <Avg>-46.855</Avg>
          <Std>1.22944404644</Std>
          <Max>-46</Max>
          <Min>-52</Min>
        </Measure>
      </Stats>
    </Log>
    <Log>Evolving generation 156</Log>
    <Log>Applying main-loop operators to the 1st deme</Log>
    <Log>
      <Stats type="Stats" id="deme0" generation="156" popsize="200">
        <Item key="processed">100</Item>
        <Item key="total-processed">15800</Item>
        <Measure id="fitness">
          <Avg>-46.845</Avg>
          <Std>1.16091066316</Std>
          <Max>-46</Max>
          <Min>-51</Min>
        </Measure>
      </Stats>
    </Log>
    <Log>
      <Stats type="Stats" id="vivarium" generation="156" popsize="200">
        <Item key="processed">100</Item>
        <Item key="total-processed">15800</Item>
        <Measure id="fitness">
          <Avg>-46.845</Avg>
          <Std>1.16091066316</Std>
          <Max>-46</Max>
          <Min>-51</Min>
        </Measure>
      </Stats>
    </Log>
    <Log>Evolving generation 157</Log>
    <Log>Applying main-loop operators to the 1st deme</Log>
    <Log>
      <Stats type="Stats" id="deme0" generation="157" popsize="200">
        <Item key="processed">100</Item>
        <Item key="total-processed">15900</Item>
        <Measure id="fitness">
          <Avg>-46.67</Avg>
          <Std>0.992990508894</Std>
          <Max>-46</Max>
          <Min>-50</Min>
        </Measure>
      </Stats>
    </Log>
    <Log>
      <Stats type="Stats" id="vivarium" generation="157" popsize="200">
        <Item key="processed">100</Item>
        <Item key="total-processed">15900</Item>
        <Measure id="fitness">
          <Avg>-46.67</Avg>
          <Std>0.992990508894</Std>
          <Max>-46</Max>
          <Min>-50</Min>
        </Measure>
      </Stats>
    </Log>
    <Log>Evolving generation 158</Log>
    <Log>Applying main-loop operators to the 1st deme</Log>
    <Log>
      <Stats type="Stats" id="deme0" generation="158" popsize="200">
        <Item key="processed">100</Item>
        <Item key="total-processed">16000</Item>
        <Measure id="fitness">
          <Avg>-46.68</Avg>
          <Std>1.06454982582</Std>
          <Max>-46</Max>
          <Min>-51</Min>
        </Measure>
      </Stats>
    </Log>
    <Log>
      <Stats type="Stats" id="vivarium" generation="158" popsize="200">
        <Item key="processed">100</Item>
        <Item key="total-processed">16000</Item>
        <Measure id="fitness">
          <Avg>-46.68</Avg>
          <Std>1.06454982582</Std>
          <Max>-46</Max>
          <Min>-51</Min>
        </Measure>
      </Stats>
    </Log>
    <Log>Evolving generation 159</Log>
    <Log>Applying main-loop operators to the 1st deme</Log>
    <Log>
      <Stats type="Stats" id="deme0" generation="159" popsize="200">
        <Item key="processed">100</Item>
        <Item key="total-processed">16100</Item>
        <Measure id="fitness">
          <Avg>-46.825</Avg>
          <Std>1.25788967408</Std>
          <Max>-46</Max>
          <Min>-51</Min>
        </Measure>
      </Stats>
    </Log>
    <Log>
      <Stats type="Stats" id="vivarium" generation="159" popsize="200">
        <Item key="processed">100</Item>
        <Item key="total-processed">16100</Item>
        <Measure id="fitness">
          <Avg>-46.825</Avg>
          <Std>1.25788967408</Std>
          <Max>-46</Max>
          <Min>-51</Min>
        </Measure>
      </Stats>
    </Log>
    <Log>Evolving generation 160</Log>
    <Log>Applying main-loop operators to the 1st deme</Log>
    <Log>
      <Stats type="Stats" id="deme0" generation="160" popsize="200">
        <Item key="processed">100</Item>
        <Item key="total-processed">16200</Item>
        <Measure id="fitness">
          <Avg>-46.67</Avg>
          <Std>1.03268202309</Std>
          <Max>-46</Max>
          <Min>-51</Min>
        </Measure>
      </Stats>
    </Log>
    <Log>
      <Stats type="Stats" id="vivarium" generation="160" popsize="200">
        <Item key="processed">100</Item>
        <Item key="total-processed">16200</Item>
        <Measure id="fitness">
          <Avg>-46.67</Avg>
          <Std>1.03268202309</Std>
          <Max>-46</Max>
          <Min>-51</Min>
        </Measure>
      </Stats>
    </Log>
    <Log>Evolving generation 161</Log>
    <Log>Applying main-loop operators to the 1st deme</Log>
    <Log>
      <Stats type="Stats" id="deme0" generation="161" popsize="200">
        <Item key="processed">100</Item>
        <Item key="total-processed">16300</Item>
        <Measure id="fitness">
          <Avg>-46.81</Avg>
          <Std>1.19205915337</Std>
          <Max>-46</Max>
          <Min>-51</Min>
        </Measure>
      </Stats>
    </Log>
    <Log>
      <Stats type="Stats" id="vivarium" generation="161" popsize="200">
        <Item key="processed">100</Item>
        <Item key="total-processed">16300</Item>
        <Measure id="fitness">
          <Avg>-46.81</Avg>
          <Std>1.19205915337</Std>
          <Max>-46</Max>
          <Min>-51</Min>
        </Measure>
      </Stats>
    </Log>
    <Log>Evolving generation 162</Log>
    <Log>Applying main-loop operators to the 1st deme</Log>
    <Log>
      <Stats type="Stats" id="deme0" generation="162" popsize="200">
        <Item key="processed">100</Item>
        <Item key="total-processed">16400</Item>
        <Measure id="fitness">
          <Avg>-46.635</Avg>
          <Std>1.02813437911</Std>
          <Max>-46</Max>
          <Min>-51</Min>
        </Measure>
      </Stats>
    </Log>
    <Log>
      <Stats type="Stats" id="vivarium" generation="162" popsize="200">
        <Item key="processed">100</Item>
        <Item key="total-processed">16400</Item>
        <Measure id="fitness">
          <Avg>-46.635</Avg>
          <Std>1.02813437911</Std>
          <Max>-46</Max>
          <Min>-51</Min>
        </Measure>
      </Stats>
    </Log>
    <Log>Evolving generation 163</Log>
    <Log>Applying main-loop operators to the 1st deme</Log>
    <Log>
      <Stats type="Stats" id="deme0" generation="163" popsize="200">
        <Item key="processed">100</Item>
        <Item key="total-processed">16500</Item>
        <Measure id="fitness">
          <Avg>-46.835</Avg>
          <Std>1.21041336018</Std>
          <Max>-46</Max>
          <Min>-51</Min>
        </Measure>
      </Stats>
    </Log>
    <Log>
      <Stats type="Stats" id="vivarium" generation="163" popsize="200">
        <Item key="processed">100</Item>
        <Item key="total-processed">16500</Item>
        <Measure id="fitness">
          <Avg>-46.835</Avg>
          <Std>1.21041336018</Std>
          <Max>-46</Max>
          <Min>-51</Min>
        </Measure>
      </Stats>
    </Log>
    <Log>Evolving generation 164</Log>
    <Log>Applying main-loop operators to the 1st deme</Log>
    <Log>
      <Stats type="Stats" id="deme0" generation="164" popsize="200">
        <Item key="processed">100</Item>
        <Item key="total-processed">16600</Item>
        <Measure id="fitness">
          <Avg>-46.795</Avg>
          <Std>1.16609342222</Std>
          <Max>-46</Max>
          <Min>-51</Min>
        </Measure>
      </Stats>
    </Log>
    <Log>
      <Stats type="Stats" id="vivarium" generation="164" popsize="200">
        <Item key="processed">100</Item>
        <Item key="total-processed">16600</Item>
        <Measure id="fitness">
          <Avg>-46.795</Avg>
          <Std>1.16609342222</Std>
          <Max>-46</Max>
          <Min>-51</Min>
        </Measure>
      </Stats>
    </Log>
    <Log>Evolving generation 165</Log>
    <Log>Applying main-loop operators to the 1st deme</Log>
    <Log>
      <Stats type="Stats" id="deme0" generation="165" popsize="200">
        <Item key="processed">100</Item>
        <Item key="total-processed">16700</Item>
        <Measure id="fitness">
          <Avg>-46.75</Avg>
          <Std>1.10162055137</Std>
          <Max>-46</Max>
          <Min>-51</Min>
        </Measure>
      </Stats>
    </Log>
    <Log>
      <Stats type="Stats" id="vivarium" generation="165" popsize="200">
        <Item key="processed">100</Item>
        <Item key="total-processed">16700</Item>
        <Measure id="fitness">
          <Avg>-46.75</Avg>
          <Std>1.10162055137</Std>
          <Max>-46</Max>
          <Min>-51</Min>
        </Measure>
      </Stats>
    </Log>
    <Log>Evolving generation 166</Log>
    <Log>Applying main-loop operators to the 1st deme</Log>
    <Log>
      <Stats type="Stats" id="deme0" generation="166" popsize="200">
        <Item key="processed">100</Item>
        <Item key="total-processed">16800</Item>
        <Measure id="fitness">
          <Avg>-46.795</Avg>
          <Std>1.20007328084</Std>
          <Max>-46</Max>
          <Min>-51</Min>
        </Measure>
      </Stats>
    </Log>
    <Log>
      <Stats type="Stats" id="vivarium" generation="166" popsize="200">
        <Item key="processed">100</Item>
        <Item key="total-processed">16800</Item>
        <Measure id="fitness">
          <Avg>-46.795</Avg>
          <Std>1.20007328084</Std>
          <Max>-46</Max>
          <Min>-51</Min>
        </Measure>
      </Stats>
    </Log>
    <Log>Evolving generation 167</Log>
    <Log>Applying main-loop operators to the 1st deme</Log>
    <Log>
      <Stats type="Stats" id="deme0" generation="167" popsize="200">
        <Item key="processed">100</Item>
        <Item key="total-processed">16900</Item>
        <Measure id="fitness">
          <Avg>-46.785</Avg>
          <Std>1.11128292921</Std>
          <Max>-46</Max>
          <Min>-51</Min>
        </Measure>
      </Stats>
    </Log>
    <Log>
      <Stats type="Stats" id="vivarium" generation="167" popsize="200">
        <Item key="processed">100</Item>
        <Item key="total-processed">16900</Item>
        <Measure id="fitness">
          <Avg>-46.785</Avg>
          <Std>1.11128292921</Std>
          <Max>-46</Max>
          <Min>-51</Min>
        </Measure>
      </Stats>
    </Log>
    <Log>Evolving generation 168</Log>
    <Log>Applying main-loop operators to the 1st deme</Log>
    <Log>
      <Stats type="Stats" id="deme0" generation="168" popsize="200">
        <Item key="processed">100</Item>
        <Item key="total-processed">17000</Item>
        <Measure id="fitness">
          <Avg>-46.735</Avg>
          <Std>1.13189262058</Std>
          <Max>-46</Max>
          <Min>-51</Min>
        </Measure>
      </Stats>
    </Log>
    <Log>
      <Stats type="Stats" id="vivarium" generation="168" popsize="200">
        <Item key="processed">100</Item>
        <Item key="total-processed">17000</Item>
        <Measure id="fitness">
          <Avg>-46.735</Avg>
          <Std>1.13189262058</Std>
          <Max>-46</Max>
          <Min>-51</Min>
        </Measure>
      </Stats>
    </Log>
    <Log>Evolving generation 169</Log>
    <Log>Applying main-loop operators to the 1st deme</Log>
    <Log>
      <Stats type="Stats" id="deme0" generation="169" popsize="200">
        <Item key="processed">100</Item>
        <Item key="total-processed">17100</Item>
        <Measure id="fitness">
          <Avg>-46.72</Avg>
          <Std>1.10803370593</Std>
          <Max>-46</Max>
          <Min>-51</Min>
        </Measure>
      </Stats>
    </Log>
    <Log>
      <Stats type="Stats" id="vivarium" generation="169" popsize="200">
        <Item key="processed">100</Item>
        <Item key="total-processed">17100</Item>
        <Measure id="fitness">
          <Avg>-46.72</Avg>
          <Std>1.10803370593</Std>
          <Max>-46</Max>
          <Min>-51</Min>
        </Measure>
      </Stats>
    </Log>
    <Log>Evolving generation 170</Log>
    <Log>Applying main-loop operators to the 1st deme</Log>
    <Log>
      <Stats type="Stats" id="deme0" generation="170" popsize="200">
        <Item key="processed">100</Item>
        <Item key="total-processed">17200</Item>
        <Measure id="fitness">
          <Avg>-46.675</Avg>
          <Std>1.06066017178</Std>
          <Max>-46</Max>
          <Min>-50</Min>
        </Measure>
      </Stats>
    </Log>
    <Log>
      <Stats type="Stats" id="vivarium" generation="170" popsize="200">
        <Item key="processed">100</Item>
        <Item key="total-processed">17200</Item>
        <Measure id="fitness">
          <Avg>-46.675</Avg>
          <Std>1.06066017178</Std>
          <Max>-46</Max>
          <Min>-50</Min>
        </Measure>
      </Stats>
    </Log>
    <Log>Evolving generation 171</Log>
    <Log>Applying main-loop operators to the 1st deme</Log>
    <Log>
      <Stats type="Stats" id="deme0" generation="171" popsize="200">
        <Item key="processed">100</Item>
        <Item key="total-processed">17300</Item>
        <Measure id="fitness">
          <Avg>-46.73</Avg>
          <Std>1.11052525035</Std>
          <Max>-46</Max>
          <Min>-51</Min>
        </Measure>
      </Stats>
    </Log>
    <Log>
      <Stats type="Stats" id="vivarium" generation="171" popsize="200">
        <Item key="processed">100</Item>
        <Item key="total-processed">17300</Item>
        <Measure id="fitness">
          <Avg>-46.73</Avg>
          <Std>1.11052525035</Std>
          <Max>-46</Max>
          <Min>-51</Min>
        </Measure>
      </Stats>
    </Log>
    <Log>Evolving generation 172</Log>
    <Log>Applying main-loop operators to the 1st deme</Log>
    <Log>
      <Stats type="Stats" id="deme0" generation="172" popsize="200">
        <Item key="processed">100</Item>
        <Item key="total-processed">17400</Item>
        <Measure id="fitness">
          <Avg>-46.655</Avg>
          <Std>1.08714507869</Std>
          <Max>-46</Max>
          <Min>-51</Min>
        </Measure>
      </Stats>
    </Log>
    <Log>
      <Stats type="Stats" id="vivarium" generation="172" popsize="200">
        <Item key="processed">100</Item>
        <Item key="total-processed">17400</Item>
        <Measure id="fitness">
          <Avg>-46.655</Avg>
          <Std>1.08714507869</Std>
          <Max>-46</Max>
          <Min>-51</Min>
        </Measure>
      </Stats>
    </Log>
    <Log>Evolving generation 173</Log>
    <Log>Applying main-loop operators to the 1st deme</Log>
    <Log>
      <Stats type="Stats" id="deme0" generation="173" popsize="200">
        <Item key="processed">100</Item>
        <Item key="total-processed">17500</Item>
        <Measure id="fitness">
          <Avg>-46.71</Avg>
          <Std>1.08247808013</Std>
          <Max>-46</Max>
          <Min>-51</Min>
        </Measure>
      </Stats>
    </Log>
    <Log>
      <Stats type="Stats" id="vivarium" generation="173" popsize="200">
        <Item key="processed">100</Item>
        <Item key="total-processed">17500</Item>
        <Measure id="fitness">
          <Avg>-46.71</Avg>
          <Std>1.08247808013</Std>
          <Max>-46</Max>
          <Min>-51</Min>
        </Measure>
      </Stats>
    </Log>
    <Log>Evolving generation 174</Log>
    <Log>Applying main-loop operators to the 1st deme</Log>
    <Log>
      <Stats type="Stats" id="deme0" generation="174" popsize="200">
        <Item key="processed">100</Item>
        <Item key="total-processed">17600</Item>
        <Measure id="fitness">
          <Avg>-46.74</Avg>
          <Std>1.12191508918</Std>
          <Max>-46</Max>
          <Min>-52</Min>
        </Measure>
      </Stats>
    </Log>
    <Log>
      <Stats type="Stats" id="vivarium" generation="174" popsize="200">
        <Item key="processed">100</Item>
        <Item key="total-processed">17600</Item>
        <Measure id="fitness">
          <Avg>-46.74</Avg>
          <Std>1.12191508918</Std>
          <Max>-46</Max>
          <Min>-52</Min>
        </Measure>
      </Stats>
    </Log>
    <Log>Evolving generation 175</Log>
    <Log>Applying main-loop operators to the 1st deme</Log>
    <Log>
      <Stats type="Stats" id="deme0" generation="175" popsize="200">
        <Item key="processed">100</Item>
        <Item key="total-processed">17700</Item>
        <Measure id="fitness">
          <Avg>-46.685</Avg>
          <Std>1.05419716291</Std>
          <Max>-46</Max>
          <Min>-50</Min>
        </Measure>
      </Stats>
    </Log>
    <Log>
      <Stats type="Stats" id="vivarium" generation="175" popsize="200">
        <Item key="processed">100</Item>
        <Item key="total-processed">17700</Item>
        <Measure id="fitness">
          <Avg>-46.685</Avg>
          <Std>1.05419716291</Std>
          <Max>-46</Max>
          <Min>-50</Min>
        </Measure>
      </Stats>
    </Log>
    <Log>Evolving generation 176</Log>
    <Log>Applying main-loop operators to the 1st deme</Log>
    <Log>
      <Stats type="Stats" id="deme0" generation="176" popsize="200">
        <Item key="processed">100</Item>
        <Item key="total-processed">17800</Item>
        <Measure id="fitness">
          <Avg>-46.71</Avg>
          <Std>1.05901252952</Std>
          <Max>-46</Max>
          <Min>-51</Min>
        </Measure>
      </Stats>
    </Log>
    <Log>
      <Stats type="Stats" id="vivarium" generation="176" popsize="200">
        <Item key="processed">100</Item>
        <Item key="total-processed">17800</Item>
        <Measure id="fitness">
          <Avg>-46.71</Avg>
          <Std>1.05901252952</Std>
          <Max>-46</Max>
          <Min>-51</Min>
        </Measure>
      </Stats>
    </Log>
    <Log>Evolving generation 177</Log>
    <Log>Applying main-loop operators to the 1st deme</Log>
    <Log>
      <Stats type="Stats" id="deme0" generation="177" popsize="200">
        <Item key="processed">100</Item>
        <Item key="total-processed">17900</Item>
        <Measure id="fitness">
          <Avg>-46.725</Avg>
          <Std>1.14276179609</Std>
          <Max>-46</Max>
          <Min>-51</Min>
        </Measure>
      </Stats>
    </Log>
    <Log>
      <Stats type="Stats" id="vivarium" generation="177" popsize="200">
        <Item key="processed">100</Item>
        <Item key="total-processed">17900</Item>
        <Measure id="fitness">
          <Avg>-46.725</Avg>
          <Std>1.14276179609</Std>
          <Max>-46</Max>
          <Min>-51</Min>
        </Measure>
      </Stats>
    </Log>
    <Log>Evolving generation 178</Log>
    <Log>Applying main-loop operators to the 1st deme</Log>
    <Log>
      <Stats type="Stats" id="deme0" generation="178" popsize="200">
        <Item key="processed">100</Item>
        <Item key="total-processed">18000</Item>
        <Measure id="fitness">
          <Avg>-46.785</Avg>
          <Std>1.09763336091</Std>
          <Max>-46</Max>
          <Min>-50</Min>
        </Measure>
      </Stats>
    </Log>
    <Log>
      <Stats type="Stats" id="vivarium" generation="178" popsize="200">
        <Item key="processed">100</Item>
        <Item key="total-processed">18000</Item>
        <Measure id="fitness">
          <Avg>-46.785</Avg>
          <Std>1.09763336091</Std>
          <Max>-46</Max>
          <Min>-50</Min>
        </Measure>
      </Stats>
    </Log>
    <Log>Evolving generation 179</Log>
    <Log>Applying main-loop operators to the 1st deme</Log>
    <Log>
      <Stats type="Stats" id="deme0" generation="179" popsize="200">
        <Item key="processed">100</Item>
        <Item key="total-processed">18100</Item>
        <Measure id="fitness">
          <Avg>-46.805</Avg>
          <Std>1.12842443635</Std>
          <Max>-46</Max>
          <Min>-51</Min>
        </Measure>
      </Stats>
    </Log>
    <Log>
      <Stats type="Stats" id="vivarium" generation="179" popsize="200">
        <Item key="processed">100</Item>
        <Item key="total-processed">18100</Item>
        <Measure id="fitness">
          <Avg>-46.805</Avg>
          <Std>1.12842443635</Std>
          <Max>-46</Max>
          <Min>-51</Min>
        </Measure>
      </Stats>
    </Log>
    <Log>Evolving generation 180</Log>
    <Log>Applying main-loop operators to the 1st deme</Log>
    <Log>
      <Stats type="Stats" id="deme0" generation="180" popsize="200">
        <Item key="processed">100</Item>
        <Item key="total-processed">18200</Item>
        <Measure id="fitness">
          <Avg>-46.615</Avg>
          <Std>0.980603342118</Std>
          <Max>-46</Max>
          <Min>-50</Min>
        </Measure>
      </Stats>
    </Log>
    <Log>
      <Stats type="Stats" id="vivarium" generation="180" popsize="200">
        <Item key="processed">100</Item>
        <Item key="total-processed">18200</Item>
        <Measure id="fitness">
          <Avg>-46.615</Avg>
          <Std>0.980603342118</Std>
          <Max>-46</Max>
          <Min>-50</Min>
        </Measure>
      </Stats>
    </Log>
    <Log>Evolving generation 181</Log>
    <Log>Applying main-loop operators to the 1st deme</Log>
    <Log>
      <Stats type="Stats" id="deme0" generation="181" popsize="200">
        <Item key="processed">100</Item>
        <Item key="total-processed">18300</Item>
        <Measure id="fitness">
          <Avg>-46.585</Avg>
          <Std>0.978551385503</Std>
          <Max>-46</Max>
          <Min>-50</Min>
        </Measure>
      </Stats>
    </Log>
    <Log>
      <Stats type="Stats" id="vivarium" generation="181" popsize="200">
        <Item key="processed">100</Item>
        <Item key="total-processed">18300</Item>
        <Measure id="fitness">
          <Avg>-46.585</Avg>
          <Std>0.978551385503</Std>
          <Max>-46</Max>
          <Min>-50</Min>
        </Measure>
      </Stats>
    </Log>
    <Log>Evolving generation 182</Log>
    <Log>Applying main-loop operators to the 1st deme</Log>
    <Log>
      <Stats type="Stats" id="deme0" generation="182" popsize="200">
        <Item key="processed">100</Item>
        <Item key="total-processed">18400</Item>
        <Measure id="fitness">
          <Avg>-46.745</Avg>
          <Std>1.11182542645</Std>
          <Max>-46</Max>
          <Min>-51</Min>
        </Measure>
      </Stats>
    </Log>
    <Log>
      <Stats type="Stats" id="vivarium" generation="182" popsize="200">
        <Item key="processed">100</Item>
        <Item key="total-processed">18400</Item>
        <Measure id="fitness">
          <Avg>-46.745</Avg>
          <Std>1.11182542645</Std>
          <Max>-46</Max>
          <Min>-51</Min>
        </Measure>
      </Stats>
    </Log>
    <Log>Evolving generation 183</Log>
    <Log>Applying main-loop operators to the 1st deme</Log>
    <Log>
      <Stats type="Stats" id="deme0" generation="183" popsize="200">
        <Item key="processed">100</Item>
        <Item key="total-processed">18500</Item>
        <Measure id="fitness">
          <Avg>-46.785</Avg>
          <Std>1.12922573198</Std>
          <Max>-46</Max>
          <Min>-50</Min>
        </Measure>
      </Stats>
    </Log>
    <Log>
      <Stats type="Stats" id="vivarium" generation="183" popsize="200">
        <Item key="processed">100</Item>
        <Item key="total-processed">18500</Item>
        <Measure id="fitness">
          <Avg>-46.785</Avg>
          <Std>1.12922573198</Std>
          <Max>-46</Max>
          <Min>-50</Min>
        </Measure>
      </Stats>
    </Log>
    <Log>Evolving generation 184</Log>
    <Log>Applying main-loop operators to the 1st deme</Log>
    <Log>
      <Stats type="Stats" id="deme0" generation="184" popsize="200">
        <Item key="processed">100</Item>
        <Item key="total-processed">18600</Item>
        <Measure id="fitness">
          <Avg>-46.735</Avg>
          <Std>1.18820628296</Std>
          <Max>-46</Max>
          <Min>-51</Min>
        </Measure>
      </Stats>
    </Log>
    <Log>
      <Stats type="Stats" id="vivarium" generation="184" popsize="200">
        <Item key="processed">100</Item>
        <Item key="total-processed">18600</Item>
        <Measure id="fitness">
          <Avg>-46.735</Avg>
          <Std>1.18820628296</Std>
          <Max>-46</Max>
          <Min>-51</Min>
        </Measure>
      </Stats>
    </Log>
    <Log>Evolving generation 185</Log>
    <Log>Applying main-loop operators to the 1st deme</Log>
    <Log>
      <Stats type="Stats" id="deme0" generation="185" popsize="200">
        <Item key="processed">100</Item>
        <Item key="total-processed">18700</Item>
        <Measure id="fitness">
          <Avg>-46.71</Avg>
          <Std>1.09172308599</Std>
          <Max>-46</Max>
          <Min>-50</Min>
        </Measure>
      </Stats>
    </Log>
    <Log>
      <Stats type="Stats" id="vivarium" generation="185" popsize="200">
        <Item key="processed">100</Item>
        <Item key="total-processed">18700</Item>
        <Measure id="fitness">
          <Avg>-46.71</Avg>
          <Std>1.09172308599</Std>
          <Max>-46</Max>
          <Min>-50</Min>
        </Measure>
      </Stats>
    </Log>
    <Log>Evolving generation 186</Log>
    <Log>Applying main-loop operators to the 1st deme</Log>
    <Log>
      <Stats type="Stats" id="deme0" generation="186" popsize="200">
        <Item key="processed">100</Item>
        <Item key="total-processed">18800</Item>
        <Measure id="fitness">
          <Avg>-46.67</Avg>
          <Std>1.022903543</Std>
          <Max>-46</Max>
          <Min>-50</Min>
        </Measure>
      </Stats>
    </Log>
    <Log>
      <Stats type="Stats" id="vivarium" generation="186" popsize="200">
        <Item key="processed">100</Item>
        <Item key="total-processed">18800</Item>
        <Measure id="fitness">
          <Avg>-46.67</Avg>
          <Std>1.022903543</Std>
          <Max>-46</Max>
          <Min>-50</Min>
        </Measure>
      </Stats>
    </Log>
    <Log>Evolving generation 187</Log>
    <Log>Applying main-loop operators to the 1st deme</Log>
    <Log>
      <Stats type="Stats" id="deme0" generation="187" popsize="200">
        <Item key="processed">100</Item>
        <Item key="total-processed">18900</Item>
        <Measure id="fitness">
          <Avg>-46.66</Avg>
          <Std>1.06775488878</Std>
          <Max>-46</Max>
          <Min>-51</Min>
        </Measure>
      </Stats>
    </Log>
    <Log>
      <Stats type="Stats" id="vivarium" generation="187" popsize="200">
        <Item key="processed">100</Item>
        <Item key="total-processed">18900</Item>
        <Measure id="fitness">
          <Avg>-46.66</Avg>
          <Std>1.06775488878</Std>
          <Max>-46</Max>
          <Min>-51</Min>
        </Measure>
      </Stats>
    </Log>
    <Log>Evolving generation 188</Log>
    <Log>Applying main-loop operators to the 1st deme</Log>
    <Log>
      <Stats type="Stats" id="deme0" generation="188" popsize="200">
        <Item key="processed">100</Item>
        <Item key="total-processed">19000</Item>
        <Measure id="fitness">
          <Avg>-46.795</Avg>
          <Std>1.18744478845</Std>
          <Max>-46</Max>
          <Min>-51</Min>
        </Measure>
      </Stats>
    </Log>
    <Log>
      <Stats type="Stats" id="vivarium" generation="188" popsize="200">
        <Item key="processed">100</Item>
        <Item key="total-processed">19000</Item>
        <Measure id="fitness">
          <Avg>-46.795</Avg>
          <Std>1.18744478845</Std>
          <Max>-46</Max>
          <Min>-51</Min>
        </Measure>
      </Stats>
    </Log>
    <Log>Evolving generation 189</Log>
    <Log>Applying main-loop operators to the 1st deme</Log>
    <Log>
      <Stats type="Stats" id="deme0" generation="189" popsize="200">
        <Item key="processed">100</Item>
        <Item key="total-processed">19100</Item>
        <Measure id="fitness">
          <Avg>-46.82</Avg>
          <Std>1.24311167365</Std>
          <Max>-46</Max>
          <Min>-51</Min>
        </Measure>
      </Stats>
    </Log>
    <Log>
      <Stats type="Stats" id="vivarium" generation="189" popsize="200">
        <Item key="processed">100</Item>
        <Item key="total-processed">19100</Item>
        <Measure id="fitness">
          <Avg>-46.82</Avg>
          <Std>1.24311167365</Std>
          <Max>-46</Max>
          <Min>-51</Min>
        </Measure>
      </Stats>
    </Log>
    <Log>Evolving generation 190</Log>
    <Log>Applying main-loop operators to the 1st deme</Log>
    <Log>
      <Stats type="Stats" id="deme0" generation="190" popsize="200">
        <Item key="processed">100</Item>
        <Item key="total-processed">19200</Item>
        <Measure id="fitness">
          <Avg>-46.72</Avg>
          <Std>1.11255963648</Std>
          <Max>-46</Max>
          <Min>-51</Min>
        </Measure>
      </Stats>
    </Log>
    <Log>
      <Stats type="Stats" id="vivarium" generation="190" popsize="200">
        <Item key="processed">100</Item>
        <Item key="total-processed">19200</Item>
        <Measure id="fitness">
          <Avg>-46.72</Avg>
          <Std>1.11255963648</Std>
          <Max>-46</Max>
          <Min>-51</Min>
        </Measure>
      </Stats>
    </Log>
    <Log>Evolving generation 191</Log>
    <Log>Applying main-loop operators to the 1st deme</Log>
    <Log>
      <Stats type="Stats" id="deme0" generation="191" popsize="200">
        <Item key="processed">100</Item>
        <Item key="total-processed">19300</Item>
        <Measure id="fitness">
          <Avg>-46.725</Avg>
          <Std>1.10702416982</Std>
          <Max>-46</Max>
          <Min>-51</Min>
        </Measure>
      </Stats>
    </Log>
    <Log>
      <Stats type="Stats" id="vivarium" generation="191" popsize="200">
        <Item key="processed">100</Item>
        <Item key="total-processed">19300</Item>
        <Measure id="fitness">
          <Avg>-46.725</Avg>
          <Std>1.10702416982</Std>
          <Max>-46</Max>
          <Min>-51</Min>
        </Measure>
      </Stats>
    </Log>
    <Log>Evolving generation 192</Log>
    <Log>Applying main-loop operators to the 1st deme</Log>
    <Log>
      <Stats type="Stats" id="deme0" generation="192" popsize="200">
        <Item key="processed">100</Item>
        <Item key="total-processed">19400</Item>
        <Measure id="fitness">
          <Avg>-46.715</Avg>
          <Std>1.06746070738</Std>
          <Max>-46</Max>
          <Min>-51</Min>
        </Measure>
      </Stats>
    </Log>
    <Log>
      <Stats type="Stats" id="vivarium" generation="192" popsize="200">
        <Item key="processed">100</Item>
        <Item key="total-processed">19400</Item>
        <Measure id="fitness">
          <Avg>-46.715</Avg>
          <Std>1.06746070738</Std>
          <Max>-46</Max>
          <Min>-51</Min>
        </Measure>
      </Stats>
    </Log>
    <Log>Evolving generation 193</Log>
    <Log>Applying main-loop operators to the 1st deme</Log>
    <Log>
      <Stats type="Stats" id="deme0" generation="193" popsize="200">
        <Item key="processed">100</Item>
        <Item key="total-processed">19500</Item>
        <Measure id="fitness">
          <Avg>-46.735</Avg>
          <Std>1.0584785706</Std>
          <Max>-46</Max>
          <Min>-50</Min>
        </Measure>
      </Stats>
    </Log>
    <Log>
      <Stats type="Stats" id="vivarium" generation="193" popsize="200">
        <Item key="processed">100</Item>
        <Item key="total-processed">19500</Item>
        <Measure id="fitness">
          <Avg>-46.735</Avg>
          <Std>1.0584785706</Std>
          <Max>-46</Max>
          <Min>-50</Min>
        </Measure>
      </Stats>
    </Log>
    <Log>Evolving generation 194</Log>
    <Log>Applying main-loop operators to the 1st deme</Log>
    <Log>
      <Stats type="Stats" id="deme0" generation="194" popsize="200">
        <Item key="processed">100</Item>
        <Item key="total-processed">19600</Item>
        <Measure id="fitness">
          <Avg>-46.66</Avg>
          <Std>1.10930282782</Std>
          <Max>-46</Max>
          <Min>-51</Min>
        </Measure>
      </Stats>
    </Log>
    <Log>
      <Stats type="Stats" id="vivarium" generation="194" popsize="200">
        <Item key="processed">100</Item>
        <Item key="total-processed">19600</Item>
        <Measure id="fitness">
          <Avg>-46.66</Avg>
          <Std>1.10930282782</Std>
          <Max>-46</Max>
          <Min>-51</Min>
        </Measure>
      </Stats>
    </Log>
    <Log>Evolving generation 195</Log>
    <Log>Applying main-loop operators to the 1st deme</Log>
    <Log>
      <Stats type="Stats" id="deme0" generation="195" popsize="200">
        <Item key="processed">100</Item>
        <Item key="total-processed">19700</Item>
        <Measure id="fitness">
          <Avg>-46.76</Avg>
          <Std>1.16584560723</Std>
          <Max>-46</Max>
          <Min>-51</Min>
        </Measure>
      </Stats>
    </Log>
    <Log>
      <Stats type="Stats" id="vivarium" generation="195" popsize="200">
        <Item key="processed">100</Item>
        <Item key="total-processed">19700</Item>
        <Measure id="fitness">
          <Avg>-46.76</Avg>
          <Std>1.16584560723</Std>
          <Max>-46</Max>
          <Min>-51</Min>
        </Measure>
      </Stats>
    </Log>
    <Log>Evolving generation 196</Log>
    <Log>Applying main-loop operators to the 1st deme</Log>
    <Log>
      <Stats type="Stats" id="deme0" generation="196" popsize="200">
        <Item key="processed">100</Item>
        <Item key="total-processed">19800</Item>
        <Measure id="fitness">
          <Avg>-46.595</Avg>
          <Std>1.03747616065</Std>
          <Max>-46</Max>
          <Min>-52</Min>
        </Measure>
      </Stats>
    </Log>
    <Log>
      <Stats type="Stats" id="vivarium" generation="196" popsize="200">
        <Item key="processed">100</Item>
        <Item key="total-processed">19800</Item>
        <Measure id="fitness">
          <Avg>-46.595</Avg>
          <Std>1.03747616065</Std>
          <Max>-46</Max>
          <Min>-52</Min>
        </Measure>
      </Stats>
    </Log>
    <Log>Evolving generation 197</Log>
    <Log>Applying main-loop operators to the 1st deme</Log>
    <Log>
      <Stats type="Stats" id="deme0" generation="197" popsize="200">
        <Item key="processed">100</Item>
        <Item key="total-processed">19900</Item>
        <Measure id="fitness">
          <Avg>-46.775</Avg>
          <Std>1.19225937281</Std>
          <Max>-46</Max>
          <Min>-51</Min>
        </Measure>
      </Stats>
    </Log>
    <Log>
      <Stats type="Stats" id="vivarium" generation="197" popsize="200">
        <Item key="processed">100</Item>
        <Item key="total-processed">19900</Item>
        <Measure id="fitness">
          <Avg>-46.775</Avg>
          <Std>1.19225937281</Std>
          <Max>-46</Max>
          <Min>-51</Min>
        </Measure>
      </Stats>
    </Log>
    <Log>Evolving generation 198</Log>
    <Log>Applying main-loop operators to the 1st deme</Log>
    <Log>
      <Stats type="Stats" id="deme0" generation="198" popsize="200">
        <Item key="processed">100</Item>
        <Item key="total-processed">20000</Item>
        <Measure id="fitness">
          <Avg>-46.81</Avg>
          <Std>1.20463927335</Std>
          <Max>-46</Max>
          <Min>-51</Min>
        </Measure>
      </Stats>
    </Log>
    <Log>
      <Stats type="Stats" id="vivarium" generation="198" popsize="200">
        <Item key="processed">100</Item>
        <Item key="total-processed">20000</Item>
        <Measure id="fitness">
          <Avg>-46.81</Avg>
          <Std>1.20463927335</Std>
          <Max>-46</Max>
          <Min>-51</Min>
        </Measure>
      </Stats>
    </Log>
    <Log>Evolving generation 199</Log>
    <Log>Applying main-loop operators to the 1st deme</Log>
    <Log>
      <Stats type="Stats" id="deme0" generation="199" popsize="200">
        <Item key="processed">100</Item>
        <Item key="total-processed">20100</Item>
        <Measure id="fitness">
          <Avg>-46.765</Avg>
          <Std>1.21124339122</Std>
          <Max>-46</Max>
          <Min>-50</Min>
        </Measure>
      </Stats>
    </Log>
    <Log>
      <Stats type="Stats" id="vivarium" generation="199" popsize="200">
        <Item key="processed">100</Item>
        <Item key="total-processed">20100</Item>
        <Measure id="fitness">
          <Avg>-46.765</Avg>
          <Std>1.21124339122</Std>
          <Max>-46</Max>
          <Min>-50</Min>
        </Measure>
      </Stats>
    </Log>
    <Log>Evolving generation 200</Log>
    <Log>Applying main-loop operators to the 1st deme</Log>
    <Log>
      <Stats type="Stats" id="deme0" generation="200" popsize="200">
        <Item key="processed">100</Item>
        <Item key="total-processed">20200</Item>
        <Measure id="fitness">
          <Avg>-46.77</Avg>
          <Std>1.20597340738</Std>
          <Max>-46</Max>
          <Min>-51</Min>
        </Measure>
      </Stats>
    </Log>
    <Log>
      <Stats type="Stats" id="vivarium" generation="200" popsize="200">
        <Item key="processed">100</Item>
        <Item key="total-processed">20200</Item>
        <Measure id="fitness">
          <Avg>-46.77</Avg>
          <Std>1.20597340738</Std>
          <Max>-46</Max>
          <Min>-51</Min>
        </Measure>
      </Stats>
    </Log>
    <Log>Evolving generation 201</Log>
    <Log>Applying main-loop operators to the 1st deme</Log>
    <Log>
      <Stats type="Stats" id="deme0" generation="201" popsize="200">
        <Item key="processed">100</Item>
        <Item key="total-processed">20300</Item>
        <Measure id="fitness">
          <Avg>-46.7</Avg>
          <Std>1.09819404057</Std>
          <Max>-46</Max>
          <Min>-52</Min>
        </Measure>
      </Stats>
    </Log>
    <Log>
      <Stats type="Stats" id="vivarium" generation="201" popsize="200">
        <Item key="processed">100</Item>
        <Item key="total-processed">20300</Item>
        <Measure id="fitness">
          <Avg>-46.7</Avg>
          <Std>1.09819404057</Std>
          <Max>-46</Max>
          <Min>-52</Min>
        </Measure>
      </Stats>
    </Log>
    <Log>Evolving generation 202</Log>
    <Log>Applying main-loop operators to the 1st deme</Log>
    <Log>
      <Stats type="Stats" id="deme0" generation="202" popsize="200">
        <Item key="processed">100</Item>
        <Item key="total-processed">20400</Item>
        <Measure id="fitness">
          <Avg>-46.755</Avg>
          <Std>1.09129723185</Std>
          <Max>-46</Max>
          <Min>-50</Min>
        </Measure>
      </Stats>
    </Log>
    <Log>
      <Stats type="Stats" id="vivarium" generation="202" popsize="200">
        <Item key="processed">100</Item>
        <Item key="total-processed">20400</Item>
        <Measure id="fitness">
          <Avg>-46.755</Avg>
          <Std>1.09129723185</Std>
          <Max>-46</Max>
          <Min>-50</Min>
        </Measure>
      </Stats>
    </Log>
    <Log>Evolving generation 203</Log>
    <Log>Applying main-loop operators to the 1st deme</Log>
    <Log>
      <Stats type="Stats" id="deme0" generation="203" popsize="200">
        <Item key="processed">100</Item>
        <Item key="total-processed">20500</Item>
        <Measure id="fitness">
          <Avg>-46.64</Avg>
          <Std>1.017633475</Std>
          <Max>-46</Max>
          <Min>-50</Min>
        </Measure>
      </Stats>
    </Log>
    <Log>
      <Stats type="Stats" id="vivarium" generation="203" popsize="200">
        <Item key="processed">100</Item>
        <Item key="total-processed">20500</Item>
        <Measure id="fitness">
          <Avg>-46.64</Avg>
          <Std>1.017633475</Std>
          <Max>-46</Max>
          <Min>-50</Min>
        </Measure>
      </Stats>
    </Log>
    <Log>Evolving generation 204</Log>
    <Log>Applying main-loop operators to the 1st deme</Log>
    <Log>
      <Stats type="Stats" id="deme0" generation="204" popsize="200">
        <Item key="processed">100</Item>
        <Item key="total-processed">20600</Item>
        <Measure id="fitness">
          <Avg>-46.705</Avg>
          <Std>1.15091180807</Std>
          <Max>-46</Max>
          <Min>-51</Min>
        </Measure>
      </Stats>
    </Log>
    <Log>
      <Stats type="Stats" id="vivarium" generation="204" popsize="200">
        <Item key="processed">100</Item>
        <Item key="total-processed">20600</Item>
        <Measure id="fitness">
          <Avg>-46.705</Avg>
          <Std>1.15091180807</Std>
          <Max>-46</Max>
          <Min>-51</Min>
        </Measure>
      </Stats>
    </Log>
    <Log>Evolving generation 205</Log>
    <Log>Applying main-loop operators to the 1st deme</Log>
    <Log>
      <Stats type="Stats" id="deme0" generation="205" popsize="200">
        <Item key="processed">100</Item>
        <Item key="total-processed">20700</Item>
        <Measure id="fitness">
          <Avg>-46.725</Avg>
          <Std>1.04153684283</Std>
          <Max>-46</Max>
          <Min>-50</Min>
        </Measure>
      </Stats>
    </Log>
    <Log>
      <Stats type="Stats" id="vivarium" generation="205" popsize="200">
        <Item key="processed">100</Item>
        <Item key="total-processed">20700</Item>
        <Measure id="fitness">
          <Avg>-46.725</Avg>
          <Std>1.04153684283</Std>
          <Max>-46</Max>
          <Min>-50</Min>
        </Measure>
      </Stats>
    </Log>
    <Log>Evolving generation 206</Log>
    <Log>Applying main-loop operators to the 1st deme</Log>
    <Log>
      <Stats type="Stats" id="deme0" generation="206" popsize="200">
        <Item key="processed">100</Item>
        <Item key="total-processed">20800</Item>
        <Measure id="fitness">
          <Avg>-46.78</Avg>
          <Std>1.1481249735</Std>
          <Max>-46</Max>
          <Min>-51</Min>
        </Measure>
      </Stats>
    </Log>
    <Log>
      <Stats type="Stats" id="vivarium" generation="206" popsize="200">
        <Item key="processed">100</Item>
        <Item key="total-processed">20800</Item>
        <Measure id="fitness">
          <Avg>-46.78</Avg>
          <Std>1.1481249735</Std>
          <Max>-46</Max>
          <Min>-51</Min>
        </Measure>
      </Stats>
    </Log>
    <Log>Evolving generation 207</Log>
    <Log>Applying main-loop operators to the 1st deme</Log>
    <Log>
      <Stats type="Stats" id="deme0" generation="207" popsize="200">
        <Item key="processed">100</Item>
        <Item key="total-processed">20900</Item>
        <Measure id="fitness">
          <Avg>-46.795</Avg>
          <Std>1.20007328084</Std>
          <Max>-46</Max>
          <Min>-51</Min>
        </Measure>
      </Stats>
    </Log>
    <Log>
      <Stats type="Stats" id="vivarium" generation="207" popsize="200">
        <Item key="processed">100</Item>
        <Item key="total-processed">20900</Item>
        <Measure id="fitness">
          <Avg>-46.795</Avg>
          <Std>1.20007328084</Std>
          <Max>-46</Max>
          <Min>-51</Min>
        </Measure>
      </Stats>
    </Log>
    <Log>Evolving generation 208</Log>
    <Log>Applying main-loop operators to the 1st deme</Log>
    <Log>
      <Stats type="Stats" id="deme0" generation="208" popsize="200">
        <Item key="processed">100</Item>
        <Item key="total-processed">21000</Item>
        <Measure id="fitness">
          <Avg>-46.715</Avg>
          <Std>1.16212204101</Std>
          <Max>-46</Max>
          <Min>-52</Min>
        </Measure>
      </Stats>
    </Log>
    <Log>
      <Stats type="Stats" id="vivarium" generation="208" popsize="200">
        <Item key="processed">100</Item>
        <Item key="total-processed">21000</Item>
        <Measure id="fitness">
          <Avg>-46.715</Avg>
          <Std>1.16212204101</Std>
          <Max>-46</Max>
          <Min>-52</Min>
        </Measure>
      </Stats>
    </Log>
    <Log>Evolving generation 209</Log>
    <Log>Applying main-loop operators to the 1st deme</Log>
    <Log>
      <Stats type="Stats" id="deme0" generation="209" popsize="200">
        <Item key="processed">100</Item>
        <Item key="total-processed">21100</Item>
        <Measure id="fitness">
          <Avg>-46.645</Avg>
          <Std>1.00699812618</Std>
          <Max>-46</Max>
          <Min>-50</Min>
        </Measure>
      </Stats>
    </Log>
    <Log>
      <Stats type="Stats" id="vivarium" generation="209" popsize="200">
        <Item key="processed">100</Item>
        <Item key="total-processed">21100</Item>
        <Measure id="fitness">
          <Avg>-46.645</Avg>
          <Std>1.00699812618</Std>
          <Max>-46</Max>
          <Min>-50</Min>
        </Measure>
      </Stats>
    </Log>
    <Log>Evolving generation 210</Log>
    <Log>Applying main-loop operators to the 1st deme</Log>
    <Log>
      <Stats type="Stats" id="deme0" generation="210" popsize="200">
        <Item key="processed">100</Item>
        <Item key="total-processed">21200</Item>
        <Measure id="fitness">
          <Avg>-46.73</Avg>
          <Std>1.08766496467</Std>
          <Max>-46</Max>
          <Min>-51</Min>
        </Measure>
      </Stats>
    </Log>
    <Log>
      <Stats type="Stats" id="vivarium" generation="210" popsize="200">
        <Item key="processed">100</Item>
        <Item key="total-processed">21200</Item>
        <Measure id="fitness">
          <Avg>-46.73</Avg>
          <Std>1.08766496467</Std>
          <Max>-46</Max>
          <Min>-51</Min>
        </Measure>
      </Stats>
    </Log>
    <Log>Evolving generation 211</Log>
    <Log>Applying main-loop operators to the 1st deme</Log>
    <Log>
      <Stats type="Stats" id="deme0" generation="211" popsize="200">
        <Item key="processed">100</Item>
        <Item key="total-processed">21300</Item>
        <Measure id="fitness">
          <Avg>-46.78</Avg>
          <Std>1.13048217578</Std>
          <Max>-46</Max>
          <Min>-51</Min>
        </Measure>
      </Stats>
    </Log>
    <Log>
      <Stats type="Stats" id="vivarium" generation="211" popsize="200">
        <Item key="processed">100</Item>
        <Item key="total-processed">21300</Item>
        <Measure id="fitness">
          <Avg>-46.78</Avg>
          <Std>1.13048217578</Std>
          <Max>-46</Max>
          <Min>-51</Min>
        </Measure>
      </Stats>
    </Log>
    <Log>Evolving generation 212</Log>
    <Log>Applying main-loop operators to the 1st deme</Log>
    <Log>
      <Stats type="Stats" id="deme0" generation="212" popsize="200">
        <Item key="processed">100</Item>
        <Item key="total-processed">21400</Item>
        <Measure id="fitness">
          <Avg>-46.655</Avg>
          <Std>1.01048523097</Std>
          <Max>-46</Max>
          <Min>-51</Min>
        </Measure>
      </Stats>
    </Log>
    <Log>
      <Stats type="Stats" id="vivarium" generation="212" popsize="200">
        <Item key="processed">100</Item>
        <Item key="total-processed">21400</Item>
        <Measure id="fitness">
          <Avg>-46.655</Avg>
          <Std>1.01048523097</Std>
          <Max>-46</Max>
          <Min>-51</Min>
        </Measure>
      </Stats>
    </Log>
    <Log>Evolving generation 213</Log>
    <Log>Applying main-loop operators to the 1st deme</Log>
    <Log>
      <Stats type="Stats" id="deme0" generation="213" popsize="200">
        <Item key="processed">100</Item>
        <Item key="total-processed">21500</Item>
        <Measure id="fitness">
          <Avg>-46.69</Avg>
          <Std>1.12705423839</Std>
          <Max>-46</Max>
          <Min>-51</Min>
        </Measure>
      </Stats>
    </Log>
    <Log>
      <Stats type="Stats" id="vivarium" generation="213" popsize="200">
        <Item key="processed">100</Item>
        <Item key="total-processed">21500</Item>
        <Measure id="fitness">
          <Avg>-46.69</Avg>
          <Std>1.12705423839</Std>
          <Max>-46</Max>
          <Min>-51</Min>
        </Measure>
      </Stats>
    </Log>
    <Log>Evolving generation 214</Log>
    <Log>Applying main-loop operators to the 1st deme</Log>
    <Log>
      <Stats type="Stats" id="deme0" generation="214" popsize="200">
        <Item key="processed">100</Item>
        <Item key="total-processed">21600</Item>
        <Measure id="fitness">
          <Avg>-46.69</Avg>
          <Std>1.06280183416</Std>
          <Max>-46</Max>
          <Min>-51</Min>
        </Measure>
      </Stats>
    </Log>
    <Log>
      <Stats type="Stats" id="vivarium" generation="214" popsize="200">
        <Item key="processed">100</Item>
        <Item key="total-processed">21600</Item>
        <Measure id="fitness">
          <Avg>-46.69</Avg>
          <Std>1.06280183416</Std>
          <Max>-46</Max>
          <Min>-51</Min>
        </Measure>
      </Stats>
    </Log>
    <Log>Evolving generation 215</Log>
    <Log>Applying main-loop operators to the 1st deme</Log>
    <Log>
      <Stats type="Stats" id="deme0" generation="215" popsize="200">
        <Item key="processed">100</Item>
        <Item key="total-processed">21700</Item>
        <Measure id="fitness">
          <Avg>-46.62</Avg>
          <Std>1.03000219544</Std>
          <Max>-46</Max>
          <Min>-50</Min>
        </Measure>
      </Stats>
    </Log>
    <Log>
      <Stats type="Stats" id="vivarium" generation="215" popsize="200">
        <Item key="processed">100</Item>
        <Item key="total-processed">21700</Item>
        <Measure id="fitness">
          <Avg>-46.62</Avg>
          <Std>1.03000219544</Std>
          <Max>-46</Max>
          <Min>-50</Min>
        </Measure>
      </Stats>
    </Log>
    <Log>Evolving generation 216</Log>
    <Log>Applying main-loop operators to the 1st deme</Log>
    <Log>
      <Stats type="Stats" id="deme0" generation="216" popsize="200">
        <Item key="processed">100</Item>
        <Item key="total-processed">21800</Item>
        <Measure id="fitness">
          <Avg>-46.775</Avg>
          <Std>1.22140663616</Std>
          <Max>-46</Max>
          <Min>-51</Min>
        </Measure>
      </Stats>
    </Log>
    <Log>
      <Stats type="Stats" id="vivarium" generation="216" popsize="200">
        <Item key="processed">100</Item>
        <Item key="total-processed">21800</Item>
        <Measure id="fitness">
          <Avg>-46.775</Avg>
          <Std>1.22140663616</Std>
          <Max>-46</Max>
          <Min>-51</Min>
        </Measure>
      </Stats>
    </Log>
    <Log>Evolving generation 217</Log>
    <Log>Applying main-loop operators to the 1st deme</Log>
    <Log>
      <Stats type="Stats" id="deme0" generation="217" popsize="200">
        <Item key="processed">100</Item>
        <Item key="total-processed">21900</Item>
        <Measure id="fitness">
          <Avg>-46.62</Avg>
          <Std>1.02019802985</Std>
          <Max>-46</Max>
          <Min>-51</Min>
        </Measure>
      </Stats>
    </Log>
    <Log>
      <Stats type="Stats" id="vivarium" generation="217" popsize="200">
        <Item key="processed">100</Item>
        <Item key="total-processed">21900</Item>
        <Measure id="fitness">
          <Avg>-46.62</Avg>
          <Std>1.02019802985</Std>
          <Max>-46</Max>
          <Min>-51</Min>
        </Measure>
      </Stats>
    </Log>
    <Log>Evolving generation 218</Log>
    <Log>Applying main-loop operators to the 1st deme</Log>
    <Log>
      <Stats type="Stats" id="deme0" generation="218" popsize="200">
        <Item key="processed">100</Item>
        <Item key="total-processed">22000</Item>
        <Measure id="fitness">
          <Avg>-46.795</Avg>
          <Std>1.15309284777</Std>
          <Max>-46</Max>
          <Min>-51</Min>
        </Measure>
      </Stats>
    </Log>
    <Log>
      <Stats type="Stats" id="vivarium" generation="218" popsize="200">
        <Item key="processed">100</Item>
        <Item key="total-processed">22000</Item>
        <Measure id="fitness">
          <Avg>-46.795</Avg>
          <Std>1.15309284777</Std>
          <Max>-46</Max>
          <Min>-51</Min>
        </Measure>
      </Stats>
    </Log>
    <Log>Evolving generation 219</Log>
    <Log>Applying main-loop operators to the 1st deme</Log>
    <Log>
      <Stats type="Stats" id="deme0" generation="219" popsize="200">
        <Item key="processed">100</Item>
        <Item key="total-processed">22100</Item>
        <Measure id="fitness">
          <Avg>-46.62</Avg>
          <Std>0.980001025535</Std>
          <Max>-46</Max>
          <Min>-50</Min>
        </Measure>
      </Stats>
    </Log>
    <Log>
      <Stats type="Stats" id="vivarium" generation="219" popsize="200">
        <Item key="processed">100</Item>
        <Item key="total-processed">22100</Item>
        <Measure id="fitness">
          <Avg>-46.62</Avg>
          <Std>0.980001025535</Std>
          <Max>-46</Max>
          <Min>-50</Min>
        </Measure>
      </Stats>
    </Log>
    <Log>Evolving generation 220</Log>
    <Log>Applying main-loop operators to the 1st deme</Log>
    <Log>
      <Stats type="Stats" id="deme0" generation="220" popsize="200">
        <Item key="processed">100</Item>
        <Item key="total-processed">22200</Item>
        <Measure id="fitness">
          <Avg>-46.665</Avg>
          <Std>1.01880558701</Std>
          <Max>-46</Max>
          <Min>-50</Min>
        </Measure>
      </Stats>
    </Log>
    <Log>
      <Stats type="Stats" id="vivarium" generation="220" popsize="200">
        <Item key="processed">100</Item>
        <Item key="total-processed">22200</Item>
        <Measure id="fitness">
          <Avg>-46.665</Avg>
          <Std>1.01880558701</Std>
          <Max>-46</Max>
          <Min>-50</Min>
        </Measure>
      </Stats>
    </Log>
    <Log>Evolving generation 221</Log>
    <Log>Applying main-loop operators to the 1st deme</Log>
    <Log>
      <Stats type="Stats" id="deme0" generation="221" popsize="200">
        <Item key="processed">100</Item>
        <Item key="total-processed">22300</Item>
        <Measure id="fitness">
          <Avg>-46.735</Avg>
          <Std>1.24196917723</Std>
          <Max>-46</Max>
          <Min>-51</Min>
        </Measure>
      </Stats>
    </Log>
    <Log>
      <Stats type="Stats" id="vivarium" generation="221" popsize="200">
        <Item key="processed">100</Item>
        <Item key="total-processed">22300</Item>
        <Measure id="fitness">
          <Avg>-46.735</Avg>
          <Std>1.24196917723</Std>
          <Max>-46</Max>
          <Min>-51</Min>
        </Measure>
      </Stats>
    </Log>
    <Log>Evolving generation 222</Log>
    <Log>Applying main-loop operators to the 1st deme</Log>
    <Log>
      <Stats type="Stats" id="deme0" generation="222" popsize="200">
        <Item key="processed">100</Item>
        <Item key="total-processed">22400</Item>
        <Measure id="fitness">
          <Avg>-46.73</Avg>
          <Std>1.16355891417</Std>
          <Max>-46</Max>
          <Min>-51</Min>
        </Measure>
      </Stats>
    </Log>
    <Log>
      <Stats type="Stats" id="vivarium" generation="222" popsize="200">
        <Item key="processed">100</Item>
        <Item key="total-processed">22400</Item>
        <Measure id="fitness">
          <Avg>-46.73</Avg>
          <Std>1.16355891417</Std>
          <Max>-46</Max>
          <Min>-51</Min>
        </Measure>
      </Stats>
    </Log>
    <Log>Evolving generation 223</Log>
    <Log>Applying main-loop operators to the 1st deme</Log>
    <Log>
      <Stats type="Stats" id="deme0" generation="223" popsize="200">
        <Item key="processed">100</Item>
        <Item key="total-processed">22500</Item>
        <Measure id="fitness">
          <Avg>-46.81</Avg>
          <Std>1.19626722616</Std>
          <Max>-46</Max>
          <Min>-51</Min>
        </Measure>
      </Stats>
    </Log>
    <Log>
      <Stats type="Stats" id="vivarium" generation="223" popsize="200">
        <Item key="processed">100</Item>
        <Item key="total-processed">22500</Item>
        <Measure id="fitness">
          <Avg>-46.81</Avg>
          <Std>1.19626722616</Std>
          <Max>-46</Max>
          <Min>-51</Min>
        </Measure>
      </Stats>
    </Log>
    <Log>Evolving generation 224</Log>
    <Log>Applying main-loop operators to the 1st deme</Log>
    <Log>
      <Stats type="Stats" id="deme0" generation="224" popsize="200">
        <Item key="processed">100</Item>
        <Item key="total-processed">22600</Item>
        <Measure id="fitness">
          <Avg>-46.72</Avg>
          <Std>1.03292529903</Std>
          <Max>-46</Max>
          <Min>-50</Min>
        </Measure>
      </Stats>
    </Log>
    <Log>
      <Stats type="Stats" id="vivarium" generation="224" popsize="200">
        <Item key="processed">100</Item>
        <Item key="total-processed">22600</Item>
        <Measure id="fitness">
          <Avg>-46.72</Avg>
          <Std>1.03292529903</Std>
          <Max>-46</Max>
          <Min>-50</Min>
        </Measure>
      </Stats>
    </Log>
    <Log>Evolving generation 225</Log>
    <Log>Applying main-loop operators to the 1st deme</Log>
    <Log>
      <Stats type="Stats" id="deme0" generation="225" popsize="200">
        <Item key="processed">100</Item>
        <Item key="total-processed">22700</Item>
        <Measure id="fitness">
          <Avg>-46.71</Avg>
          <Std>1.02525888384</Std>
          <Max>-46</Max>
          <Min>-51</Min>
        </Measure>
      </Stats>
    </Log>
    <Log>
      <Stats type="Stats" id="vivarium" generation="225" popsize="200">
        <Item key="processed">100</Item>
        <Item key="total-processed">22700</Item>
        <Measure id="fitness">
          <Avg>-46.71</Avg>
          <Std>1.02525888384</Std>
          <Max>-46</Max>
          <Min>-51</Min>
        </Measure>
      </Stats>
    </Log>
    <Log>Evolving generation 226</Log>
    <Log>Applying main-loop operators to the 1st deme</Log>
    <Log>
      <Stats type="Stats" id="deme0" generation="226" popsize="200">
        <Item key="processed">100</Item>
        <Item key="total-processed">22800</Item>
        <Measure id="fitness">
          <Avg>-46.78</Avg>
          <Std>1.11255963648</Std>
          <Max>-46</Max>
          <Min>-50</Min>
        </Measure>
      </Stats>
    </Log>
    <Log>
      <Stats type="Stats" id="vivarium" generation="226" popsize="200">
        <Item key="processed">100</Item>
        <Item key="total-processed">22800</Item>
        <Measure id="fitness">
          <Avg>-46.78</Avg>
          <Std>1.11255963648</Std>
          <Max>-46</Max>
          <Min>-50</Min>
        </Measure>
      </Stats>
    </Log>
    <Log>Evolving generation 227</Log>
    <Log>Applying main-loop operators to the 1st deme</Log>
    <Log>
      <Stats type="Stats" id="deme0" generation="227" popsize="200">
        <Item key="processed">100</Item>
        <Item key="total-processed">22900</Item>
        <Measure id="fitness">
          <Avg>-46.78</Avg>
          <Std>1.16118116956</Std>
          <Max>-46</Max>
          <Min>-52</Min>
        </Measure>
      </Stats>
    </Log>
    <Log>
      <Stats type="Stats" id="vivarium" generation="227" popsize="200">
        <Item key="processed">100</Item>
        <Item key="total-processed">22900</Item>
        <Measure id="fitness">
          <Avg>-46.78</Avg>
          <Std>1.16118116956</Std>
          <Max>-46</Max>
          <Min>-52</Min>
        </Measure>
      </Stats>
    </Log>
    <Log>Evolving generation 228</Log>
    <Log>Applying main-loop operators to the 1st deme</Log>
    <Log>
      <Stats type="Stats" id="deme0" generation="228" popsize="200">
        <Item key="processed">100</Item>
        <Item key="total-processed">23000</Item>
        <Measure id="fitness">
          <Avg>-46.79</Avg>
          <Std>1.16304054812</Std>
          <Max>-46</Max>
          <Min>-51</Min>
        </Measure>
      </Stats>
    </Log>
    <Log>
      <Stats type="Stats" id="vivarium" generation="228" popsize="200">
        <Item key="processed">100</Item>
        <Item key="total-processed">23000</Item>
        <Measure id="fitness">
          <Avg>-46.79</Avg>
          <Std>1.16304054812</Std>
          <Max>-46</Max>
          <Min>-51</Min>
        </Measure>
      </Stats>
    </Log>
    <Log>Evolving generation 229</Log>
    <Log>Applying main-loop operators to the 1st deme</Log>
    <Log>
      <Stats type="Stats" id="deme0" generation="229" popsize="200">
        <Item key="processed">100</Item>
        <Item key="total-processed">23100</Item>
        <Measure id="fitness">
          <Avg>-46.81</Avg>
          <Std>1.14913119902</Std>
          <Max>-46</Max>
          <Min>-50</Min>
        </Measure>
      </Stats>
    </Log>
    <Log>
      <Stats type="Stats" id="vivarium" generation="229" popsize="200">
        <Item key="processed">100</Item>
        <Item key="total-processed">23100</Item>
        <Measure id="fitness">
          <Avg>-46.81</Avg>
          <Std>1.14913119902</Std>
          <Max>-46</Max>
          <Min>-50</Min>
        </Measure>
      </Stats>
    </Log>
    <Log>Evolving generation 230</Log>
    <Log>Applying main-loop operators to the 1st deme</Log>
    <Log>
      <Stats type="Stats" id="deme0" generation="230" popsize="200">
        <Item key="processed">100</Item>
        <Item key="total-processed">23200</Item>
        <Measure id="fitness">
          <Avg>-46.745</Avg>
          <Std>1.1691060881</Std>
          <Max>-46</Max>
          <Min>-51</Min>
        </Measure>
      </Stats>
    </Log>
    <Log>
      <Stats type="Stats" id="vivarium" generation="230" popsize="200">
        <Item key="processed">100</Item>
        <Item key="total-processed">23200</Item>
        <Measure id="fitness">
          <Avg>-46.745</Avg>
          <Std>1.1691060881</Std>
          <Max>-46</Max>
          <Min>-51</Min>
        </Measure>
      </Stats>
    </Log>
    <Log>Evolving generation 231</Log>
    <Log>Applying main-loop operators to the 1st deme</Log>
    <Log>
      <Stats type="Stats" id="deme0" generation="231" popsize="200">
        <Item key="processed">100</Item>
        <Item key="total-processed">23300</Item>
        <Measure id="fitness">
          <Avg>-46.8</Avg>
          <Std>1.19882689728</Std>
          <Max>-46</Max>
          <Min>-51</Min>
        </Measure>
      </Stats>
    </Log>
    <Log>
      <Stats type="Stats" id="vivarium" generation="231" popsize="200">
        <Item key="processed">100</Item>
        <Item key="total-processed">23300</Item>
        <Measure id="fitness">
          <Avg>-46.8</Avg>
          <Std>1.19882689728</Std>
          <Max>-46</Max>
          <Min>-51</Min>
        </Measure>
      </Stats>
    </Log>
    <Log>Evolving generation 232</Log>
    <Log>Applying main-loop operators to the 1st deme</Log>
    <Log>
      <Stats type="Stats" id="deme0" generation="232" popsize="200">
        <Item key="processed">100</Item>
        <Item key="total-processed">23400</Item>
        <Measure id="fitness">
          <Avg>-46.665</Avg>
          <Std>1.0716891284</Std>
          <Max>-46</Max>
          <Min>-50</Min>
        </Measure>
      </Stats>
    </Log>
    <Log>
      <Stats type="Stats" id="vivarium" generation="232" popsize="200">
        <Item key="processed">100</Item>
        <Item key="total-processed">23400</Item>
        <Measure id="fitness">
          <Avg>-46.665</Avg>
          <Std>1.0716891284</Std>
          <Max>-46</Max>
          <Min>-50</Min>
        </Measure>
      </Stats>
    </Log>
    <Log>Evolving generation 233</Log>
    <Log>Applying main-loop operators to the 1st deme</Log>
    <Log>
      <Stats type="Stats" id="deme0" generation="233" popsize="200">
        <Item key="processed">100</Item>
        <Item key="total-processed">23500</Item>
        <Measure id="fitness">
          <Avg>-46.705</Avg>
          <Std>1.0408611626</Std>
          <Max>-46</Max>
          <Min>-51</Min>
        </Measure>
      </Stats>
    </Log>
    <Log>
      <Stats type="Stats" id="vivarium" generation="233" popsize="200">
        <Item key="processed">100</Item>
        <Item key="total-processed">23500</Item>
        <Measure id="fitness">
          <Avg>-46.705</Avg>
          <Std>1.0408611626</Std>
          <Max>-46</Max>
          <Min>-51</Min>
        </Measure>
      </Stats>
    </Log>
    <Log>Evolving generation 234</Log>
    <Log>Applying main-loop operators to the 1st deme</Log>
    <Log>
      <Stats type="Stats" id="deme0" generation="234" popsize="200">
        <Item key="processed">100</Item>
        <Item key="total-processed">23600</Item>
        <Measure id="fitness">
          <Avg>-46.705</Avg>
          <Std>1.05999668152</Std>
          <Max>-46</Max>
          <Min>-51</Min>
        </Measure>
      </Stats>
    </Log>
    <Log>
      <Stats type="Stats" id="vivarium" generation="234" popsize="200">
        <Item key="processed">100</Item>
        <Item key="total-processed">23600</Item>
        <Measure id="fitness">
          <Avg>-46.705</Avg>
          <Std>1.05999668152</Std>
          <Max>-46</Max>
          <Min>-51</Min>
        </Measure>
      </Stats>
    </Log>
    <Log>Evolving generation 235</Log>
    <Log>Applying main-loop operators to the 1st deme</Log>
    <Log>
      <Stats type="Stats" id="deme0" generation="235" popsize="200">
        <Item key="processed">100</Item>
        <Item key="total-processed">23700</Item>
        <Measure id="fitness">
          <Avg>-46.715</Avg>
          <Std>1.07215792357</Std>
          <Max>-46</Max>
          <Min>-51</Min>
        </Measure>
      </Stats>
    </Log>
    <Log>
      <Stats type="Stats" id="vivarium" generation="235" popsize="200">
        <Item key="processed">100</Item>
        <Item key="total-processed">23700</Item>
        <Measure id="fitness">
          <Avg>-46.715</Avg>
          <Std>1.07215792357</Std>
          <Max>-46</Max>
          <Min>-51</Min>
        </Measure>
      </Stats>
    </Log>
    <Log>Evolving generation 236</Log>
    <Log>Applying main-loop operators to the 1st deme</Log>
    <Log>
      <Stats type="Stats" id="deme0" generation="236" popsize="200">
        <Item key="processed">100</Item>
        <Item key="total-processed">23800</Item>
        <Measure id="fitness">
          <Avg>-46.695</Avg>
          <Std>1.07599433971</Std>
          <Max>-46</Max>
          <Min>-50</Min>
        </Measure>
      </Stats>
    </Log>
    <Log>
      <Stats type="Stats" id="vivarium" generation="236" popsize="200">
        <Item key="processed">100</Item>
        <Item key="total-processed">23800</Item>
        <Measure id="fitness">
          <Avg>-46.695</Avg>
          <Std>1.07599433971</Std>
          <Max>-46</Max>
          <Min>-50</Min>
        </Measure>
      </Stats>
    </Log>
    <Log>Evolving generation 237</Log>
    <Log>Applying main-loop operators to the 1st deme</Log>
    <Log>
      <Stats type="Stats" id="deme0" generation="237" popsize="200">
        <Item key="processed">100</Item>
        <Item key="total-processed">23900</Item>
        <Measure id="fitness">
          <Avg>-46.705</Avg>
          <Std>1.09267777667</Std>
          <Max>-46</Max>
          <Min>-51</Min>
        </Measure>
      </Stats>
    </Log>
    <Log>
      <Stats type="Stats" id="vivarium" generation="237" popsize="200">
        <Item key="processed">100</Item>
        <Item key="total-processed">23900</Item>
        <Measure id="fitness">
          <Avg>-46.705</Avg>
          <Std>1.09267777667</Std>
          <Max>-46</Max>
          <Min>-51</Min>
        </Measure>
      </Stats>
    </Log>
    <Log>Evolving generation 238</Log>
    <Log>Applying main-loop operators to the 1st deme</Log>
    <Log>
      <Stats type="Stats" id="deme0" generation="238" popsize="200">
        <Item key="processed">100</Item>
        <Item key="total-processed">24000</Item>
        <Measure id="fitness">
          <Avg>-46.685</Avg>
          <Std>1.12788992299</Std>
          <Max>-46</Max>
          <Min>-52</Min>
        </Measure>
      </Stats>
    </Log>
    <Log>
      <Stats type="Stats" id="vivarium" generation="238" popsize="200">
        <Item key="processed">100</Item>
        <Item key="total-processed">24000</Item>
        <Measure id="fitness">
          <Avg>-46.685</Avg>
          <Std>1.12788992299</Std>
          <Max>-46</Max>
          <Min>-52</Min>
        </Measure>
      </Stats>
    </Log>
    <Log>Evolving generation 239</Log>
    <Log>Applying main-loop operators to the 1st deme</Log>
    <Log>
      <Stats type="Stats" id="deme0" generation="239" popsize="200">
        <Item key="processed">100</Item>
        <Item key="total-processed">24100</Item>
        <Measure id="fitness">
          <Avg>-46.73</Avg>
          <Std>1.12401827629</Std>
          <Max>-46</Max>
          <Min>-51</Min>
        </Measure>
      </Stats>
    </Log>
    <Log>
      <Stats type="Stats" id="vivarium" generation="239" popsize="200">
        <Item key="processed">100</Item>
        <Item key="total-processed">24100</Item>
        <Measure id="fitness">
          <Avg>-46.73</Avg>
          <Std>1.12401827629</Std>
          <Max>-46</Max>
          <Min>-51</Min>
        </Measure>
      </Stats>
    </Log>
    <Log>Evolving generation 240</Log>
    <Log>Applying main-loop operators to the 1st deme</Log>
    <Log>
      <Stats type="Stats" id="deme0" generation="240" popsize="200">
        <Item key="processed">100</Item>
        <Item key="total-processed">24200</Item>
        <Measure id="fitness">
          <Avg>-46.765</Avg>
          <Std>1.06084966421</Std>
          <Max>-46</Max>
          <Min>-50</Min>
        </Measure>
      </Stats>
    </Log>
    <Log>
      <Stats type="Stats" id="vivarium" generation="240" popsize="200">
        <Item key="processed">100</Item>
        <Item key="total-processed">24200</Item>
        <Measure id="fitness">
          <Avg>-46.765</Avg>
          <Std>1.06084966421</Std>
          <Max>-46</Max>
          <Min>-50</Min>
        </Measure>
      </Stats>
    </Log>
    <Log>Evolving generation 241</Log>
    <Log>Applying main-loop operators to the 1st deme</Log>
    <Log>
      <Stats type="Stats" id="deme0" generation="241" popsize="200">
        <Item key="processed">100</Item>
        <Item key="total-processed">24300</Item>
        <Measure id="fitness">
          <Avg>-46.67</Avg>
          <Std>1.04717854952</Std>
          <Max>-46</Max>
          <Min>-50</Min>
        </Measure>
      </Stats>
    </Log>
    <Log>
      <Stats type="Stats" id="vivarium" generation="241" popsize="200">
        <Item key="processed">100</Item>
        <Item key="total-processed">24300</Item>
        <Measure id="fitness">
          <Avg>-46.67</Avg>
          <Std>1.04717854952</Std>
          <Max>-46</Max>
          <Min>-50</Min>
        </Measure>
      </Stats>
    </Log>
    <Log>Evolving generation 242</Log>
    <Log>Applying main-loop operators to the 1st deme</Log>
    <Log>
      <Stats type="Stats" id="deme0" generation="242" popsize="200">
        <Item key="processed">100</Item>
        <Item key="total-processed">24400</Item>
        <Measure id="fitness">
          <Avg>-46.7</Avg>
          <Std>1.09819404057</Std>
          <Max>-46</Max>
          <Min>-51</Min>
        </Measure>
      </Stats>
    </Log>
    <Log>
      <Stats type="Stats" id="vivarium" generation="242" popsize="200">
        <Item key="processed">100</Item>
        <Item key="total-processed">24400</Item>
        <Measure id="fitness">
          <Avg>-46.7</Avg>
          <Std>1.09819404057</Std>
          <Max>-46</Max>
          <Min>-51</Min>
        </Measure>
      </Stats>
    </Log>
    <Log>Evolving generation 243</Log>
    <Log>Applying main-loop operators to the 1st deme</Log>
    <Log>
      <Stats type="Stats" id="deme0" generation="243" popsize="200">
        <Item key="processed">100</Item>
        <Item key="total-processed">24500</Item>
        <Measure id="fitness">
          <Avg>-46.7</Avg>
          <Std>1.07038714642</Std>
          <Max>-46</Max>
          <Min>-50</Min>
        </Measure>
      </Stats>
    </Log>
    <Log>
      <Stats type="Stats" id="vivarium" generation="243" popsize="200">
        <Item key="processed">100</Item>
        <Item key="total-processed">24500</Item>
        <Measure id="fitness">
          <Avg>-46.7</Avg>
          <Std>1.07038714642</Std>
          <Max>-46</Max>
          <Min>-50</Min>
        </Measure>
      </Stats>
    </Log>
    <Log>Evolving generation 244</Log>
    <Log>Applying main-loop operators to the 1st deme</Log>
    <Log>
      <Stats type="Stats" id="deme0" generation="244" popsize="200">
        <Item key="processed">100</Item>
        <Item key="total-processed">24600</Item>
        <Measure id="fitness">
          <Avg>-46.725</Avg>
          <Std>1.14715071977</Std>
          <Max>-46</Max>
          <Min>-51</Min>
        </Measure>
      </Stats>
    </Log>
    <Log>
      <Stats type="Stats" id="vivarium" generation="244" popsize="200">
        <Item key="processed">100</Item>
        <Item key="total-processed">24600</Item>
        <Measure id="fitness">
          <Avg>-46.725</Avg>
          <Std>1.14715071977</Std>
          <Max>-46</Max>
          <Min>-51</Min>
        </Measure>
      </Stats>
    </Log>
    <Log>Evolving generation 245</Log>
    <Log>Applying main-loop operators to the 1st deme</Log>
    <Log>
      <Stats type="Stats" id="deme0" generation="245" popsize="200">
        <Item key="processed">100</Item>
        <Item key="total-processed">24700</Item>
        <Measure id="fitness">
          <Avg>-46.855</Avg>
          <Std>1.21712033487</Std>
          <Max>-46</Max>
          <Min>-51</Min>
        </Measure>
      </Stats>
    </Log>
    <Log>
      <Stats type="Stats" id="vivarium" generation="245" popsize="200">
        <Item key="processed">100</Item>
        <Item key="total-processed">24700</Item>
        <Measure id="fitness">
          <Avg>-46.855</Avg>
          <Std>1.21712033487</Std>
          <Max>-46</Max>
          <Min>-51</Min>
        </Measure>
      </Stats>
    </Log>
    <Log>Evolving generation 246</Log>
    <Log>Applying main-loop operators to the 1st deme</Log>
    <Log>
      <Stats type="Stats" id="deme0" generation="246" popsize="200">
        <Item key="processed">100</Item>
        <Item key="total-processed">24800</Item>
        <Measure id="fitness">
          <Avg>-46.77</Avg>
          <Std>1.13735123827</Std>
          <Max>-46</Max>
          <Min>-51</Min>
        </Measure>
      </Stats>
    </Log>
    <Log>
      <Stats type="Stats" id="vivarium" generation="246" popsize="200">
        <Item key="processed">100</Item>
        <Item key="total-processed">24800</Item>
        <Measure id="fitness">
          <Avg>-46.77</Avg>
          <Std>1.13735123827</Std>
          <Max>-46</Max>
          <Min>-51</Min>
        </Measure>
      </Stats>
    </Log>
    <Log>Evolving generation 247</Log>
    <Log>Applying main-loop operators to the 1st deme</Log>
    <Log>
      <Stats type="Stats" id="deme0" generation="247" popsize="200">
        <Item key="processed">100</Item>
        <Item key="total-processed">24900</Item>
        <Measure id="fitness">
          <Avg>-46.755</Avg>
          <Std>1.16695497754</Std>
          <Max>-46</Max>
          <Min>-51</Min>
        </Measure>
      </Stats>
    </Log>
    <Log>
      <Stats type="Stats" id="vivarium" generation="247" popsize="200">
        <Item key="processed">100</Item>
        <Item key="total-processed">24900</Item>
        <Measure id="fitness">
          <Avg>-46.755</Avg>
          <Std>1.16695497754</Std>
          <Max>-46</Max>
          <Min>-51</Min>
        </Measure>
      </Stats>
    </Log>
    <Log>Evolving generation 248</Log>
    <Log>Applying main-loop operators to the 1st deme</Log>
    <Log>
      <Stats type="Stats" id="deme0" generation="248" popsize="200">
        <Item key="processed">100</Item>
        <Item key="total-processed">25000</Item>
        <Measure id="fitness">
          <Avg>-46.68</Avg>
          <Std>1.05506674156</Std>
          <Max>-46</Max>
          <Min>-50</Min>
        </Measure>
      </Stats>
    </Log>
    <Log>
      <Stats type="Stats" id="vivarium" generation="248" popsize="200">
        <Item key="processed">100</Item>
        <Item key="total-processed">25000</Item>
        <Measure id="fitness">
          <Avg>-46.68</Avg>
          <Std>1.05506674156</Std>
          <Max>-46</Max>
          <Min>-50</Min>
        </Measure>
      </Stats>
    </Log>
    <Log>Evolving generation 249</Log>
    <Log>Applying main-loop operators to the 1st deme</Log>
    <Log>
      <Stats type="Stats" id="deme0" generation="249" popsize="200">
        <Item key="processed">100</Item>
        <Item key="total-processed">25100</Item>
        <Measure id="fitness">
          <Avg>-46.605</Avg>
          <Std>1.01197602609</Std>
          <Max>-46</Max>
          <Min>-51</Min>
        </Measure>
      </Stats>
    </Log>
    <Log>
      <Stats type="Stats" id="vivarium" generation="249" popsize="200">
        <Item key="processed">100</Item>
        <Item key="total-processed">25100</Item>
        <Measure id="fitness">
          <Avg>-46.605</Avg>
          <Std>1.01197602609</Std>
          <Max>-46</Max>
          <Min>-51</Min>
        </Measure>
      </Stats>
    </Log>
    <Log>Evolving generation 250</Log>
    <Log>Applying main-loop operators to the 1st deme</Log>
    <Log>
      <Stats type="Stats" id="deme0" generation="250" popsize="200">
        <Item key="processed">100</Item>
        <Item key="total-processed">25200</Item>
        <Measure id="fitness">
          <Avg>-46.735</Avg>
          <Std>1.13632352602</Std>
          <Max>-46</Max>
          <Min>-51</Min>
        </Measure>
      </Stats>
    </Log>
    <Log>
      <Stats type="Stats" id="vivarium" generation="250" popsize="200">
        <Item key="processed">100</Item>
        <Item key="total-processed">25200</Item>
        <Measure id="fitness">
          <Avg>-46.735</Avg>
          <Std>1.13632352602</Std>
          <Max>-46</Max>
          <Min>-51</Min>
        </Measure>
      </Stats>
    </Log>
    <Log>Evolving generation 251</Log>
    <Log>Applying main-loop operators to the 1st deme</Log>
    <Log>
      <Stats type="Stats" id="deme0" generation="251" popsize="200">
        <Item key="processed">100</Item>
        <Item key="total-processed">25300</Item>
        <Measure id="fitness">
          <Avg>-46.745</Avg>
          <Std>1.15613939102</Std>
          <Max>-46</Max>
          <Min>-50</Min>
        </Measure>
      </Stats>
    </Log>
    <Log>
      <Stats type="Stats" id="vivarium" generation="251" popsize="200">
        <Item key="processed">100</Item>
        <Item key="total-processed">25300</Item>
        <Measure id="fitness">
          <Avg>-46.745</Avg>
          <Std>1.15613939102</Std>
          <Max>-46</Max>
          <Min>-50</Min>
        </Measure>
      </Stats>
    </Log>
    <Log>Evolving generation 252</Log>
    <Log>Applying main-loop operators to the 1st deme</Log>
    <Log>
      <Stats type="Stats" id="deme0" generation="252" popsize="200">
        <Item key="processed">100</Item>
        <Item key="total-processed">25400</Item>
        <Measure id="fitness">
          <Avg>-46.7</Avg>
          <Std>1.10730784033</Std>
          <Max>-46</Max>
          <Min>-51</Min>
        </Measure>
      </Stats>
    </Log>
    <Log>
      <Stats type="Stats" id="vivarium" generation="252" popsize="200">
        <Item key="processed">100</Item>
        <Item key="total-processed">25400</Item>
        <Measure id="fitness">
          <Avg>-46.7</Avg>
          <Std>1.10730784033</Std>
          <Max>-46</Max>
          <Min>-51</Min>
        </Measure>
      </Stats>
    </Log>
    <Log>Evolving generation 253</Log>
    <Log>Applying main-loop operators to the 1st deme</Log>
    <Log>
      <Stats type="Stats" id="deme0" generation="253" popsize="200">
        <Item key="processed">100</Item>
        <Item key="total-processed">25500</Item>
        <Measure id="fitness">
          <Avg>-46.75</Avg>
          <Std>1.15940549659</Std>
          <Max>-46</Max>
          <Min>-51</Min>
        </Measure>
      </Stats>
    </Log>
    <Log>
      <Stats type="Stats" id="vivarium" generation="253" popsize="200">
        <Item key="processed">100</Item>
        <Item key="total-processed">25500</Item>
        <Measure id="fitness">
          <Avg>-46.75</Avg>
          <Std>1.15940549659</Std>
          <Max>-46</Max>
          <Min>-51</Min>
        </Measure>
      </Stats>
    </Log>
    <Log>Evolving generation 254</Log>
    <Log>Applying main-loop operators to the 1st deme</Log>
    <Log>
      <Stats type="Stats" id="deme0" generation="254" popsize="200">
        <Item key="processed">100</Item>
        <Item key="total-processed">25600</Item>
        <Measure id="fitness">
          <Avg>-46.625</Avg>
          <Std>0.963856887978</Std>
          <Max>-46</Max>
          <Min>-50</Min>
        </Measure>
      </Stats>
    </Log>
    <Log>
      <Stats type="Stats" id="vivarium" generation="254" popsize="200">
        <Item key="processed">100</Item>
        <Item key="total-processed">25600</Item>
        <Measure id="fitness">
          <Avg>-46.625</Avg>
          <Std>0.963856887978</Std>
          <Max>-46</Max>
          <Min>-50</Min>
        </Measure>
      </Stats>
    </Log>
    <Log>Evolving generation 255</Log>
    <Log>Applying main-loop operators to the 1st deme</Log>
    <Log>
      <Stats type="Stats" id="deme0" generation="255" popsize="200">
        <Item key="processed">100</Item>
        <Item key="total-processed">25700</Item>
        <Measure id="fitness">
          <Avg>-46.7</Avg>
          <Std>1.1474244701</Std>
          <Max>-46</Max>
          <Min>-51</Min>
        </Measure>
      </Stats>
    </Log>
    <Log>
      <Stats type="Stats" id="vivarium" generation="255" popsize="200">
        <Item key="processed">100</Item>
        <Item key="total-processed">25700</Item>
        <Measure id="fitness">
          <Avg>-46.7</Avg>
          <Std>1.1474244701</Std>
          <Max>-46</Max>
          <Min>-51</Min>
        </Measure>
      </Stats>
    </Log>
    <Log>Evolving generation 256</Log>
    <Log>Applying main-loop operators to the 1st deme</Log>
    <Log>
      <Stats type="Stats" id="deme0" generation="256" popsize="200">
        <Item key="processed">100</Item>
        <Item key="total-processed">25800</Item>
        <Measure id="fitness">
          <Avg>-46.79</Avg>
          <Std>1.19710706565</Std>
          <Max>-46</Max>
          <Min>-51</Min>
        </Measure>
      </Stats>
    </Log>
    <Log>
      <Stats type="Stats" id="vivarium" generation="256" popsize="200">
        <Item key="processed">100</Item>
        <Item key="total-processed">25800</Item>
        <Measure id="fitness">
          <Avg>-46.79</Avg>
          <Std>1.19710706565</Std>
          <Max>-46</Max>
          <Min>-51</Min>
        </Measure>
      </Stats>
    </Log>
    <Log>Evolving generation 257</Log>
    <Log>Applying main-loop operators to the 1st deme</Log>
    <Log>
      <Stats type="Stats" id="deme0" generation="257" popsize="200">
        <Item key="processed">100</Item>
        <Item key="total-processed">25900</Item>
        <Measure id="fitness">
          <Avg>-46.65</Avg>
          <Std>1.0454495799</Std>
          <Max>-46</Max>
          <Min>-50</Min>
        </Measure>
      </Stats>
    </Log>
    <Log>
      <Stats type="Stats" id="vivarium" generation="257" popsize="200">
        <Item key="processed">100</Item>
        <Item key="total-processed">25900</Item>
        <Measure id="fitness">
          <Avg>-46.65</Avg>
          <Std>1.0454495799</Std>
          <Max>-46</Max>
          <Min>-50</Min>
        </Measure>
      </Stats>
    </Log>
    <Log>Evolving generation 258</Log>
    <Log>Applying main-loop operators to the 1st deme</Log>
    <Log>
      <Stats type="Stats" id="deme0" generation="258" popsize="200">
        <Item key="processed">100</Item>
        <Item key="total-processed">26000</Item>
        <Measure id="fitness">
          <Avg>-46.735</Avg>
          <Std>1.0958005724</Std>
          <Max>-46</Max>
          <Min>-51</Min>
        </Measure>
      </Stats>
    </Log>
    <Log>
      <Stats type="Stats" id="vivarium" generation="258" popsize="200">
        <Item key="processed">100</Item>
        <Item key="total-processed">26000</Item>
        <Measure id="fitness">
          <Avg>-46.735</Avg>
          <Std>1.0958005724</Std>
          <Max>-46</Max>
          <Min>-51</Min>
        </Measure>
      </Stats>
    </Log>
    <Log>Evolving generation 259</Log>
    <Log>Applying main-loop operators to the 1st deme</Log>
    <Log>
      <Stats type="Stats" id="deme0" generation="259" popsize="200">
        <Item key="processed">100</Item>
        <Item key="total-processed">26100</Item>
        <Measure id="fitness">
          <Avg>-46.605</Avg>
          <Std>0.918254297444</Std>
          <Max>-46</Max>
          <Min>-50</Min>
        </Measure>
      </Stats>
    </Log>
    <Log>
      <Stats type="Stats" id="vivarium" generation="259" popsize="200">
        <Item key="processed">100</Item>
        <Item key="total-processed">26100</Item>
        <Measure id="fitness">
          <Avg>-46.605</Avg>
          <Std>0.918254297444</Std>
          <Max>-46</Max>
          <Min>-50</Min>
        </Measure>
      </Stats>
    </Log>
    <Log>Evolving generation 260</Log>
    <Log>Applying main-loop operators to the 1st deme</Log>
    <Log>
      <Stats type="Stats" id="deme0" generation="260" popsize="200">
        <Item key="processed">100</Item>
        <Item key="total-processed">26200</Item>
        <Measure id="fitness">
          <Avg>-46.82</Avg>
          <Std>1.2551802209</Std>
          <Max>-46</Max>
          <Min>-51</Min>
        </Measure>
      </Stats>
    </Log>
    <Log>
      <Stats type="Stats" id="vivarium" generation="260" popsize="200">
        <Item key="processed">100</Item>
        <Item key="total-processed">26200</Item>
        <Measure id="fitness">
          <Avg>-46.82</Avg>
          <Std>1.2551802209</Std>
          <Max>-46</Max>
          <Min>-51</Min>
        </Measure>
      </Stats>
    </Log>
    <Log>Evolving generation 261</Log>
    <Log>Applying main-loop operators to the 1st deme</Log>
    <Log>
      <Stats type="Stats" id="deme0" generation="261" popsize="200">
        <Item key="processed">100</Item>
        <Item key="total-processed">26300</Item>
        <Measure id="fitness">
          <Avg>-46.71</Avg>
          <Std>1.16304054812</Std>
          <Max>-46</Max>
          <Min>-53</Min>
        </Measure>
      </Stats>
    </Log>
    <Log>
      <Stats type="Stats" id="vivarium" generation="261" popsize="200">
        <Item key="processed">100</Item>
        <Item key="total-processed">26300</Item>
        <Measure id="fitness">
          <Avg>-46.71</Avg>
          <Std>1.16304054812</Std>
          <Max>-46</Max>
          <Min>-53</Min>
        </Measure>
      </Stats>
    </Log>
    <Log>Evolving generation 262</Log>
    <Log>Applying main-loop operators to the 1st deme</Log>
    <Log>
      <Stats type="Stats" id="deme0" generation="262" popsize="200">
        <Item key="processed">100</Item>
        <Item key="total-processed">26400</Item>
        <Measure id="fitness">
          <Avg>-46.68</Avg>
          <Std>1.05506674156</Std>
          <Max>-46</Max>
          <Min>-51</Min>
        </Measure>
      </Stats>
    </Log>
    <Log>
      <Stats type="Stats" id="vivarium" generation="262" popsize="200">
        <Item key="processed">100</Item>
        <Item key="total-processed">26400</Item>
        <Measure id="fitness">
          <Avg>-46.68</Avg>
          <Std>1.05506674156</Std>
          <Max>-46</Max>
          <Min>-51</Min>
        </Measure>
      </Stats>
    </Log>
    <Log>Evolving generation 263</Log>
    <Log>Applying main-loop operators to the 1st deme</Log>
    <Log>
      <Stats type="Stats" id="deme0" generation="263" popsize="200">
        <Item key="processed">100</Item>
        <Item key="total-processed">26500</Item>
        <Measure id="fitness">
          <Avg>-46.75</Avg>
          <Std>1.05977147437</Std>
          <Max>-46</Max>
          <Min>-51</Min>
        </Measure>
      </Stats>
    </Log>
    <Log>
      <Stats type="Stats" id="vivarium" generation="263" popsize="200">
        <Item key="processed">100</Item>
        <Item key="total-processed">26500</Item>
        <Measure id="fitness">
          <Avg>-46.75</Avg>
          <Std>1.05977147437</Std>
          <Max>-46</Max>
          <Min>-51</Min>
        </Measure>
      </Stats>
    </Log>
    <Log>Evolving generation 264</Log>
    <Log>Applying main-loop operators to the 1st deme</Log>
    <Log>
      <Stats type="Stats" id="deme0" generation="264" popsize="200">
        <Item key="processed">100</Item>
        <Item key="total-processed">26600</Item>
        <Measure id="fitness">
          <Avg>-46.74</Avg>
          <Std>1.17870553306</Std>
          <Max>-46</Max>
          <Min>-51</Min>
        </Measure>
      </Stats>
    </Log>
    <Log>
      <Stats type="Stats" id="vivarium" generation="264" popsize="200">
        <Item key="processed">100</Item>
        <Item key="total-processed">26600</Item>
        <Measure id="fitness">
          <Avg>-46.74</Avg>
          <Std>1.17870553306</Std>
          <Max>-46</Max>
          <Min>-51</Min>
        </Measure>
      </Stats>
    </Log>
    <Log>Evolving generation 265</Log>
    <Log>Applying main-loop operators to the 1st deme</Log>
    <Log>
      <Stats type="Stats" id="deme0" generation="265" popsize="200">
        <Item key="processed">100</Item>
        <Item key="total-processed">26700</Item>
        <Measure id="fitness">
          <Avg>-46.745</Avg>
          <Std>1.1861745446</Std>
          <Max>-46</Max>
          <Min>-52</Min>
        </Measure>
      </Stats>
    </Log>
    <Log>
      <Stats type="Stats" id="vivarium" generation="265" popsize="200">
        <Item key="processed">100</Item>
        <Item key="total-processed">26700</Item>
        <Measure id="fitness">
          <Avg>-46.745</Avg>
          <Std>1.1861745446</Std>
          <Max>-46</Max>
          <Min>-52</Min>
        </Measure>
      </Stats>
    </Log>
    <Log>Evolving generation 266</Log>
    <Log>Applying main-loop operators to the 1st deme</Log>
    <Log>
      <Stats type="Stats" id="deme0" generation="266" popsize="200">
        <Item key="processed">100</Item>
        <Item key="total-processed">26800</Item>
        <Measure id="fitness">
          <Avg>-46.855</Avg>
          <Std>1.19629873078</Std>
          <Max>-46</Max>
          <Min>-51</Min>
        </Measure>
      </Stats>
    </Log>
    <Log>
      <Stats type="Stats" id="vivarium" generation="266" popsize="200">
        <Item key="processed">100</Item>
        <Item key="total-processed">26800</Item>
        <Measure id="fitness">
          <Avg>-46.855</Avg>
          <Std>1.19629873078</Std>
          <Max>-46</Max>
          <Min>-51</Min>
        </Measure>
      </Stats>
    </Log>
    <Log>Evolving generation 267</Log>
    <Log>Applying main-loop operators to the 1st deme</Log>
    <Log>
      <Stats type="Stats" id="deme0" generation="267" popsize="200">
        <Item key="processed">100</Item>
        <Item key="total-processed">26900</Item>
        <Measure id="fitness">
          <Avg>-46.68</Avg>
          <Std>1.06454982582</Std>
          <Max>-46</Max>
          <Min>-51</Min>
        </Measure>
      </Stats>
    </Log>
    <Log>
      <Stats type="Stats" id="vivarium" generation="267" popsize="200">
        <Item key="processed">100</Item>
        <Item key="total-processed">26900</Item>
        <Measure id="fitness">
          <Avg>-46.68</Avg>
          <Std>1.06454982582</Std>
          <Max>-46</Max>
          <Min>-51</Min>
        </Measure>
      </Stats>
    </Log>
    <Log>Evolving generation 268</Log>
    <Log>Applying main-loop operators to the 1st deme</Log>
    <Log>
      <Stats type="Stats" id="deme0" generation="268" popsize="200">
        <Item key="processed">100</Item>
        <Item key="total-processed">27000</Item>
        <Measure id="fitness">
          <Avg>-46.725</Avg>
          <Std>1.14715071977</Std>
          <Max>-46</Max>
          <Min>-51</Min>
        </Measure>
      </Stats>
    </Log>
    <Log>
      <Stats type="Stats" id="vivarium" generation="268" popsize="200">
        <Item key="processed">100</Item>
        <Item key="total-processed">27000</Item>
        <Measure id="fitness">
          <Avg>-46.725</Avg>
          <Std>1.14715071977</Std>
          <Max>-46</Max>
          <Min>-51</Min>
        </Measure>
      </Stats>
    </Log>
    <Log>Evolving generation 269</Log>
    <Log>Applying main-loop operators to the 1st deme</Log>
    <Log>
      <Stats type="Stats" id="deme0" generation="269" popsize="200">
        <Item key="processed">100</Item>
        <Item key="total-processed">27100</Item>
        <Measure id="fitness">
          <Avg>-46.65</Avg>
          <Std>1.0211334721</Std>
          <Max>-46</Max>
          <Min>-50</Min>
        </Measure>
      </Stats>
    </Log>
    <Log>
      <Stats type="Stats" id="vivarium" generation="269" popsize="200">
        <Item key="processed">100</Item>
        <Item key="total-processed">27100</Item>
        <Measure id="fitness">
          <Avg>-46.65</Avg>
          <Std>1.0211334721</Std>
          <Max>-46</Max>
          <Min>-50</Min>
        </Measure>
      </Stats>
    </Log>
    <Log>Evolving generation 270</Log>
    <Log>Applying main-loop operators to the 1st deme</Log>
    <Log>
      <Stats type="Stats" id="deme0" generation="270" popsize="200">
        <Item key="processed">100</Item>
        <Item key="total-processed">27200</Item>
        <Measure id="fitness">
          <Avg>-46.68</Avg>
          <Std>1.06925982947</Std>
          <Max>-46</Max>
          <Min>-51</Min>
        </Measure>
      </Stats>
    </Log>
    <Log>
      <Stats type="Stats" id="vivarium" generation="270" popsize="200">
        <Item key="processed">100</Item>
        <Item key="total-processed">27200</Item>
        <Measure id="fitness">
          <Avg>-46.68</Avg>
          <Std>1.06925982947</Std>
          <Max>-46</Max>
          <Min>-51</Min>
        </Measure>
      </Stats>
    </Log>
    <Log>Evolving generation 271</Log>
    <Log>Applying main-loop operators to the 1st deme</Log>
    <Log>
      <Stats type="Stats" id="deme0" generation="271" popsize="200">
        <Item key="processed">100</Item>
        <Item key="total-processed">27300</Item>
        <Measure id="fitness">
          <Avg>-46.7</Avg>
          <Std>1.09360865921</Std>
          <Max>-46</Max>
          <Min>-50</Min>
        </Measure>
      </Stats>
    </Log>
    <Log>
      <Stats type="Stats" id="vivarium" generation="271" popsize="200">
        <Item key="processed">100</Item>
        <Item key="total-processed">27300</Item>
        <Measure id="fitness">
          <Avg>-46.7</Avg>
          <Std>1.09360865921</Std>
          <Max>-46</Max>
          <Min>-50</Min>
        </Measure>
      </Stats>
    </Log>
    <Log>Evolving generation 272</Log>
    <Log>Applying main-loop operators to the 1st deme</Log>
    <Log>
      <Stats type="Stats" id="deme0" generation="272" popsize="200">
        <Item key="processed">100</Item>
        <Item key="total-processed">27400</Item>
        <Measure id="fitness">
          <Avg>-46.595</Avg>
          <Std>1.02284213354</Std>
          <Max>-46</Max>
          <Min>-50</Min>
        </Measure>
      </Stats>
    </Log>
    <Log>
      <Stats type="Stats" id="vivarium" generation="272" popsize="200">
        <Item key="processed">100</Item>
        <Item key="total-processed">27400</Item>
        <Measure id="fitness">
          <Avg>-46.595</Avg>
          <Std>1.02284213354</Std>
          <Max>-46</Max>
          <Min>-50</Min>
        </Measure>
      </Stats>
    </Log>
    <Log>Evolving generation 273</Log>
    <Log>Applying main-loop operators to the 1st deme</Log>
    <Log>
      <Stats type="Stats" id="deme0" generation="273" popsize="200">
        <Item key="processed">100</Item>
        <Item key="total-processed">27500</Item>
        <Measure id="fitness">
          <Avg>-46.67</Avg>
          <Std>1.05673242455</Std>
          <Max>-46</Max>
          <Min>-51</Min>
        </Measure>
      </Stats>
    </Log>
    <Log>
      <Stats type="Stats" id="vivarium" generation="273" popsize="200">
        <Item key="processed">100</Item>
        <Item key="total-processed">27500</Item>
        <Measure id="fitness">
          <Avg>-46.67</Avg>
          <Std>1.05673242455</Std>
          <Max>-46</Max>
          <Min>-51</Min>
        </Measure>
      </Stats>
    </Log>
    <Log>Evolving generation 274</Log>
    <Log>Applying main-loop operators to the 1st deme</Log>
    <Log>
      <Stats type="Stats" id="deme0" generation="274" popsize="200">
        <Item key="processed">100</Item>
        <Item key="total-processed">27600</Item>
        <Measure id="fitness">
          <Avg>-46.72</Avg>
          <Std>1.1215567071</Std>
          <Max>-46</Max>
          <Min>-51</Min>
        </Measure>
      </Stats>
    </Log>
    <Log>
      <Stats type="Stats" id="vivarium" generation="274" popsize="200">
        <Item key="processed">100</Item>
        <Item key="total-processed">27600</Item>
        <Measure id="fitness">
          <Avg>-46.72</Avg>
          <Std>1.1215567071</Std>
          <Max>-46</Max>
          <Min>-51</Min>
        </Measure>
      </Stats>
    </Log>
    <Log>Evolving generation 275</Log>
    <Log>Applying main-loop operators to the 1st deme</Log>
    <Log>
      <Stats type="Stats" id="deme0" generation="275" popsize="200">
        <Item key="processed">100</Item>
        <Item key="total-processed">27700</Item>
        <Measure id="fitness">
          <Avg>-46.855</Avg>
          <Std>1.2775506559</Std>
          <Max>-46</Max>
          <Min>-51</Min>
        </Measure>
      </Stats>
    </Log>
    <Log>
      <Stats type="Stats" id="vivarium" generation="275" popsize="200">
        <Item key="processed">100</Item>
        <Item key="total-processed">27700</Item>
        <Measure id="fitness">
          <Avg>-46.855</Avg>
          <Std>1.2775506559</Std>
          <Max>-46</Max>
          <Min>-51</Min>
        </Measure>
      </Stats>
    </Log>
    <Log>Evolving generation 276</Log>
    <Log>Applying main-loop operators to the 1st deme</Log>
    <Log>
      <Stats type="Stats" id="deme0" generation="276" popsize="200">
        <Item key="processed">100</Item>
        <Item key="total-processed">27800</Item>
        <Measure id="fitness">
          <Avg>-46.685</Avg>
          <Std>1.06840180272</Std>
          <Max>-46</Max>
          <Min>-51</Min>
        </Measure>
      </Stats>
    </Log>
    <Log>
      <Stats type="Stats" id="vivarium" generation="276" popsize="200">
        <Item key="processed">100</Item>
        <Item key="total-processed">27800</Item>
        <Measure id="fitness">
          <Avg>-46.685</Avg>
          <Std>1.06840180272</Std>
          <Max>-46</Max>
          <Min>-51</Min>
        </Measure>
      </Stats>
    </Log>
    <Log>Evolving generation 277</Log>
    <Log>Applying main-loop operators to the 1st deme</Log>
    <Log>
      <Stats type="Stats" id="deme0" generation="277" popsize="200">
        <Item key="processed">100</Item>
        <Item key="total-processed">27900</Item>
        <Measure id="fitness">
          <Avg>-46.74</Avg>
          <Std>1.023541983</Std>
          <Max>-46</Max>
          <Min>-50</Min>
        </Measure>
      </Stats>
    </Log>
    <Log>
      <Stats type="Stats" id="vivarium" generation="277" popsize="200">
        <Item key="processed">100</Item>
        <Item key="total-processed">27900</Item>
        <Measure id="fitness">
          <Avg>-46.74</Avg>
          <Std>1.023541983</Std>
          <Max>-46</Max>
          <Min>-50</Min>
        </Measure>
      </Stats>
    </Log>
    <Log>Evolving generation 278</Log>
    <Log>Applying main-loop operators to the 1st deme</Log>
    <Log>
      <Stats type="Stats" id="deme0" generation="278" popsize="200">
        <Item key="processed">100</Item>
        <Item key="total-processed">28000</Item>
        <Measure id="fitness">
          <Avg>-46.82</Avg>
          <Std>1.22273274958</Std>
          <Max>-46</Max>
          <Min>-51</Min>
        </Measure>
      </Stats>
    </Log>
    <Log>
      <Stats type="Stats" id="vivarium" generation="278" popsize="200">
        <Item key="processed">100</Item>
        <Item key="total-processed">28000</Item>
        <Measure id="fitness">
          <Avg>-46.82</Avg>
          <Std>1.22273274958</Std>
          <Max>-46</Max>
          <Min>-51</Min>
        </Measure>
      </Stats>
    </Log>
    <Log>Evolving generation 279</Log>
    <Log>Applying main-loop operators to the 1st deme</Log>
    <Log>
      <Stats type="Stats" id="deme0" generation="279" popsize="200">
        <Item key="processed">100</Item>
        <Item key="total-processed">28100</Item>
        <Measure id="fitness">
          <Avg>-46.71</Avg>
          <Std>1.11450013583</Std>
          <Max>-46</Max>
          <Min>-51</Min>
        </Measure>
      </Stats>
    </Log>
    <Log>
      <Stats type="Stats" id="vivarium" generation="279" popsize="200">
        <Item key="processed">100</Item>
        <Item key="total-processed">28100</Item>
        <Measure id="fitness">
          <Avg>-46.71</Avg>
          <Std>1.11450013583</Std>
          <Max>-46</Max>
          <Min>-51</Min>
        </Measure>
      </Stats>
    </Log>
    <Log>Evolving generation 280</Log>
    <Log>Applying main-loop operators to the 1st deme</Log>
    <Log>
      <Stats type="Stats" id="deme0" generation="280" popsize="200">
        <Item key="processed">100</Item>
        <Item key="total-processed">28200</Item>
        <Measure id="fitness">
          <Avg>-46.72</Avg>
          <Std>1.16118116956</Std>
          <Max>-46</Max>
          <Min>-51</Min>
        </Measure>
      </Stats>
    </Log>
    <Log>
      <Stats type="Stats" id="vivarium" generation="280" popsize="200">
        <Item key="processed">100</Item>
        <Item key="total-processed">28200</Item>
        <Measure id="fitness">
          <Avg>-46.72</Avg>
          <Std>1.16118116956</Std>
          <Max>-46</Max>
          <Min>-51</Min>
        </Measure>
      </Stats>
    </Log>
    <Log>Evolving generation 281</Log>
    <Log>Applying main-loop operators to the 1st deme</Log>
    <Log>
      <Stats type="Stats" id="deme0" generation="281" popsize="200">
        <Item key="processed">100</Item>
        <Item key="total-processed">28300</Item>
        <Measure id="fitness">
          <Avg>-46.82</Avg>
          <Std>1.17665738984</Std>
          <Max>-46</Max>
          <Min>-50</Min>
        </Measure>
      </Stats>
    </Log>
    <Log>
      <Stats type="Stats" id="vivarium" generation="281" popsize="200">
        <Item key="processed">100</Item>
        <Item key="total-processed">28300</Item>
        <Measure id="fitness">
          <Avg>-46.82</Avg>
          <Std>1.17665738984</Std>
          <Max>-46</Max>
          <Min>-50</Min>
        </Measure>
      </Stats>
    </Log>
    <Log>Evolving generation 282</Log>
    <Log>Applying main-loop operators to the 1st deme</Log>
    <Log>
      <Stats type="Stats" id="deme0" generation="282" popsize="200">
        <Item key="processed">100</Item>
        <Item key="total-processed">28400</Item>
        <Measure id="fitness">
          <Avg>-46.615</Avg>
          <Std>1.03057528941</Std>
          <Max>-46</Max>
          <Min>-50</Min>
        </Measure>
      </Stats>
    </Log>
    <Log>
      <Stats type="Stats" id="vivarium" generation="282" popsize="200">
        <Item key="processed">100</Item>
        <Item key="total-processed">28400</Item>
        <Measure id="fitness">
          <Avg>-46.615</Avg>
          <Std>1.03057528941</Std>
          <Max>-46</Max>
          <Min>-50</Min>
        </Measure>
      </Stats>
    </Log>
    <Log>Evolving generation 283</Log>
    <Log>Applying main-loop operators to the 1st deme</Log>
    <Log>
      <Stats type="Stats" id="deme0" generation="283" popsize="200">
        <Item key="processed">100</Item>
        <Item key="total-processed">28500</Item>
        <Measure id="fitness">
          <Avg>-46.675</Avg>
          <Std>1.07477939772</Std>
          <Max>-46</Max>
          <Min>-50</Min>
        </Measure>
      </Stats>
    </Log>
    <Log>
      <Stats type="Stats" id="vivarium" generation="283" popsize="200">
        <Item key="processed">100</Item>
        <Item key="total-processed">28500</Item>
        <Measure id="fitness">
          <Avg>-46.675</Avg>
          <Std>1.07477939772</Std>
          <Max>-46</Max>
          <Min>-50</Min>
        </Measure>
      </Stats>
    </Log>
    <Log>Evolving generation 284</Log>
    <Log>Applying main-loop operators to the 1st deme</Log>
    <Log>
      <Stats type="Stats" id="deme0" generation="284" popsize="200">
        <Item key="processed">100</Item>
        <Item key="total-processed">28600</Item>
        <Measure id="fitness">
          <Avg>-46.73</Avg>
          <Std>1.10599099472</Std>
          <Max>-46</Max>
          <Min>-51</Min>
        </Measure>
      </Stats>
    </Log>
    <Log>
      <Stats type="Stats" id="vivarium" generation="284" popsize="200">
        <Item key="processed">100</Item>
        <Item key="total-processed">28600</Item>
        <Measure id="fitness">
          <Avg>-46.73</Avg>
          <Std>1.10599099472</Std>
          <Max>-46</Max>
          <Min>-51</Min>
        </Measure>
      </Stats>
    </Log>
    <Log>Evolving generation 285</Log>
    <Log>Applying main-loop operators to the 1st deme</Log>
    <Log>
      <Stats type="Stats" id="deme0" generation="285" popsize="200">
        <Item key="processed">100</Item>
        <Item key="total-processed">28700</Item>
        <Measure id="fitness">
          <Avg>-46.72</Avg>
          <Std>1.16980434734</Std>
          <Max>-46</Max>
          <Min>-51</Min>
        </Measure>
      </Stats>
    </Log>
    <Log>
      <Stats type="Stats" id="vivarium" generation="285" popsize="200">
        <Item key="processed">100</Item>
        <Item key="total-processed">28700</Item>
        <Measure id="fitness">
          <Avg>-46.72</Avg>
          <Std>1.16980434734</Std>
          <Max>-46</Max>
          <Min>-51</Min>
        </Measure>
      </Stats>
    </Log>
    <Log>Evolving generation 286</Log>
    <Log>Applying main-loop operators to the 1st deme</Log>
    <Log>
      <Stats type="Stats" id="deme0" generation="286" popsize="200">
        <Item key="processed">100</Item>
        <Item key="total-processed">28800</Item>
        <Measure id="fitness">
          <Avg>-46.795</Avg>
          <Std>1.16177606194</Std>
          <Max>-46</Max>
          <Min>-51</Min>
        </Measure>
      </Stats>
    </Log>
    <Log>
      <Stats type="Stats" id="vivarium" generation="286" popsize="200">
        <Item key="processed">100</Item>
        <Item key="total-processed">28800</Item>
        <Measure id="fitness">
          <Avg>-46.795</Avg>
          <Std>1.16177606194</Std>
          <Max>-46</Max>
          <Min>-51</Min>
        </Measure>
      </Stats>
    </Log>
    <Log>Evolving generation 287</Log>
    <Log>Applying main-loop operators to the 1st deme</Log>
    <Log>
      <Stats type="Stats" id="deme0" generation="287" popsize="200">
        <Item key="processed">100</Item>
        <Item key="total-processed">28900</Item>
        <Measure id="fitness">
          <Avg>-46.67</Avg>
          <Std>1.05673242455</Std>
          <Max>-46</Max>
          <Min>-51</Min>
        </Measure>
      </Stats>
    </Log>
    <Log>
      <Stats type="Stats" id="vivarium" generation="287" popsize="200">
        <Item key="processed">100</Item>
        <Item key="total-processed">28900</Item>
        <Measure id="fitness">
          <Avg>-46.67</Avg>
          <Std>1.05673242455</Std>
          <Max>-46</Max>
          <Min>-51</Min>
        </Measure>
      </Stats>
    </Log>
    <Log>Evolving generation 288</Log>
    <Log>Applying main-loop operators to the 1st deme</Log>
    <Log>
      <Stats type="Stats" id="deme0" generation="288" popsize="200">
        <Item key="processed">100</Item>
        <Item key="total-processed">29000</Item>
        <Measure id="fitness">
          <Avg>-46.805</Avg>
          <Std>1.26688594593</Std>
          <Max>-46</Max>
          <Min>-51</Min>
        </Measure>
      </Stats>
    </Log>
    <Log>
      <Stats type="Stats" id="vivarium" generation="288" popsize="200">
        <Item key="processed">100</Item>
        <Item key="total-processed">29000</Item>
        <Measure id="fitness">
          <Avg>-46.805</Avg>
          <Std>1.26688594593</Std>
          <Max>-46</Max>
          <Min>-51</Min>
        </Measure>
      </Stats>
    </Log>
    <Log>Evolving generation 289</Log>
    <Log>Applying main-loop operators to the 1st deme</Log>
    <Log>
      <Stats type="Stats" id="deme0" generation="289" popsize="200">
        <Item key="processed">100</Item>
        <Item key="total-processed">29100</Item>
        <Measure id="fitness">
          <Avg>-46.66</Avg>
          <Std>1.03428658684</Std>
          <Max>-46</Max>
          <Min>-51</Min>
        </Measure>
      </Stats>
    </Log>
    <Log>
      <Stats type="Stats" id="vivarium" generation="289" popsize="200">
        <Item key="processed">100</Item>
        <Item key="total-processed">29100</Item>
        <Measure id="fitness">
          <Avg>-46.66</Avg>
          <Std>1.03428658684</Std>
          <Max>-46</Max>
          <Min>-51</Min>
        </Measure>
      </Stats>
    </Log>
    <Log>Evolving generation 290</Log>
    <Log>Applying main-loop operators to the 1st deme</Log>
    <Log>
      <Stats type="Stats" id="deme0" generation="290" popsize="200">
        <Item key="processed">100</Item>
        <Item key="total-processed">29200</Item>
        <Measure id="fitness">
          <Avg>-46.72</Avg>
          <Std>1.09434361135</Std>
          <Max>-46</Max>
          <Min>-50</Min>
        </Measure>
      </Stats>
    </Log>
    <Log>
      <Stats type="Stats" id="vivarium" generation="290" popsize="200">
        <Item key="processed">100</Item>
        <Item key="total-processed">29200</Item>
        <Measure id="fitness">
          <Avg>-46.72</Avg>
          <Std>1.09434361135</Std>
          <Max>-46</Max>
          <Min>-50</Min>
        </Measure>
      </Stats>
    </Log>
    <Log>Evolving generation 291</Log>
    <Log>Applying main-loop operators to the 1st deme</Log>
    <Log>
      <Stats type="Stats" id="deme0" generation="291" popsize="200">
        <Item key="processed">100</Item>
        <Item key="total-processed">29300</Item>
        <Measure id="fitness">
          <Avg>-46.845</Avg>
          <Std>1.19923551863</Std>
          <Max>-46</Max>
          <Min>-51</Min>
        </Measure>
      </Stats>
    </Log>
    <Log>
      <Stats type="Stats" id="vivarium" generation="291" popsize="200">
        <Item key="processed">100</Item>
        <Item key="total-processed">29300</Item>
        <Measure id="fitness">
          <Avg>-46.845</Avg>
          <Std>1.19923551863</Std>
          <Max>-46</Max>
          <Min>-51</Min>
        </Measure>
      </Stats>
    </Log>
    <Log>Evolving generation 292</Log>
    <Log>Applying main-loop operators to the 1st deme</Log>
    <Log>
      <Stats type="Stats" id="deme0" generation="292" popsize="200">
        <Item key="processed">100</Item>
        <Item key="total-processed">29400</Item>
        <Measure id="fitness">
          <Avg>-46.785</Avg>
          <Std>1.13366706092</Std>
          <Max>-46</Max>
          <Min>-51</Min>
        </Measure>
      </Stats>
    </Log>
    <Log>
      <Stats type="Stats" id="vivarium" generation="292" popsize="200">
        <Item key="processed">100</Item>
        <Item key="total-processed">29400</Item>
        <Measure id="fitness">
          <Avg>-46.785</Avg>
          <Std>1.13366706092</Std>
          <Max>-46</Max>
          <Min>-51</Min>
        </Measure>
      </Stats>
    </Log>
    <Log>Evolving generation 293</Log>
    <Log>Applying main-loop operators to the 1st deme</Log>
    <Log>
      <Stats type="Stats" id="deme0" generation="293" popsize="200">
        <Item key="processed">100</Item>
        <Item key="total-processed">29500</Item>
        <Measure id="fitness">
          <Avg>-46.755</Avg>
          <Std>1.16264081656</Std>
          <Max>-46</Max>
          <Min>-51</Min>
        </Measure>
      </Stats>
    </Log>
    <Log>
      <Stats type="Stats" id="vivarium" generation="293" popsize="200">
        <Item key="processed">100</Item>
        <Item key="total-processed">29500</Item>
        <Measure id="fitness">
          <Avg>-46.755</Avg>
          <Std>1.16264081656</Std>
          <Max>-46</Max>
          <Min>-51</Min>
        </Measure>
      </Stats>
    </Log>
    <Log>Evolving generation 294</Log>
    <Log>Applying main-loop operators to the 1st deme</Log>
    <Log>
      <Stats type="Stats" id="deme0" generation="294" popsize="200">
        <Item key="processed">100</Item>
        <Item key="total-processed">29600</Item>
        <Measure id="fitness">
          <Avg>-46.695</Avg>
          <Std>1.11272900077</Std>
          <Max>-46</Max>
          <Min>-51</Min>
        </Measure>
      </Stats>
    </Log>
    <Log>
      <Stats type="Stats" id="vivarium" generation="294" popsize="200">
        <Item key="processed">100</Item>
        <Item key="total-processed">29600</Item>
        <Measure id="fitness">
          <Avg>-46.695</Avg>
          <Std>1.11272900077</Std>
          <Max>-46</Max>
          <Min>-51</Min>
        </Measure>
      </Stats>
    </Log>
    <Log>Evolving generation 295</Log>
    <Log>Applying main-loop operators to the 1st deme</Log>
    <Log>
      <Stats type="Stats" id="deme0" generation="295" popsize="200">
        <Item key="processed">100</Item>
        <Item key="total-processed">29700</Item>
        <Measure id="fitness">
          <Avg>-46.67</Avg>
          <Std>1.05673242455</Std>
          <Max>-46</Max>
          <Min>-50</Min>
        </Measure>
      </Stats>
    </Log>
    <Log>
      <Stats type="Stats" id="vivarium" generation="295" popsize="200">
        <Item key="processed">100</Item>
        <Item key="total-processed">29700</Item>
        <Measure id="fitness">
          <Avg>-46.67</Avg>
          <Std>1.05673242455</Std>
          <Max>-46</Max>
          <Min>-50</Min>
        </Measure>
      </Stats>
    </Log>
    <Log>Evolving generation 296</Log>
    <Log>Applying main-loop operators to the 1st deme</Log>
    <Log>
      <Stats type="Stats" id="deme0" generation="296" popsize="200">
        <Item key="processed">100</Item>
        <Item key="total-processed">29800</Item>
        <Measure id="fitness">
          <Avg>-46.78</Avg>
          <Std>1.08048007197</Std>
          <Max>-46</Max>
          <Min>-50</Min>
        </Measure>
      </Stats>
    </Log>
    <Log>
      <Stats type="Stats" id="vivarium" generation="296" popsize="200">
        <Item key="processed">100</Item>
        <Item key="total-processed">29800</Item>
        <Measure id="fitness">
          <Avg>-46.78</Avg>
          <Std>1.08048007197</Std>
          <Max>-46</Max>
          <Min>-50</Min>
        </Measure>
      </Stats>
    </Log>
    <Log>Evolving generation 297</Log>
    <Log>Applying main-loop operators to the 1st deme</Log>
    <Log>
      <Stats type="Stats" id="deme0" generation="297" popsize="200">
        <Item key="processed">100</Item>
        <Item key="total-processed">29900</Item>
        <Measure id="fitness">
          <Avg>-46.795</Avg>
          <Std>1.24124066641</Std>
          <Max>-46</Max>
          <Min>-51</Min>
        </Measure>
      </Stats>
    </Log>
    <Log>
      <Stats type="Stats" id="vivarium" generation="297" popsize="200">
        <Item key="processed">100</Item>
        <Item key="total-processed">29900</Item>
        <Measure id="fitness">
          <Avg>-46.795</Avg>
          <Std>1.24124066641</Std>
          <Max>-46</Max>
          <Min>-51</Min>
        </Measure>
      </Stats>
    </Log>
    <Log>Evolving generation 298</Log>
    <Log>Applying main-loop operators to the 1st deme</Log>
    <Log>
      <Stats type="Stats" id="deme0" generation="298" popsize="200">
        <Item key="processed">100</Item>
        <Item key="total-processed">30000</Item>
        <Measure id="fitness">
          <Avg>-46.59</Avg>
          <Std>0.914374322698</Std>
          <Max>-46</Max>
          <Min>-50</Min>
        </Measure>
      </Stats>
    </Log>
    <Log>
      <Stats type="Stats" id="vivarium" generation="298" popsize="200">
        <Item key="processed">100</Item>
        <Item key="total-processed">30000</Item>
        <Measure id="fitness">
          <Avg>-46.59</Avg>
          <Std>0.914374322698</Std>
          <Max>-46</Max>
          <Min>-50</Min>
        </Measure>
      </Stats>
    </Log>
    <Log>Evolving generation 299</Log>
    <Log>Applying main-loop operators to the 1st deme</Log>
    <Log>
      <Stats type="Stats" id="deme0" generation="299" popsize="200">
        <Item key="processed">100</Item>
        <Item key="total-processed">30100</Item>
        <Measure id="fitness">
          <Avg>-46.705</Avg>
          <Std>1.0787928299</Std>
          <Max>-46</Max>
          <Min>-51</Min>
        </Measure>
      </Stats>
    </Log>
    <Log>
      <Stats type="Stats" id="vivarium" generation="299" popsize="200">
        <Item key="processed">100</Item>
        <Item key="total-processed">30100</Item>
        <Measure id="fitness">
          <Avg>-46.705</Avg>
          <Std>1.0787928299</Std>
          <Max>-46</Max>
          <Min>-51</Min>
        </Measure>
      </Stats>
    </Log>
    <Log>Evolving generation 300</Log>
    <Log>Applying main-loop operators to the 1st deme</Log>
    <Log>
      <Stats type="Stats" id="deme0" generation="300" popsize="200">
        <Item key="processed">100</Item>
        <Item key="total-processed">30200</Item>
        <Measure id="fitness">
          <Avg>-46.655</Avg>
          <Std>1.07318855209</Std>
          <Max>-46</Max>
          <Min>-51</Min>
        </Measure>
      </Stats>
    </Log>
    <Log>
      <Stats type="Stats" id="vivarium" generation="300" popsize="200">
        <Item key="processed">100</Item>
        <Item key="total-processed">30200</Item>
        <Measure id="fitness">
          <Avg>-46.655</Avg>
          <Std>1.07318855209</Std>
          <Max>-46</Max>
          <Min>-51</Min>
        </Measure>
      </Stats>
    </Log>
    <Log>Evolving generation 301</Log>
    <Log>Applying main-loop operators to the 1st deme</Log>
    <Log>
      <Stats type="Stats" id="deme0" generation="301" popsize="200">
        <Item key="processed">100</Item>
        <Item key="total-processed">30300</Item>
        <Measure id="fitness">
          <Avg>-46.635</Avg>
          <Std>1.01336545616</Std>
          <Max>-46</Max>
          <Min>-50</Min>
        </Measure>
      </Stats>
    </Log>
    <Log>
      <Stats type="Stats" id="vivarium" generation="301" popsize="200">
        <Item key="processed">100</Item>
        <Item key="total-processed">30300</Item>
        <Measure id="fitness">
          <Avg>-46.635</Avg>
          <Std>1.01336545616</Std>
          <Max>-46</Max>
          <Min>-50</Min>
        </Measure>
      </Stats>
    </Log>
    <Log>Evolving generation 302</Log>
    <Log>Applying main-loop operators to the 1st deme</Log>
    <Log>
      <Stats type="Stats" id="deme0" generation="302" popsize="200">
        <Item key="processed">100</Item>
        <Item key="total-processed">30400</Item>
        <Measure id="fitness">
          <Avg>-46.68</Avg>
          <Std>1.06925982947</Std>
          <Max>-46</Max>
          <Min>-50</Min>
        </Measure>
      </Stats>
    </Log>
    <Log>
      <Stats type="Stats" id="vivarium" generation="302" popsize="200">
        <Item key="processed">100</Item>
        <Item key="total-processed">30400</Item>
        <Measure id="fitness">
          <Avg>-46.68</Avg>
          <Std>1.06925982947</Std>
          <Max>-46</Max>
          <Min>-50</Min>
        </Measure>
      </Stats>
    </Log>
    <Log>Evolving generation 303</Log>
    <Log>Applying main-loop operators to the 1st deme</Log>
    <Log>
      <Stats type="Stats" id="deme0" generation="303" popsize="200">
        <Item key="processed">100</Item>
        <Item key="total-processed">30500</Item>
        <Measure id="fitness">
          <Avg>-46.76</Avg>
          <Std>1.09011086984</Std>
          <Max>-46</Max>
          <Min>-50</Min>
        </Measure>
      </Stats>
    </Log>
    <Log>
      <Stats type="Stats" id="vivarium" generation="303" popsize="200">
        <Item key="processed">100</Item>
        <Item key="total-processed">30500</Item>
        <Measure id="fitness">
          <Avg>-46.76</Avg>
          <Std>1.09011086984</Std>
          <Max>-46</Max>
          <Min>-50</Min>
        </Measure>
      </Stats>
    </Log>
    <Log>Evolving generation 304</Log>
    <Log>Applying main-loop operators to the 1st deme</Log>
    <Log>
      <Stats type="Stats" id="deme0" generation="304" popsize="200">
        <Item key="processed">100</Item>
        <Item key="total-processed">30600</Item>
        <Measure id="fitness">
          <Avg>-46.775</Avg>
          <Std>1.16669657775</Std>
          <Max>-46</Max>
          <Min>-51</Min>
        </Measure>
      </Stats>
    </Log>
    <Log>
      <Stats type="Stats" id="vivarium" generation="304" popsize="200">
        <Item key="processed">100</Item>
        <Item key="total-processed">30600</Item>
        <Measure id="fitness">
          <Avg>-46.775</Avg>
          <Std>1.16669657775</Std>
          <Max>-46</Max>
          <Min>-51</Min>
        </Measure>
      </Stats>
    </Log>
    <Log>Evolving generation 305</Log>
    <Log>Applying main-loop operators to the 1st deme</Log>
    <Log>
      <Stats type="Stats" id="deme0" generation="305" popsize="200">
        <Item key="processed">100</Item>
        <Item key="total-processed">30700</Item>
        <Measure id="fitness">
          <Avg>-46.74</Avg>
          <Std>1.16584560723</Std>
          <Max>-46</Max>
          <Min>-51</Min>
        </Measure>
      </Stats>
    </Log>
    <Log>
      <Stats type="Stats" id="vivarium" generation="305" popsize="200">
        <Item key="processed">100</Item>
        <Item key="total-processed">30700</Item>
        <Measure id="fitness">
          <Avg>-46.74</Avg>
          <Std>1.16584560723</Std>
          <Max>-46</Max>
          <Min>-51</Min>
        </Measure>
      </Stats>
    </Log>
    <Log>Evolving generation 306</Log>
    <Log>Applying main-loop operators to the 1st deme</Log>
    <Log>
      <Stats type="Stats" id="deme0" generation="306" popsize="200">
        <Item key="processed">100</Item>
        <Item key="total-processed">30800</Item>
        <Measure id="fitness">
          <Avg>-46.8</Avg>
          <Std>1.1776819067</Std>
          <Max>-46</Max>
          <Min>-50</Min>
        </Measure>
      </Stats>
    </Log>
    <Log>
      <Stats type="Stats" id="vivarium" generation="306" popsize="200">
        <Item key="processed">100</Item>
        <Item key="total-processed">30800</Item>
        <Measure id="fitness">
          <Avg>-46.8</Avg>
          <Std>1.1776819067</Std>
          <Max>-46</Max>
          <Min>-50</Min>
        </Measure>
      </Stats>
    </Log>
    <Log>Evolving generation 307</Log>
    <Log>Applying main-loop operators to the 1st deme</Log>
    <Log>
      <Stats type="Stats" id="deme0" generation="307" popsize="200">
        <Item key="processed">100</Item>
        <Item key="total-processed">30900</Item>
        <Measure id="fitness">
          <Avg>-46.73</Avg>
          <Std>1.14615371644</Std>
          <Max>-46</Max>
          <Min>-51</Min>
        </Measure>
      </Stats>
    </Log>
    <Log>
      <Stats type="Stats" id="vivarium" generation="307" popsize="200">
        <Item key="processed">100</Item>
        <Item key="total-processed">30900</Item>
        <Measure id="fitness">
          <Avg>-46.73</Avg>
          <Std>1.14615371644</Std>
          <Max>-46</Max>
          <Min>-51</Min>
        </Measure>
      </Stats>
    </Log>
    <Log>Evolving generation 308</Log>
    <Log>Applying main-loop operators to the 1st deme</Log>
    <Log>
      <Stats type="Stats" id="deme0" generation="308" popsize="200">
        <Item key="processed">100</Item>
        <Item key="total-processed">31000</Item>
        <Measure id="fitness">
          <Avg>-46.715</Avg>
          <Std>1.13144857568</Std>
          <Max>-46</Max>
          <Min>-51</Min>
        </Measure>
      </Stats>
    </Log>
    <Log>
      <Stats type="Stats" id="vivarium" generation="308" popsize="200">
        <Item key="processed">100</Item>
        <Item key="total-processed">31000</Item>
        <Measure id="fitness">
          <Avg>-46.715</Avg>
          <Std>1.13144857568</Std>
          <Max>-46</Max>
          <Min>-51</Min>
        </Measure>
      </Stats>
    </Log>
    <Log>Evolving generation 309</Log>
    <Log>Applying main-loop operators to the 1st deme</Log>
    <Log>
      <Stats type="Stats" id="deme0" generation="309" popsize="200">
        <Item key="processed">100</Item>
        <Item key="total-processed">31100</Item>
        <Measure id="fitness">
          <Avg>-46.815</Avg>
          <Std>1.19915171022</Std>
          <Max>-46</Max>
          <Min>-51</Min>
        </Measure>
      </Stats>
    </Log>
    <Log>
      <Stats type="Stats" id="vivarium" generation="309" popsize="200">
        <Item key="processed">100</Item>
        <Item key="total-processed">31100</Item>
        <Measure id="fitness">
          <Avg>-46.815</Avg>
          <Std>1.19915171022</Std>
          <Max>-46</Max>
          <Min>-51</Min>
        </Measure>
      </Stats>
    </Log>
    <Log>Evolving generation 310</Log>
    <Log>Applying main-loop operators to the 1st deme</Log>
    <Log>
      <Stats type="Stats" id="deme0" generation="310" popsize="200">
        <Item key="processed">100</Item>
        <Item key="total-processed">31200</Item>
        <Measure id="fitness">
          <Avg>-46.835</Avg>
          <Std>1.26323147873</Std>
          <Max>-46</Max>
          <Min>-51</Min>
        </Measure>
      </Stats>
    </Log>
    <Log>
      <Stats type="Stats" id="vivarium" generation="310" popsize="200">
        <Item key="processed">100</Item>
        <Item key="total-processed">31200</Item>
        <Measure id="fitness">
          <Avg>-46.835</Avg>
          <Std>1.26323147873</Std>
          <Max>-46</Max>
          <Min>-51</Min>
        </Measure>
      </Stats>
    </Log>
    <Log>Evolving generation 311</Log>
    <Log>Applying main-loop operators to the 1st deme</Log>
    <Log>
      <Stats type="Stats" id="deme0" generation="311" popsize="200">
        <Item key="processed">100</Item>
        <Item key="total-processed">31300</Item>
        <Measure id="fitness">
          <Avg>-46.705</Avg>
          <Std>1.13331239512</Std>
          <Max>-46</Max>
          <Min>-51</Min>
        </Measure>
      </Stats>
    </Log>
    <Log>
      <Stats type="Stats" id="vivarium" generation="311" popsize="200">
        <Item key="processed">100</Item>
        <Item key="total-processed">31300</Item>
        <Measure id="fitness">
          <Avg>-46.705</Avg>
          <Std>1.13331239512</Std>
          <Max>-46</Max>
          <Min>-51</Min>
        </Measure>
      </Stats>
    </Log>
    <Log>Evolving generation 312</Log>
    <Log>Applying main-loop operators to the 1st deme</Log>
    <Log>
      <Stats type="Stats" id="deme0" generation="312" popsize="200">
        <Item key="processed">100</Item>
        <Item key="total-processed">31400</Item>
        <Measure id="fitness">
          <Avg>-46.72</Avg>
          <Std>1.01822586865</Std>
          <Max>-46</Max>
          <Min>-50</Min>
        </Measure>
      </Stats>
    </Log>
    <Log>
      <Stats type="Stats" id="vivarium" generation="312" popsize="200">
        <Item key="processed">100</Item>
        <Item key="total-processed">31400</Item>
        <Measure id="fitness">
          <Avg>-46.72</Avg>
          <Std>1.01822586865</Std>
          <Max>-46</Max>
          <Min>-50</Min>
        </Measure>
      </Stats>
    </Log>
    <Log>Evolving generation 313</Log>
    <Log>Applying main-loop operators to the 1st deme</Log>
    <Log>
      <Stats type="Stats" id="deme0" generation="313" popsize="200">
        <Item key="processed">100</Item>
        <Item key="total-processed">31500</Item>
        <Measure id="fitness">
          <Avg>-46.755</Avg>
          <Std>1.16264081656</Std>
          <Max>-46</Max>
          <Min>-51</Min>
        </Measure>
      </Stats>
    </Log>
    <Log>
      <Stats type="Stats" id="vivarium" generation="313" popsize="200">
        <Item key="processed">100</Item>
        <Item key="total-processed">31500</Item>
        <Measure id="fitness">
          <Avg>-46.755</Avg>
          <Std>1.16264081656</Std>
          <Max>-46</Max>
          <Min>-51</Min>
        </Measure>
      </Stats>
    </Log>
    <Log>Evolving generation 314</Log>
    <Log>Applying main-loop operators to the 1st deme</Log>
    <Log>
      <Stats type="Stats" id="deme0" generation="314" popsize="200">
        <Item key="processed">100</Item>
        <Item key="total-processed">31600</Item>
        <Measure id="fitness">
          <Avg>-46.84</Avg>
          <Std>1.25389844347</Std>
          <Max>-46</Max>
          <Min>-51</Min>
        </Measure>
      </Stats>
    </Log>
    <Log>
      <Stats type="Stats" id="vivarium" generation="314" popsize="200">
        <Item key="processed">100</Item>
        <Item key="total-processed">31600</Item>
        <Measure id="fitness">
          <Avg>-46.84</Avg>
          <Std>1.25389844347</Std>
          <Max>-46</Max>
          <Min>-51</Min>
        </Measure>
      </Stats>
    </Log>
    <Log>Evolving generation 315</Log>
    <Log>Applying main-loop operators to the 1st deme</Log>
    <Log>
      <Stats type="Stats" id="deme0" generation="315" popsize="200">
        <Item key="processed">100</Item>
        <Item key="total-processed">31700</Item>
        <Measure id="fitness">
          <Avg>-46.67</Avg>
          <Std>1.03753670396</Std>
          <Max>-46</Max>
          <Min>-50</Min>
        </Measure>
      </Stats>
    </Log>
    <Log>
      <Stats type="Stats" id="vivarium" generation="315" popsize="200">
        <Item key="processed">100</Item>
        <Item key="total-processed">31700</Item>
        <Measure id="fitness">
          <Avg>-46.67</Avg>
          <Std>1.03753670396</Std>
          <Max>-46</Max>
          <Min>-50</Min>
        </Measure>
      </Stats>
    </Log>
    <Log>Evolving generation 316</Log>
    <Log>Applying main-loop operators to the 1st deme</Log>
    <Log>
      <Stats type="Stats" id="deme0" generation="316" popsize="200">
        <Item key="processed">100</Item>
        <Item key="total-processed">31800</Item>
        <Measure id="fitness">
          <Avg>-46.75</Avg>
          <Std>1.15506313865</Std>
          <Max>-46</Max>
          <Min>-51</Min>
        </Measure>
      </Stats>
    </Log>
    <Log>
      <Stats type="Stats" id="vivarium" generation="316" popsize="200">
        <Item key="processed">100</Item>
        <Item key="total-processed">31800</Item>
        <Measure id="fitness">
          <Avg>-46.75</Avg>
          <Std>1.15506313865</Std>
          <Max>-46</Max>
          <Min>-51</Min>
        </Measure>
      </Stats>
    </Log>
    <Log>Evolving generation 317</Log>
    <Log>Applying main-loop operators to the 1st deme</Log>
    <Log>
      <Stats type="Stats" id="deme0" generation="317" popsize="200">
        <Item key="processed">100</Item>
        <Item key="total-processed">31900</Item>
        <Measure id="fitness">
          <Avg>-46.795</Avg>
          <Std>1.13109321424</Std>
          <Max>-46</Max>
          <Min>-51</Min>
        </Measure>
      </Stats>
    </Log>
    <Log>
      <Stats type="Stats" id="vivarium" generation="317" popsize="200">
        <Item key="processed">100</Item>
        <Item key="total-processed">31900</Item>
        <Measure id="fitness">
          <Avg>-46.795</Avg>
          <Std>1.13109321424</Std>
          <Max>-46</Max>
          <Min>-51</Min>
        </Measure>
      </Stats>
    </Log>
    <Log>Evolving generation 318</Log>
    <Log>Applying main-loop operators to the 1st deme</Log>
    <Log>
      <Stats type="Stats" id="deme0" generation="318" popsize="200">
        <Item key="processed">100</Item>
        <Item key="total-processed">32000</Item>
        <Measure id="fitness">
          <Avg>-46.73</Avg>
          <Std>1.05005383925</Std>
          <Max>-46</Max>
          <Min>-50</Min>
        </Measure>
      </Stats>
    </Log>
    <Log>
      <Stats type="Stats" id="vivarium" generation="318" popsize="200">
        <Item key="processed">100</Item>
        <Item key="total-processed">32000</Item>
        <Measure id="fitness">
          <Avg>-46.73</Avg>
          <Std>1.05005383925</Std>
          <Max>-46</Max>
          <Min>-50</Min>
        </Measure>
      </Stats>
    </Log>
    <Log>Evolving generation 319</Log>
    <Log>Applying main-loop operators to the 1st deme</Log>
    <Log>
      <Stats type="Stats" id="deme0" generation="319" popsize="200">
        <Item key="processed">100</Item>
        <Item key="total-processed">32100</Item>
        <Measure id="fitness">
          <Avg>-46.74</Avg>
          <Std>1.13527275186</Std>
          <Max>-46</Max>
          <Min>-51</Min>
        </Measure>
      </Stats>
    </Log>
    <Log>
      <Stats type="Stats" id="vivarium" generation="319" popsize="200">
        <Item key="processed">100</Item>
        <Item key="total-processed">32100</Item>
        <Measure id="fitness">
          <Avg>-46.74</Avg>
          <Std>1.13527275186</Std>
          <Max>-46</Max>
          <Min>-51</Min>
        </Measure>
      </Stats>
    </Log>
    <Log>Evolving generation 320</Log>
    <Log>Applying main-loop operators to the 1st deme</Log>
    <Log>
      <Stats type="Stats" id="deme0" generation="320" popsize="200">
        <Item key="processed">100</Item>
        <Item key="total-processed">32200</Item>
        <Measure id="fitness">
          <Avg>-46.81</Avg>
          <Std>1.16217609093</Std>
          <Max>-46</Max>
          <Min>-50</Min>
        </Measure>
      </Stats>
    </Log>
    <Log>
      <Stats type="Stats" id="vivarium" generation="320" popsize="200">
        <Item key="processed">100</Item>
        <Item key="total-processed">32200</Item>
        <Measure id="fitness">
          <Avg>-46.81</Avg>
          <Std>1.16217609093</Std>
          <Max>-46</Max>
          <Min>-50</Min>
        </Measure>
      </Stats>
    </Log>
    <Log>Evolving generation 321</Log>
    <Log>Applying main-loop operators to the 1st deme</Log>
    <Log>
      <Stats type="Stats" id="deme0" generation="321" popsize="200">
        <Item key="processed">100</Item>
        <Item key="total-processed">32300</Item>
        <Measure id="fitness">
          <Avg>-46.7</Avg>
          <Std>1.13420992801</Std>
          <Max>-46</Max>
          <Min>-51</Min>
        </Measure>
      </Stats>
    </Log>
    <Log>
      <Stats type="Stats" id="vivarium" generation="321" popsize="200">
        <Item key="processed">100</Item>
        <Item key="total-processed">32300</Item>
        <Measure id="fitness">
          <Avg>-46.7</Avg>
          <Std>1.13420992801</Std>
          <Max>-46</Max>
          <Min>-51</Min>
        </Measure>
      </Stats>
    </Log>
    <Log>Evolving generation 322</Log>
    <Log>Applying main-loop operators to the 1st deme</Log>
    <Log>
      <Stats type="Stats" id="deme0" generation="322" popsize="200">
        <Item key="processed">100</Item>
        <Item key="total-processed">32400</Item>
        <Measure id="fitness">
          <Avg>-46.755</Avg>
          <Std>1.19671871315</Std>
          <Max>-46</Max>
          <Min>-51</Min>
        </Measure>
      </Stats>
    </Log>
    <Log>
      <Stats type="Stats" id="vivarium" generation="322" popsize="200">
        <Item key="processed">100</Item>
        <Item key="total-processed">32400</Item>
        <Measure id="fitness">
          <Avg>-46.755</Avg>
          <Std>1.19671871315</Std>
          <Max>-46</Max>
          <Min>-51</Min>
        </Measure>
      </Stats>
    </Log>
    <Log>Evolving generation 323</Log>
    <Log>Applying main-loop operators to the 1st deme</Log>
    <Log>
      <Stats type="Stats" id="deme0" generation="323" popsize="200">
        <Item key="processed">100</Item>
        <Item key="total-processed">32500</Item>
        <Measure id="fitness">
          <Avg>-46.625</Avg>
          <Std>0.989581404829</Std>
          <Max>-46</Max>
          <Min>-50</Min>
        </Measure>
      </Stats>
    </Log>
    <Log>
      <Stats type="Stats" id="vivarium" generation="323" popsize="200">
        <Item key="processed">100</Item>
        <Item key="total-processed">32500</Item>
        <Measure id="fitness">
          <Avg>-46.625</Avg>
          <Std>0.989581404829</Std>
          <Max>-46</Max>
          <Min>-50</Min>
        </Measure>
      </Stats>
    </Log>
    <Log>Evolving generation 324</Log>
    <Log>Applying main-loop operators to the 1st deme</Log>
    <Log>
      <Stats type="Stats" id="deme0" generation="324" popsize="200">
        <Item key="processed">100</Item>
        <Item key="total-processed">32600</Item>
        <Measure id="fitness">
          <Avg>-46.765</Avg>
          <Std>1.19873258027</Std>
          <Max>-46</Max>
          <Min>-51</Min>
        </Measure>
      </Stats>
    </Log>
    <Log>
      <Stats type="Stats" id="vivarium" generation="324" popsize="200">
        <Item key="processed">100</Item>
        <Item key="total-processed">32600</Item>
        <Measure id="fitness">
          <Avg>-46.765</Avg>
          <Std>1.19873258027</Std>
          <Max>-46</Max>
          <Min>-51</Min>
        </Measure>
      </Stats>
    </Log>
    <Log>Evolving generation 325</Log>
    <Log>Applying main-loop operators to the 1st deme</Log>
    <Log>
      <Stats type="Stats" id="deme0" generation="325" popsize="200">
        <Item key="processed">100</Item>
        <Item key="total-processed">32700</Item>
        <Measure id="fitness">
          <Avg>-46.775</Avg>
          <Std>1.12279935517</Std>
          <Max>-46</Max>
          <Min>-51</Min>
        </Measure>
      </Stats>
    </Log>
    <Log>
      <Stats type="Stats" id="vivarium" generation="325" popsize="200">
        <Item key="processed">100</Item>
        <Item key="total-processed">32700</Item>
        <Measure id="fitness">
          <Avg>-46.775</Avg>
          <Std>1.12279935517</Std>
          <Max>-46</Max>
          <Min>-51</Min>
        </Measure>
      </Stats>
    </Log>
    <Log>Evolving generation 326</Log>
    <Log>Applying main-loop operators to the 1st deme</Log>
    <Log>
      <Stats type="Stats" id="deme0" generation="326" popsize="200">
        <Item key="processed">100</Item>
        <Item key="total-processed">32800</Item>
        <Measure id="fitness">
          <Avg>-46.8</Avg>
          <Std>1.22781826361</Std>
          <Max>-46</Max>
          <Min>-52</Min>
        </Measure>
      </Stats>
    </Log>
    <Log>
      <Stats type="Stats" id="vivarium" generation="326" popsize="200">
        <Item key="processed">100</Item>
        <Item key="total-processed">32800</Item>
        <Measure id="fitness">
          <Avg>-46.8</Avg>
          <Std>1.22781826361</Std>
          <Max>-46</Max>
          <Min>-52</Min>
        </Measure>
      </Stats>
    </Log>
    <Log>Evolving generation 327</Log>
    <Log>Applying main-loop operators to the 1st deme</Log>
    <Log>
      <Stats type="Stats" id="deme0" generation="327" popsize="200">
        <Item key="processed">100</Item>
        <Item key="total-processed">32900</Item>
        <Measure id="fitness">
          <Avg>-46.79</Avg>
          <Std>1.16304054812</Std>
          <Max>-46</Max>
          <Min>-51</Min>
        </Measure>
      </Stats>
    </Log>
    <Log>
      <Stats type="Stats" id="vivarium" generation="327" popsize="200">
        <Item key="processed">100</Item>
        <Item key="total-processed">32900</Item>
        <Measure id="fitness">
          <Avg>-46.79</Avg>
          <Std>1.16304054812</Std>
          <Max>-46</Max>
          <Min>-51</Min>
        </Measure>
      </Stats>
    </Log>
    <Log>Evolving generation 328</Log>
    <Log>Applying main-loop operators to the 1st deme</Log>
    <Log>
      <Stats type="Stats" id="deme0" generation="328" popsize="200">
        <Item key="processed">100</Item>
        <Item key="total-processed">33000</Item>
        <Measure id="fitness">
          <Avg>-46.74</Avg>
          <Std>1.17014795268</Std>
          <Max>-46</Max>
          <Min>-51</Min>
        </Measure>
      </Stats>
    </Log>
    <Log>
      <Stats type="Stats" id="vivarium" generation="328" popsize="200">
        <Item key="processed">100</Item>
        <Item key="total-processed">33000</Item>
        <Measure id="fitness">
          <Avg>-46.74</Avg>
          <Std>1.17014795268</Std>
          <Max>-46</Max>
          <Min>-51</Min>
        </Measure>
      </Stats>
    </Log>
    <Log>Evolving generation 329</Log>
    <Log>Applying main-loop operators to the 1st deme</Log>
    <Log>
      <Stats type="Stats" id="deme0" generation="329" popsize="200">
        <Item key="processed">100</Item>
        <Item key="total-processed">33100</Item>
        <Measure id="fitness">
          <Avg>-46.71</Avg>
          <Std>1.07782584062</Std>
          <Max>-46</Max>
          <Min>-51</Min>
        </Measure>
      </Stats>
    </Log>
    <Log>
      <Stats type="Stats" id="vivarium" generation="329" popsize="200">
        <Item key="processed">100</Item>
        <Item key="total-processed">33100</Item>
        <Measure id="fitness">
          <Avg>-46.71</Avg>
          <Std>1.07782584062</Std>
          <Max>-46</Max>
          <Min>-51</Min>
        </Measure>
      </Stats>
    </Log>
    <Log>Evolving generation 330</Log>
    <Log>Applying main-loop operators to the 1st deme</Log>
    <Log>
      <Stats type="Stats" id="deme0" generation="330" popsize="200">
        <Item key="processed">100</Item>
        <Item key="total-processed">33200</Item>
        <Measure id="fitness">
          <Avg>-46.75</Avg>
          <Std>1.14632907656</Std>
          <Max>-46</Max>
          <Min>-51</Min>
        </Measure>
      </Stats>
    </Log>
    <Log>
      <Stats type="Stats" id="vivarium" generation="330" popsize="200">
        <Item key="processed">100</Item>
        <Item key="total-processed">33200</Item>
        <Measure id="fitness">
          <Avg>-46.75</Avg>
          <Std>1.14632907656</Std>
          <Max>-46</Max>
          <Min>-51</Min>
        </Measure>
      </Stats>
    </Log>
    <Log>Evolving generation 331</Log>
    <Log>Applying main-loop operators to the 1st deme</Log>
    <Log>
      <Stats type="Stats" id="deme0" generation="331" popsize="200">
        <Item key="processed">100</Item>
        <Item key="total-processed">33300</Item>
        <Measure id="fitness">
          <Avg>-46.715</Avg>
          <Std>1.09992005191</Std>
          <Max>-46</Max>
          <Min>-50</Min>
        </Measure>
      </Stats>
    </Log>
    <Log>
      <Stats type="Stats" id="vivarium" generation="331" popsize="200">
        <Item key="processed">100</Item>
        <Item key="total-processed">33300</Item>
        <Measure id="fitness">
          <Avg>-46.715</Avg>
          <Std>1.09992005191</Std>
          <Max>-46</Max>
          <Min>-50</Min>
        </Measure>
      </Stats>
    </Log>
    <Log>Evolving generation 332</Log>
    <Log>Applying main-loop operators to the 1st deme</Log>
    <Log>
      <Stats type="Stats" id="deme0" generation="332" popsize="200">
        <Item key="processed">100</Item>
        <Item key="total-processed">33400</Item>
        <Measure id="fitness">
          <Avg>-46.74</Avg>
          <Std>1.1129209158</Std>
          <Max>-46</Max>
          <Min>-50</Min>
        </Measure>
      </Stats>
    </Log>
    <Log>
      <Stats type="Stats" id="vivarium" generation="332" popsize="200">
        <Item key="processed">100</Item>
        <Item key="total-processed">33400</Item>
        <Measure id="fitness">
          <Avg>-46.74</Avg>
          <Std>1.1129209158</Std>
          <Max>-46</Max>
          <Min>-50</Min>
        </Measure>
      </Stats>
    </Log>
    <Log>Evolving generation 333</Log>
    <Log>Applying main-loop operators to the 1st deme</Log>
    <Log>
      <Stats type="Stats" id="deme0" generation="333" popsize="200">
        <Item key="processed">100</Item>
        <Item key="total-processed">33500</Item>
        <Measure id="fitness">
          <Avg>-46.86</Avg>
          <Std>1.20734768903</Std>
          <Max>-46</Max>
          <Min>-51</Min>
        </Measure>
      </Stats>
    </Log>
    <Log>
      <Stats type="Stats" id="vivarium" generation="333" popsize="200">
        <Item key="processed">100</Item>
        <Item key="total-processed">33500</Item>
        <Measure id="fitness">
          <Avg>-46.86</Avg>
          <Std>1.20734768903</Std>
          <Max>-46</Max>
          <Min>-51</Min>
        </Measure>
      </Stats>
    </Log>
    <Log>Evolving generation 334</Log>
    <Log>Applying main-loop operators to the 1st deme</Log>
    <Log>
      <Stats type="Stats" id="deme0" generation="334" popsize="200">
        <Item key="processed">100</Item>
        <Item key="total-processed">33600</Item>
        <Measure id="fitness">
          <Avg>-46.7</Avg>
          <Std>1.10276035566</Std>
          <Max>-46</Max>
          <Min>-50</Min>
        </Measure>
      </Stats>
    </Log>
    <Log>
      <Stats type="Stats" id="vivarium" generation="334" popsize="200">
        <Item key="processed">100</Item>
        <Item key="total-processed">33600</Item>
        <Measure id="fitness">
          <Avg>-46.7</Avg>
          <Std>1.10276035566</Std>
          <Max>-46</Max>
          <Min>-50</Min>
        </Measure>
      </Stats>
    </Log>
    <Log>Evolving generation 335</Log>
    <Log>Applying main-loop operators to the 1st deme</Log>
    <Log>
      <Stats type="Stats" id="deme0" generation="335" popsize="200">
        <Item key="processed">100</Item>
        <Item key="total-processed">33700</Item>
        <Measure id="fitness">
          <Avg>-46.615</Avg>
          <Std>0.985714545814</Std>
          <Max>-46</Max>
          <Min>-50</Min>
        </Measure>
      </Stats>
    </Log>
    <Log>
      <Stats type="Stats" id="vivarium" generation="335" popsize="200">
        <Item key="processed">100</Item>
        <Item key="total-processed">33700</Item>
        <Measure id="fitness">
          <Avg>-46.615</Avg>
          <Std>0.985714545814</Std>
          <Max>-46</Max>
          <Min>-50</Min>
        </Measure>
      </Stats>
    </Log>
    <Log>Evolving generation 336</Log>
    <Log>Applying main-loop operators to the 1st deme</Log>
    <Log>
      <Stats type="Stats" id="deme0" generation="336" popsize="200">
        <Item key="processed">100</Item>
        <Item key="total-processed">33800</Item>
        <Measure id="fitness">
          <Avg>-46.72</Avg>
          <Std>1.08512093206</Std>
          <Max>-46</Max>
          <Min>-51</Min>
        </Measure>
      </Stats>
    </Log>
    <Log>
      <Stats type="Stats" id="vivarium" generation="336" popsize="200">
        <Item key="processed">100</Item>
        <Item key="total-processed">33800</Item>
        <Measure id="fitness">
          <Avg>-46.72</Avg>
          <Std>1.08512093206</Std>
          <Max>-46</Max>
          <Min>-51</Min>
        </Measure>
      </Stats>
    </Log>
    <Log>Evolving generation 337</Log>
    <Log>Applying main-loop operators to the 1st deme</Log>
    <Log>
      <Stats type="Stats" id="deme0" generation="337" popsize="200">
        <Item key="processed">100</Item>
        <Item key="total-processed">33900</Item>
        <Measure id="fitness">
          <Avg>-46.685</Avg>
          <Std>1.03008757007</Std>
          <Max>-46</Max>
          <Min>-51</Min>
        </Measure>
      </Stats>
    </Log>
    <Log>
      <Stats type="Stats" id="vivarium" generation="337" popsize="200">
        <Item key="processed">100</Item>
        <Item key="total-processed">33900</Item>
        <Measure id="fitness">
          <Avg>-46.685</Avg>
          <Std>1.03008757007</Std>
          <Max>-46</Max>
          <Min>-51</Min>
        </Measure>
      </Stats>
    </Log>
    <Log>Evolving generation 338</Log>
    <Log>Applying main-loop operators to the 1st deme</Log>
    <Log>
      <Stats type="Stats" id="deme0" generation="338" popsize="200">
        <Item key="processed">100</Item>
        <Item key="total-processed">34000</Item>
        <Measure id="fitness">
          <Avg>-46.695</Avg>
          <Std>1.03796040823</Std>
          <Max>-46</Max>
          <Min>-50</Min>
        </Measure>
      </Stats>
    </Log>
    <Log>
      <Stats type="Stats" id="vivarium" generation="338" popsize="200">
        <Item key="processed">100</Item>
        <Item key="total-processed">34000</Item>
        <Measure id="fitness">
          <Avg>-46.695</Avg>
          <Std>1.03796040823</Std>
          <Max>-46</Max>
          <Min>-50</Min>
        </Measure>
      </Stats>
    </Log>
    <Log>Evolving generation 339</Log>
    <Log>Applying main-loop operators to the 1st deme</Log>
    <Log>
      <Stats type="Stats" id="deme0" generation="339" popsize="200">
        <Item key="processed">100</Item>
        <Item key="total-processed">34100</Item>
        <Measure id="fitness">
          <Avg>-46.685</Avg>
          <Std>1.07309489949</Std>
          <Max>-46</Max>
          <Min>-50</Min>
        </Measure>
      </Stats>
    </Log>
    <Log>
      <Stats type="Stats" id="vivarium" generation="339" popsize="200">
        <Item key="processed">100</Item>
        <Item key="total-processed">34100</Item>
        <Measure id="fitness">
          <Avg>-46.685</Avg>
          <Std>1.07309489949</Std>
          <Max>-46</Max>
          <Min>-50</Min>
        </Measure>
      </Stats>
    </Log>
    <Log>Evolving generation 340</Log>
    <Log>Applying main-loop operators to the 1st deme</Log>
    <Log>
      <Stats type="Stats" id="deme0" generation="340" popsize="200">
        <Item key="processed">100</Item>
        <Item key="total-processed">34200</Item>
        <Measure id="fitness">
          <Avg>-46.715</Avg>
          <Std>1.1090196676</Std>
          <Max>-46</Max>
          <Min>-51</Min>
        </Measure>
      </Stats>
    </Log>
    <Log>
      <Stats type="Stats" id="vivarium" generation="340" popsize="200">
        <Item key="processed">100</Item>
        <Item key="total-processed">34200</Item>
        <Measure id="fitness">
          <Avg>-46.715</Avg>
          <Std>1.1090196676</Std>
          <Max>-46</Max>
          <Min>-51</Min>
        </Measure>
      </Stats>
    </Log>
    <Log>Evolving generation 341</Log>
    <Log>Applying main-loop operators to the 1st deme</Log>
    <Log>
      <Stats type="Stats" id="deme0" generation="341" popsize="200">
        <Item key="processed">100</Item>
        <Item key="total-processed">34300</Item>
        <Measure id="fitness">
          <Avg>-46.67</Avg>
          <Std>1.08951143908</Std>
          <Max>-46</Max>
          <Min>-51</Min>
        </Measure>
      </Stats>
    </Log>
    <Log>
      <Stats type="Stats" id="vivarium" generation="341" popsize="200">
        <Item key="processed">100</Item>
        <Item key="total-processed">34300</Item>
        <Measure id="fitness">
          <Avg>-46.67</Avg>
          <Std>1.08951143908</Std>
          <Max>-46</Max>
          <Min>-51</Min>
        </Measure>
      </Stats>
    </Log>
    <Log>Evolving generation 342</Log>
    <Log>Applying main-loop operators to the 1st deme</Log>
    <Log>
      <Stats type="Stats" id="deme0" generation="342" popsize="200">
        <Item key="processed">100</Item>
        <Item key="total-processed">34400</Item>
        <Measure id="fitness">
          <Avg>-46.685</Avg>
          <Std>1.10083339832</Std>
          <Max>-46</Max>
          <Min>-51</Min>
        </Measure>
      </Stats>
    </Log>
    <Log>
      <Stats type="Stats" id="vivarium" generation="342" popsize="200">
        <Item key="processed">100</Item>
        <Item key="total-processed">34400</Item>
        <Measure id="fitness">
          <Avg>-46.685</Avg>
          <Std>1.10083339832</Std>
          <Max>-46</Max>
          <Min>-51</Min>
        </Measure>
      </Stats>
    </Log>
    <Log>Evolving generation 343</Log>
    <Log>Applying main-loop operators to the 1st deme</Log>
    <Log>
      <Stats type="Stats" id="deme0" generation="343" popsize="200">
        <Item key="processed">100</Item>
        <Item key="total-processed">34500</Item>
        <Measure id="fitness">
          <Avg>-46.835</Avg>
          <Std>1.15952468169</Std>
          <Max>-46</Max>
          <Min>-51</Min>
        </Measure>
      </Stats>
    </Log>
    <Log>
      <Stats type="Stats" id="vivarium" generation="343" popsize="200">
        <Item key="processed">100</Item>
        <Item key="total-processed">34500</Item>
        <Measure id="fitness">
          <Avg>-46.835</Avg>
          <Std>1.15952468169</Std>
          <Max>-46</Max>
          <Min>-51</Min>
        </Measure>
      </Stats>
    </Log>
    <Log>Evolving generation 344</Log>
    <Log>Applying main-loop operators to the 1st deme</Log>
    <Log>
      <Stats type="Stats" id="deme0" generation="344" popsize="200">
        <Item key="processed">100</Item>
        <Item key="total-processed">34600</Item>
        <Measure id="fitness">
          <Avg>-46.735</Avg>
          <Std>1.13189262058</Std>
          <Max>-46</Max>
          <Min>-51</Min>
        </Measure>
      </Stats>
    </Log>
    <Log>
      <Stats type="Stats" id="vivarium" generation="344" popsize="200">
        <Item key="processed">100</Item>
        <Item key="total-processed">34600</Item>
        <Measure id="fitness">
          <Avg>-46.735</Avg>
          <Std>1.13189262058</Std>
          <Max>-46</Max>
          <Min>-51</Min>
        </Measure>
      </Stats>
    </Log>
    <Log>Evolving generation 345</Log>
    <Log>Applying main-loop operators to the 1st deme</Log>
    <Log>
      <Stats type="Stats" id="deme0" generation="345" popsize="200">
        <Item key="processed">100</Item>
        <Item key="total-processed">34700</Item>
        <Measure id="fitness">
          <Avg>-46.73</Avg>
          <Std>1.09686625342</Std>
          <Max>-46</Max>
          <Min>-51</Min>
        </Measure>
      </Stats>
    </Log>
    <Log>
      <Stats type="Stats" id="vivarium" generation="345" popsize="200">
        <Item key="processed">100</Item>
        <Item key="total-processed">34700</Item>
        <Measure id="fitness">
          <Avg>-46.73</Avg>
          <Std>1.09686625342</Std>
          <Max>-46</Max>
          <Min>-51</Min>
        </Measure>
      </Stats>
    </Log>
    <Log>Evolving generation 346</Log>
    <Log>Applying main-loop operators to the 1st deme</Log>
    <Log>
      <Stats type="Stats" id="deme0" generation="346" popsize="200">
        <Item key="processed">100</Item>
        <Item key="total-processed">34800</Item>
        <Measure id="fitness">
          <Avg>-46.8</Avg>
          <Std>1.19041397301</Std>
          <Max>-46</Max>
          <Min>-50</Min>
        </Measure>
      </Stats>
    </Log>
    <Log>
      <Stats type="Stats" id="vivarium" generation="346" popsize="200">
        <Item key="processed">100</Item>
        <Item key="total-processed">34800</Item>
        <Measure id="fitness">
          <Avg>-46.8</Avg>
          <Std>1.19041397301</Std>
          <Max>-46</Max>
          <Min>-50</Min>
        </Measure>
      </Stats>
    </Log>
    <Log>Evolving generation 347</Log>
    <Log>Applying main-loop operators to the 1st deme</Log>
    <Log>
      <Stats type="Stats" id="deme0" generation="347" popsize="200">
        <Item key="processed">100</Item>
        <Item key="total-processed">34900</Item>
        <Measure id="fitness">
          <Avg>-46.81</Avg>
          <Std>1.20046054814</Std>
          <Max>-46</Max>
          <Min>-51</Min>
        </Measure>
      </Stats>
    </Log>
    <Log>
      <Stats type="Stats" id="vivarium" generation="347" popsize="200">
        <Item key="processed">100</Item>
        <Item key="total-processed">34900</Item>
        <Measure id="fitness">
          <Avg>-46.81</Avg>
          <Std>1.20046054814</Std>
          <Max>-46</Max>
          <Min>-51</Min>
        </Measure>
      </Stats>
    </Log>
    <Log>Evolving generation 348</Log>
    <Log>Applying main-loop operators to the 1st deme</Log>
    <Log>
      <Stats type="Stats" id="deme0" generation="348" popsize="200">
        <Item key="processed">100</Item>
        <Item key="total-processed">35000</Item>
        <Measure id="fitness">
          <Avg>-46.715</Avg>
          <Std>1.14469499569</Std>
          <Max>-46</Max>
          <Min>-50</Min>
        </Measure>
      </Stats>
    </Log>
    <Log>
      <Stats type="Stats" id="vivarium" generation="348" popsize="200">
        <Item key="processed">100</Item>
        <Item key="total-processed">35000</Item>
        <Measure id="fitness">
          <Avg>-46.715</Avg>
          <Std>1.14469499569</Std>
          <Max>-46</Max>
          <Min>-50</Min>
        </Measure>
      </Stats>
    </Log>
    <Log>Evolving generation 349</Log>
    <Log>Applying main-loop operators to the 1st deme</Log>
    <Log>
      <Stats type="Stats" id="deme0" generation="349" popsize="200">
        <Item key="processed">100</Item>
        <Item key="total-processed">35100</Item>
        <Measure id="fitness">
          <Avg>-46.715</Avg>
          <Std>1.08612769361</Std>
          <Max>-46</Max>
          <Min>-50</Min>
        </Measure>
      </Stats>
    </Log>
    <Log>
      <Stats type="Stats" id="vivarium" generation="349" popsize="200">
        <Item key="processed">100</Item>
        <Item key="total-processed">35100</Item>
        <Measure id="fitness">
          <Avg>-46.715</Avg>
          <Std>1.08612769361</Std>
          <Max>-46</Max>
          <Min>-50</Min>
        </Measure>
      </Stats>
    </Log>
    <Log>Evolving generation 350</Log>
    <Log>Applying main-loop operators to the 1st deme</Log>
    <Log>
      <Stats type="Stats" id="deme0" generation="350" popsize="200">
        <Item key="processed">100</Item>
        <Item key="total-processed">35200</Item>
        <Measure id="fitness">
          <Avg>-46.595</Avg>
          <Std>1.04711856369</Std>
          <Max>-46</Max>
          <Min>-51</Min>
        </Measure>
      </Stats>
    </Log>
    <Log>
      <Stats type="Stats" id="vivarium" generation="350" popsize="200">
        <Item key="processed">100</Item>
        <Item key="total-processed">35200</Item>
        <Measure id="fitness">
          <Avg>-46.595</Avg>
          <Std>1.04711856369</Std>
          <Max>-46</Max>
          <Min>-51</Min>
        </Measure>
      </Stats>
    </Log>
    <Log>Evolving generation 351</Log>
    <Log>Applying main-loop operators to the 1st deme</Log>
    <Log>
      <Stats type="Stats" id="deme0" generation="351" popsize="200">
        <Item key="processed">100</Item>
        <Item key="total-processed">35300</Item>
        <Measure id="fitness">
          <Avg>-46.75</Avg>
          <Std>1.18935817327</Std>
          <Max>-46</Max>
          <Min>-51</Min>
        </Measure>
      </Stats>
    </Log>
    <Log>
      <Stats type="Stats" id="vivarium" generation="351" popsize="200">
        <Item key="processed">100</Item>
        <Item key="total-processed">35300</Item>
        <Measure id="fitness">
          <Avg>-46.75</Avg>
          <Std>1.18935817327</Std>
          <Max>-46</Max>
          <Min>-51</Min>
        </Measure>
      </Stats>
    </Log>
    <Log>Evolving generation 352</Log>
    <Log>Applying main-loop operators to the 1st deme</Log>
    <Log>
      <Stats type="Stats" id="deme0" generation="352" popsize="200">
        <Item key="processed">100</Item>
        <Item key="total-processed">35400</Item>
        <Measure id="fitness">
          <Avg>-46.73</Avg>
          <Std>1.10599099472</Std>
          <Max>-46</Max>
          <Min>-51</Min>
        </Measure>
      </Stats>
    </Log>
    <Log>
      <Stats type="Stats" id="vivarium" generation="352" popsize="200">
        <Item key="processed">100</Item>
        <Item key="total-processed">35400</Item>
        <Measure id="fitness">
          <Avg>-46.73</Avg>
          <Std>1.10599099472</Std>
          <Max>-46</Max>
          <Min>-51</Min>
        </Measure>
      </Stats>
    </Log>
    <Log>Evolving generation 353</Log>
    <Log>Applying main-loop operators to the 1st deme</Log>
    <Log>
      <Stats type="Stats" id="deme0" generation="353" popsize="200">
        <Item key="processed">100</Item>
        <Item key="total-processed">35500</Item>
        <Measure id="fitness">
          <Avg>-46.79</Avg>
          <Std>1.18868196929</Std>
          <Max>-46</Max>
          <Min>-51</Min>
        </Measure>
      </Stats>
    </Log>
    <Log>
      <Stats type="Stats" id="vivarium" generation="353" popsize="200">
        <Item key="processed">100</Item>
        <Item key="total-processed">35500</Item>
        <Measure id="fitness">
          <Avg>-46.79</Avg>
          <Std>1.18868196929</Std>
          <Max>-46</Max>
          <Min>-51</Min>
        </Measure>
      </Stats>
    </Log>
    <Log>Evolving generation 354</Log>
    <Log>Applying main-loop operators to the 1st deme</Log>
    <Log>
      <Stats type="Stats" id="deme0" generation="354" popsize="200">
        <Item key="processed">100</Item>
        <Item key="total-processed">35600</Item>
        <Measure id="fitness">
          <Avg>-46.765</Avg>
          <Std>1.18608981331</Std>
          <Max>-46</Max>
          <Min>-51</Min>
        </Measure>
      </Stats>
    </Log>
    <Log>
      <Stats type="Stats" id="vivarium" generation="354" popsize="200">
        <Item key="processed">100</Item>
        <Item key="total-processed">35600</Item>
        <Measure id="fitness">
          <Avg>-46.765</Avg>
          <Std>1.18608981331</Std>
          <Max>-46</Max>
          <Min>-51</Min>
        </Measure>
      </Stats>
    </Log>
    <Log>Evolving generation 355</Log>
    <Log>Applying main-loop operators to the 1st deme</Log>
    <Log>
      <Stats type="Stats" id="deme0" generation="355" popsize="200">
        <Item key="processed">100</Item>
        <Item key="total-processed">35700</Item>
        <Measure id="fitness">
          <Avg>-46.825</Avg>
          <Std>1.30494806304</Std>
          <Max>-46</Max>
          <Min>-51</Min>
        </Measure>
      </Stats>
    </Log>
    <Log>
      <Stats type="Stats" id="vivarium" generation="355" popsize="200">
        <Item key="processed">100</Item>
        <Item key="total-processed">35700</Item>
        <Measure id="fitness">
          <Avg>-46.825</Avg>
          <Std>1.30494806304</Std>
          <Max>-46</Max>
          <Min>-51</Min>
        </Measure>
      </Stats>
    </Log>
    <Log>Evolving generation 356</Log>
    <Log>Applying main-loop operators to the 1st deme</Log>
    <Log>
      <Stats type="Stats" id="deme0" generation="356" popsize="200">
        <Item key="processed">100</Item>
        <Item key="total-processed">35800</Item>
        <Measure id="fitness">
          <Avg>-46.68</Avg>
          <Std>1.04549764545</Std>
          <Max>-46</Max>
          <Min>-50</Min>
        </Measure>
      </Stats>
    </Log>
    <Log>
      <Stats type="Stats" id="vivarium" generation="356" popsize="200">
        <Item key="processed">100</Item>
        <Item key="total-processed">35800</Item>
        <Measure id="fitness">
          <Avg>-46.68</Avg>
          <Std>1.04549764545</Std>
          <Max>-46</Max>
          <Min>-50</Min>
        </Measure>
      </Stats>
    </Log>
    <Log>Evolving generation 357</Log>
    <Log>Applying main-loop operators to the 1st deme</Log>
    <Log>
      <Stats type="Stats" id="deme0" generation="357" popsize="200">
        <Item key="processed">100</Item>
        <Item key="total-processed">35900</Item>
        <Measure id="fitness">
          <Avg>-46.7</Avg>
          <Std>1.13863181585</Std>
          <Max>-46</Max>
          <Min>-52</Min>
        </Measure>
      </Stats>
    </Log>
    <Log>
      <Stats type="Stats" id="vivarium" generation="357" popsize="200">
        <Item key="processed">100</Item>
        <Item key="total-processed">35900</Item>
        <Measure id="fitness">
          <Avg>-46.7</Avg>
          <Std>1.13863181585</Std>
          <Max>-46</Max>
          <Min>-52</Min>
        </Measure>
      </Stats>
    </Log>
    <Log>Evolving generation 358</Log>
    <Log>Applying main-loop operators to the 1st deme</Log>
    <Log>
      <Stats type="Stats" id="deme0" generation="358" popsize="200">
        <Item key="processed">100</Item>
        <Item key="total-processed">36000</Item>
        <Measure id="fitness">
          <Avg>-46.66</Avg>
          <Std>1.04876093438</Std>
          <Max>-46</Max>
          <Min>-50</Min>
        </Measure>
      </Stats>
    </Log>
    <Log>
      <Stats type="Stats" id="vivarium" generation="358" popsize="200">
        <Item key="processed">100</Item>
        <Item key="total-processed">36000</Item>
        <Measure id="fitness">
          <Avg>-46.66</Avg>
          <Std>1.04876093438</Std>
          <Max>-46</Max>
          <Min>-50</Min>
        </Measure>
      </Stats>
    </Log>
    <Log>Evolving generation 359</Log>
    <Log>Applying main-loop operators to the 1st deme</Log>
    <Log>
      <Stats type="Stats" id="deme0" generation="359" popsize="200">
        <Item key="processed">100</Item>
        <Item key="total-processed">36100</Item>
        <Measure id="fitness">
          <Avg>-46.735</Avg>
          <Std>1.07262651384</Std>
          <Max>-46</Max>
          <Min>-50</Min>
        </Measure>
      </Stats>
    </Log>
    <Log>
      <Stats type="Stats" id="vivarium" generation="359" popsize="200">
        <Item key="processed">100</Item>
        <Item key="total-processed">36100</Item>
        <Measure id="fitness">
          <Avg>-46.735</Avg>
          <Std>1.07262651384</Std>
          <Max>-46</Max>
          <Min>-50</Min>
        </Measure>
      </Stats>
    </Log>
    <Log>Evolving generation 360</Log>
    <Log>Applying main-loop operators to the 1st deme</Log>
    <Log>
      <Stats type="Stats" id="deme0" generation="360" popsize="200">
        <Item key="processed">100</Item>
        <Item key="total-processed">36200</Item>
        <Measure id="fitness">
          <Avg>-46.685</Avg>
          <Std>1.09625905679</Std>
          <Max>-46</Max>
          <Min>-51</Min>
        </Measure>
      </Stats>
    </Log>
    <Log>
      <Stats type="Stats" id="vivarium" generation="360" popsize="200">
        <Item key="processed">100</Item>
        <Item key="total-processed">36200</Item>
        <Measure id="fitness">
          <Avg>-46.685</Avg>
          <Std>1.09625905679</Std>
          <Max>-46</Max>
          <Min>-51</Min>
        </Measure>
      </Stats>
    </Log>
    <Log>Evolving generation 361</Log>
    <Log>Applying main-loop operators to the 1st deme</Log>
    <Log>
      <Stats type="Stats" id="deme0" generation="361" popsize="200">
        <Item key="processed">100</Item>
        <Item key="total-processed">36300</Item>
        <Measure id="fitness">
          <Avg>-46.78</Avg>
          <Std>1.19108919369</Std>
          <Max>-46</Max>
          <Min>-51</Min>
        </Measure>
      </Stats>
    </Log>
    <Log>
      <Stats type="Stats" id="vivarium" generation="361" popsize="200">
        <Item key="processed">100</Item>
        <Item key="total-processed">36300</Item>
        <Measure id="fitness">
          <Avg>-46.78</Avg>
          <Std>1.19108919369</Std>
          <Max>-46</Max>
          <Min>-51</Min>
        </Measure>
      </Stats>
    </Log>
    <Log>Evolving generation 362</Log>
    <Log>Applying main-loop operators to the 1st deme</Log>
    <Log>
      <Stats type="Stats" id="deme0" generation="362" popsize="200">
        <Item key="processed">100</Item>
        <Item key="total-processed">36400</Item>
        <Measure id="fitness">
          <Avg>-46.655</Avg>
          <Std>0.985306625233</Std>
          <Max>-46</Max>
          <Min>-50</Min>
        </Measure>
      </Stats>
    </Log>
    <Log>
      <Stats type="Stats" id="vivarium" generation="362" popsize="200">
        <Item key="processed">100</Item>
        <Item key="total-processed">36400</Item>
        <Measure id="fitness">
          <Avg>-46.655</Avg>
          <Std>0.985306625233</Std>
          <Max>-46</Max>
          <Min>-50</Min>
        </Measure>
      </Stats>
    </Log>
    <Log>Evolving generation 363</Log>
    <Log>Applying main-loop operators to the 1st deme</Log>
    <Log>
      <Stats type="Stats" id="deme0" generation="363" popsize="200">
        <Item key="processed">100</Item>
        <Item key="total-processed">36500</Item>
        <Measure id="fitness">
          <Avg>-46.68</Avg>
          <Std>1.07394917672</Std>
          <Max>-46</Max>
          <Min>-51</Min>
        </Measure>
      </Stats>
    </Log>
    <Log>
      <Stats type="Stats" id="vivarium" generation="363" popsize="200">
        <Item key="processed">100</Item>
        <Item key="total-processed">36500</Item>
        <Measure id="fitness">
          <Avg>-46.68</Avg>
          <Std>1.07394917672</Std>
          <Max>-46</Max>
          <Min>-51</Min>
        </Measure>
      </Stats>
    </Log>
    <Log>Evolving generation 364</Log>
    <Log>Applying main-loop operators to the 1st deme</Log>
    <Log>
      <Stats type="Stats" id="deme0" generation="364" popsize="200">
        <Item key="processed">100</Item>
        <Item key="total-processed">36600</Item>
        <Measure id="fitness">
          <Avg>-46.73</Avg>
          <Std>1.10143807322</Std>
          <Max>-46</Max>
          <Min>-51</Min>
        </Measure>
      </Stats>
    </Log>
    <Log>
      <Stats type="Stats" id="vivarium" generation="364" popsize="200">
        <Item key="processed">100</Item>
        <Item key="total-processed">36600</Item>
        <Measure id="fitness">
          <Avg>-46.73</Avg>
          <Std>1.10143807322</Std>
          <Max>-46</Max>
          <Min>-51</Min>
        </Measure>
      </Stats>
    </Log>
    <Log>Evolving generation 365</Log>
    <Log>Applying main-loop operators to the 1st deme</Log>
    <Log>
      <Stats type="Stats" id="deme0" generation="365" popsize="200">
        <Item key="processed">100</Item>
        <Item key="total-processed">36700</Item>
        <Measure id="fitness">
          <Avg>-46.88</Avg>
          <Std>1.2623659688</Std>
          <Max>-46</Max>
          <Min>-50</Min>
        </Measure>
      </Stats>
    </Log>
    <Log>
      <Stats type="Stats" id="vivarium" generation="365" popsize="200">
        <Item key="processed">100</Item>
        <Item key="total-processed">36700</Item>
        <Measure id="fitness">
          <Avg>-46.88</Avg>
          <Std>1.2623659688</Std>
          <Max>-46</Max>
          <Min>-50</Min>
        </Measure>
      </Stats>
    </Log>
    <Log>Evolving generation 366</Log>
    <Log>Applying main-loop operators to the 1st deme</Log>
    <Log>
      <Stats type="Stats" id="deme0" generation="366" popsize="200">
        <Item key="processed">100</Item>
        <Item key="total-processed">36800</Item>
        <Measure id="fitness">
          <Avg>-46.67</Avg>
          <Std>1.10780692402</Std>
          <Max>-46</Max>
          <Min>-52</Min>
        </Measure>
      </Stats>
    </Log>
    <Log>
      <Stats type="Stats" id="vivarium" generation="366" popsize="200">
        <Item key="processed">100</Item>
        <Item key="total-processed">36800</Item>
        <Measure id="fitness">
          <Avg>-46.67</Avg>
          <Std>1.10780692402</Std>
          <Max>-46</Max>
          <Min>-52</Min>
        </Measure>
      </Stats>
    </Log>
    <Log>Evolving generation 367</Log>
    <Log>Applying main-loop operators to the 1st deme</Log>
    <Log>
      <Stats type="Stats" id="deme0" generation="367" popsize="200">
        <Item key="processed">100</Item>
        <Item key="total-processed">36900</Item>
        <Measure id="fitness">
          <Avg>-46.835</Avg>
          <Std>1.20208152802</Std>
          <Max>-46</Max>
          <Min>-51</Min>
        </Measure>
      </Stats>
    </Log>
    <Log>
      <Stats type="Stats" id="vivarium" generation="367" popsize="200">
        <Item key="processed">100</Item>
        <Item key="total-processed">36900</Item>
        <Measure id="fitness">
          <Avg>-46.835</Avg>
          <Std>1.20208152802</Std>
          <Max>-46</Max>
          <Min>-51</Min>
        </Measure>
      </Stats>
    </Log>
    <Log>Evolving generation 368</Log>
    <Log>Applying main-loop operators to the 1st deme</Log>
    <Log>
      <Stats type="Stats" id="deme0" generation="368" popsize="200">
        <Item key="processed">100</Item>
        <Item key="total-processed">37000</Item>
        <Measure id="fitness">
          <Avg>-46.67</Avg>
          <Std>1.08024750561</Std>
          <Max>-46</Max>
          <Min>-52</Min>
        </Measure>
      </Stats>
    </Log>
    <Log>
      <Stats type="Stats" id="vivarium" generation="368" popsize="200">
        <Item key="processed">100</Item>
        <Item key="total-processed">37000</Item>
        <Measure id="fitness">
          <Avg>-46.67</Avg>
          <Std>1.08024750561</Std>
          <Max>-46</Max>
          <Min>-52</Min>
        </Measure>
      </Stats>
    </Log>
    <Log>Evolving generation 369</Log>
    <Log>Applying main-loop operators to the 1st deme</Log>
    <Log>
      <Stats type="Stats" id="deme0" generation="369" popsize="200">
        <Item key="processed">100</Item>
        <Item key="total-processed">37100</Item>
        <Measure id="fitness">
          <Avg>-46.705</Avg>
          <Std>1.04567787155</Std>
          <Max>-46</Max>
          <Min>-50</Min>
        </Measure>
      </Stats>
    </Log>
    <Log>
      <Stats type="Stats" id="vivarium" generation="369" popsize="200">
        <Item key="processed">100</Item>
        <Item key="total-processed">37100</Item>
        <Measure id="fitness">
          <Avg>-46.705</Avg>
          <Std>1.04567787155</Std>
          <Max>-46</Max>
          <Min>-50</Min>
        </Measure>
      </Stats>
    </Log>
    <Log>Evolving generation 370</Log>
    <Log>Applying main-loop operators to the 1st deme</Log>
    <Log>
      <Stats type="Stats" id="deme0" generation="370" popsize="200">
        <Item key="processed">100</Item>
        <Item key="total-processed">37200</Item>
        <Measure id="fitness">
          <Avg>-46.75</Avg>
          <Std>1.14193699498</Std>
          <Max>-46</Max>
          <Min>-51</Min>
        </Measure>
      </Stats>
    </Log>
    <Log>
      <Stats type="Stats" id="vivarium" generation="370" popsize="200">
        <Item key="processed">100</Item>
        <Item key="total-processed">37200</Item>
        <Measure id="fitness">
          <Avg>-46.75</Avg>
          <Std>1.14193699498</Std>
          <Max>-46</Max>
          <Min>-51</Min>
        </Measure>
      </Stats>
    </Log>
    <Log>Evolving generation 371</Log>
    <Log>Applying main-loop operators to the 1st deme</Log>
    <Log>
      <Stats type="Stats" id="deme0" generation="371" popsize="200">
        <Item key="processed">100</Item>
        <Item key="total-processed">37300</Item>
        <Measure id="fitness">
          <Avg>-46.815</Avg>
          <Std>1.24439446637</Std>
          <Max>-46</Max>
          <Min>-51</Min>
        </Measure>
      </Stats>
    </Log>
    <Log>
      <Stats type="Stats" id="vivarium" generation="371" popsize="200">
        <Item key="processed">100</Item>
        <Item key="total-processed">37300</Item>
        <Measure id="fitness">
          <Avg>-46.815</Avg>
          <Std>1.24439446637</Std>
          <Max>-46</Max>
          <Min>-51</Min>
        </Measure>
      </Stats>
    </Log>
    <Log>Evolving generation 372</Log>
    <Log>Applying main-loop operators to the 1st deme</Log>
    <Log>
      <Stats type="Stats" id="deme0" generation="372" popsize="200">
        <Item key="processed">100</Item>
        <Item key="total-processed">37400</Item>
        <Measure id="fitness">
          <Avg>-46.72</Avg>
          <Std>1.09434361135</Std>
          <Max>-46</Max>
          <Min>-50</Min>
        </Measure>
      </Stats>
    </Log>
    <Log>
      <Stats type="Stats" id="vivarium" generation="372" popsize="200">
        <Item key="processed">100</Item>
        <Item key="total-processed">37400</Item>
        <Measure id="fitness">
          <Avg>-46.72</Avg>
          <Std>1.09434361135</Std>
          <Max>-46</Max>
          <Min>-50</Min>
        </Measure>
      </Stats>
    </Log>
    <Log>Evolving generation 373</Log>
    <Log>Applying main-loop operators to the 1st deme</Log>
    <Log>
      <Stats type="Stats" id="deme0" generation="373" popsize="200">
        <Item key="processed">100</Item>
        <Item key="total-processed">37500</Item>
        <Measure id="fitness">
          <Avg>-46.695</Avg>
          <Std>1.06661301163</Std>
          <Max>-46</Max>
          <Min>-51</Min>
        </Measure>
      </Stats>
    </Log>
    <Log>
      <Stats type="Stats" id="vivarium" generation="373" popsize="200">
        <Item key="processed">100</Item>
        <Item key="total-processed">37500</Item>
        <Measure id="fitness">
          <Avg>-46.695</Avg>
          <Std>1.06661301163</Std>
          <Max>-46</Max>
          <Min>-51</Min>
        </Measure>
      </Stats>
    </Log>
    <Log>Evolving generation 374</Log>
    <Log>Applying main-loop operators to the 1st deme</Log>
    <Log>
      <Stats type="Stats" id="deme0" generation="374" popsize="200">
        <Item key="processed">100</Item>
        <Item key="total-processed">37600</Item>
        <Measure id="fitness">
          <Avg>-46.73</Avg>
          <Std>1.07371519576</Std>
          <Max>-46</Max>
          <Min>-51</Min>
        </Measure>
      </Stats>
    </Log>
    <Log>
      <Stats type="Stats" id="vivarium" generation="374" popsize="200">
        <Item key="processed">100</Item>
        <Item key="total-processed">37600</Item>
        <Measure id="fitness">
          <Avg>-46.73</Avg>
          <Std>1.07371519576</Std>
          <Max>-46</Max>
          <Min>-51</Min>
        </Measure>
      </Stats>
    </Log>
    <Log>Evolving generation 375</Log>
    <Log>Applying main-loop operators to the 1st deme</Log>
    <Log>
      <Stats type="Stats" id="deme0" generation="375" popsize="200">
        <Item key="processed">100</Item>
        <Item key="total-processed">37700</Item>
        <Measure id="fitness">
          <Avg>-46.68</Avg>
          <Std>1.06925982947</Std>
          <Max>-46</Max>
          <Min>-50</Min>
        </Measure>
      </Stats>
    </Log>
    <Log>
      <Stats type="Stats" id="vivarium" generation="375" popsize="200">
        <Item key="processed">100</Item>
        <Item key="total-processed">37700</Item>
        <Measure id="fitness">
          <Avg>-46.68</Avg>
          <Std>1.06925982947</Std>
          <Max>-46</Max>
          <Min>-50</Min>
        </Measure>
      </Stats>
    </Log>
    <Log>Evolving generation 376</Log>
    <Log>Applying main-loop operators to the 1st deme</Log>
    <Log>
      <Stats type="Stats" id="deme0" generation="376" popsize="200">
        <Item key="processed">100</Item>
        <Item key="total-processed">37800</Item>
        <Measure id="fitness">
          <Avg>-46.705</Avg>
          <Std>1.10638848394</Std>
          <Max>-46</Max>
          <Min>-50</Min>
        </Measure>
      </Stats>
    </Log>
    <Log>
      <Stats type="Stats" id="vivarium" generation="376" popsize="200">
        <Item key="processed">100</Item>
        <Item key="total-processed">37800</Item>
        <Measure id="fitness">
          <Avg>-46.705</Avg>
          <Std>1.10638848394</Std>
          <Max>-46</Max>
          <Min>-50</Min>
        </Measure>
      </Stats>
    </Log>
    <Log>Evolving generation 377</Log>
    <Log>Applying main-loop operators to the 1st deme</Log>
    <Log>
      <Stats type="Stats" id="deme0" generation="377" popsize="200">
        <Item key="processed">100</Item>
        <Item key="total-processed">37900</Item>
        <Measure id="fitness">
          <Avg>-46.725</Avg>
          <Std>1.12055935422</Std>
          <Max>-46</Max>
          <Min>-51</Min>
        </Measure>
      </Stats>
    </Log>
    <Log>
      <Stats type="Stats" id="vivarium" generation="377" popsize="200">
        <Item key="processed">100</Item>
        <Item key="total-processed">37900</Item>
        <Measure id="fitness">
          <Avg>-46.725</Avg>
          <Std>1.12055935422</Std>
          <Max>-46</Max>
          <Min>-51</Min>
        </Measure>
      </Stats>
    </Log>
    <Log>Evolving generation 378</Log>
    <Log>Applying main-loop operators to the 1st deme</Log>
    <Log>
      <Stats type="Stats" id="deme0" generation="378" popsize="200">
        <Item key="processed">100</Item>
        <Item key="total-processed">38000</Item>
        <Measure id="fitness">
          <Avg>-46.795</Avg>
          <Std>1.21670739474</Std>
          <Max>-46</Max>
          <Min>-51</Min>
        </Measure>
      </Stats>
    </Log>
    <Log>
      <Stats type="Stats" id="vivarium" generation="378" popsize="200">
        <Item key="processed">100</Item>
        <Item key="total-processed">38000</Item>
        <Measure id="fitness">
          <Avg>-46.795</Avg>
          <Std>1.21670739474</Std>
          <Max>-46</Max>
          <Min>-51</Min>
        </Measure>
      </Stats>
    </Log>
    <Log>Evolving generation 379</Log>
    <Log>Applying main-loop operators to the 1st deme</Log>
    <Log>
      <Stats type="Stats" id="deme0" generation="379" popsize="200">
        <Item key="processed">100</Item>
        <Item key="total-processed">38100</Item>
        <Measure id="fitness">
          <Avg>-46.72</Avg>
          <Std>1.08048007197</Std>
          <Max>-46</Max>
          <Min>-50</Min>
        </Measure>
      </Stats>
    </Log>
    <Log>
      <Stats type="Stats" id="vivarium" generation="379" popsize="200">
        <Item key="processed">100</Item>
        <Item key="total-processed">38100</Item>
        <Measure id="fitness">
          <Avg>-46.72</Avg>
          <Std>1.08048007197</Std>
          <Max>-46</Max>
          <Min>-50</Min>
        </Measure>
      </Stats>
    </Log>
    <Log>Evolving generation 380</Log>
    <Log>Applying main-loop operators to the 1st deme</Log>
    <Log>
      <Stats type="Stats" id="deme0" generation="380" popsize="200">
        <Item key="processed">100</Item>
        <Item key="total-processed">38200</Item>
        <Measure id="fitness">
          <Avg>-46.66</Avg>
          <Std>1.04395845043</Std>
          <Max>-46</Max>
          <Min>-51</Min>
        </Measure>
      </Stats>
    </Log>
    <Log>
      <Stats type="Stats" id="vivarium" generation="380" popsize="200">
        <Item key="processed">100</Item>
        <Item key="total-processed">38200</Item>
        <Measure id="fitness">
          <Avg>-46.66</Avg>
          <Std>1.04395845043</Std>
          <Max>-46</Max>
          <Min>-51</Min>
        </Measure>
      </Stats>
    </Log>
    <Log>Evolving generation 381</Log>
    <Log>Applying main-loop operators to the 1st deme</Log>
    <Log>
      <Stats type="Stats" id="deme0" generation="381" popsize="200">
        <Item key="processed">100</Item>
        <Item key="total-processed">38300</Item>
        <Measure id="fitness">
          <Avg>-46.675</Avg>
          <Std>1.02205576656</Std>
          <Max>-46</Max>
          <Min>-51</Min>
        </Measure>
      </Stats>
    </Log>
    <Log>
      <Stats type="Stats" id="vivarium" generation="381" popsize="200">
        <Item key="processed">100</Item>
        <Item key="total-processed">38300</Item>
        <Measure id="fitness">
          <Avg>-46.675</Avg>
          <Std>1.02205576656</Std>
          <Max>-46</Max>
          <Min>-51</Min>
        </Measure>
      </Stats>
    </Log>
    <Log>Evolving generation 382</Log>
    <Log>Applying main-loop operators to the 1st deme</Log>
    <Log>
      <Stats type="Stats" id="deme0" generation="382" popsize="200">
        <Item key="processed">100</Item>
        <Item key="total-processed">38400</Item>
        <Measure id="fitness">
          <Avg>-46.65</Avg>
          <Std>1.05501911198</Std>
          <Max>-46</Max>
          <Min>-51</Min>
        </Measure>
      </Stats>
    </Log>
    <Log>
      <Stats type="Stats" id="vivarium" generation="382" popsize="200">
        <Item key="processed">100</Item>
        <Item key="total-processed">38400</Item>
        <Measure id="fitness">
          <Avg>-46.65</Avg>
          <Std>1.05501911198</Std>
          <Max>-46</Max>
          <Min>-51</Min>
        </Measure>
      </Stats>
    </Log>
    <Log>Evolving generation 383</Log>
    <Log>Applying main-loop operators to the 1st deme</Log>
    <Log>
      <Stats type="Stats" id="deme0" generation="383" popsize="200">
        <Item key="processed">100</Item>
        <Item key="total-processed">38500</Item>
        <Measure id="fitness">
          <Avg>-46.725</Avg>
          <Std>1.14276179609</Std>
          <Max>-46</Max>
          <Min>-50</Min>
        </Measure>
      </Stats>
    </Log>
    <Log>
      <Stats type="Stats" id="vivarium" generation="383" popsize="200">
        <Item key="processed">100</Item>
        <Item key="total-processed">38500</Item>
        <Measure id="fitness">
          <Avg>-46.725</Avg>
          <Std>1.14276179609</Std>
          <Max>-46</Max>
          <Min>-50</Min>
        </Measure>
      </Stats>
    </Log>
    <Log>Evolving generation 384</Log>
    <Log>Applying main-loop operators to the 1st deme</Log>
    <Log>
      <Stats type="Stats" id="deme0" generation="384" popsize="200">
        <Item key="processed">100</Item>
        <Item key="total-processed">38600</Item>
        <Measure id="fitness">
          <Avg>-46.825</Avg>
          <Std>1.17954722597</Std>
          <Max>-46</Max>
          <Min>-50</Min>
        </Measure>
      </Stats>
    </Log>
    <Log>
      <Stats type="Stats" id="vivarium" generation="384" popsize="200">
        <Item key="processed">100</Item>
        <Item key="total-processed">38600</Item>
        <Measure id="fitness">
          <Avg>-46.825</Avg>
          <Std>1.17954722597</Std>
          <Max>-46</Max>
          <Min>-50</Min>
        </Measure>
      </Stats>
    </Log>
    <Log>Evolving generation 385</Log>
    <Log>Applying main-loop operators to the 1st deme</Log>
    <Log>
      <Stats type="Stats" id="deme0" generation="385" popsize="200">
        <Item key="processed">100</Item>
        <Item key="total-processed">38700</Item>
        <Measure id="fitness">
          <Avg>-46.79</Avg>
          <Std>1.12348166664</Std>
          <Max>-46</Max>
          <Min>-51</Min>
        </Measure>
      </Stats>
    </Log>
    <Log>
      <Stats type="Stats" id="vivarium" generation="385" popsize="200">
        <Item key="processed">100</Item>
        <Item key="total-processed">38700</Item>
        <Measure id="fitness">
          <Avg>-46.79</Avg>
          <Std>1.12348166664</Std>
          <Max>-46</Max>
          <Min>-51</Min>
        </Measure>
      </Stats>
    </Log>
    <Log>Evolving generation 386</Log>
    <Log>Applying main-loop operators to the 1st deme</Log>
    <Log>
      <Stats type="Stats" id="deme0" generation="386" popsize="200">
        <Item key="processed">100</Item>
        <Item key="total-processed">38800</Item>
        <Measure id="fitness">
          <Avg>-46.7</Avg>
          <Std>1.04183834431</Std>
          <Max>-46</Max>
          <Min>-50</Min>
        </Measure>
      </Stats>
    </Log>
    <Log>
      <Stats type="Stats" id="vivarium" generation="386" popsize="200">
        <Item key="processed">100</Item>
        <Item key="total-processed">38800</Item>
        <Measure id="fitness">
          <Avg>-46.7</Avg>
          <Std>1.04183834431</Std>
          <Max>-46</Max>
          <Min>-50</Min>
        </Measure>
      </Stats>
    </Log>
    <Log>Evolving generation 387</Log>
    <Log>Applying main-loop operators to the 1st deme</Log>
    <Log>
      <Stats type="Stats" id="deme0" generation="387" popsize="200">
        <Item key="processed">100</Item>
        <Item key="total-processed">38900</Item>
        <Measure id="fitness">
          <Avg>-46.565</Avg>
          <Std>0.959362749132</Std>
          <Max>-46</Max>
          <Min>-50</Min>
        </Measure>
      </Stats>
    </Log>
    <Log>
      <Stats type="Stats" id="vivarium" generation="387" popsize="200">
        <Item key="processed">100</Item>
        <Item key="total-processed">38900</Item>
        <Measure id="fitness">
          <Avg>-46.565</Avg>
          <Std>0.959362749132</Std>
          <Max>-46</Max>
          <Min>-50</Min>
        </Measure>
      </Stats>
    </Log>
    <Log>Evolving generation 388</Log>
    <Log>Applying main-loop operators to the 1st deme</Log>
    <Log>
      <Stats type="Stats" id="deme0" generation="388" popsize="200">
        <Item key="processed">100</Item>
        <Item key="total-processed">39000</Item>
        <Measure id="fitness">
          <Avg>-46.63</Avg>
          <Std>1.0140222907</Std>
          <Max>-46</Max>
          <Min>-50</Min>
        </Measure>
      </Stats>
    </Log>
    <Log>
      <Stats type="Stats" id="vivarium" generation="388" popsize="200">
        <Item key="processed">100</Item>
        <Item key="total-processed">39000</Item>
        <Measure id="fitness">
          <Avg>-46.63</Avg>
          <Std>1.0140222907</Std>
          <Max>-46</Max>
          <Min>-50</Min>
        </Measure>
      </Stats>
    </Log>
    <Log>Evolving generation 389</Log>
    <Log>Applying main-loop operators to the 1st deme</Log>
    <Log>
      <Stats type="Stats" id="deme0" generation="389" popsize="200">
        <Item key="processed">100</Item>
        <Item key="total-processed">39100</Item>
        <Measure id="fitness">
          <Avg>-46.65</Avg>
          <Std>1.0211334721</Std>
          <Max>-46</Max>
          <Min>-52</Min>
        </Measure>
      </Stats>
    </Log>
    <Log>
      <Stats type="Stats" id="vivarium" generation="389" popsize="200">
        <Item key="processed">100</Item>
        <Item key="total-processed">39100</Item>
        <Measure id="fitness">
          <Avg>-46.65</Avg>
          <Std>1.0211334721</Std>
          <Max>-46</Max>
          <Min>-52</Min>
        </Measure>
      </Stats>
    </Log>
    <Log>Evolving generation 390</Log>
    <Log>Applying main-loop operators to the 1st deme</Log>
    <Log>
      <Stats type="Stats" id="deme0" generation="390" popsize="200">
        <Item key="processed">100</Item>
        <Item key="total-processed">39200</Item>
        <Measure id="fitness">
          <Avg>-46.775</Avg>
          <Std>1.20483740224</Std>
          <Max>-46</Max>
          <Min>-51</Min>
        </Measure>
      </Stats>
    </Log>
    <Log>
      <Stats type="Stats" id="vivarium" generation="390" popsize="200">
        <Item key="processed">100</Item>
        <Item key="total-processed">39200</Item>
        <Measure id="fitness">
          <Avg>-46.775</Avg>
          <Std>1.20483740224</Std>
          <Max>-46</Max>
          <Min>-51</Min>
        </Measure>
      </Stats>
    </Log>
    <Log>Evolving generation 391</Log>
    <Log>Applying main-loop operators to the 1st deme</Log>
    <Log>
      <Stats type="Stats" id="deme0" generation="391" popsize="200">
        <Item key="processed">100</Item>
        <Item key="total-processed">39300</Item>
        <Measure id="fitness">
          <Avg>-46.655</Avg>
          <Std>1.0542924942</Std>
          <Max>-46</Max>
          <Min>-50</Min>
        </Measure>
      </Stats>
    </Log>
    <Log>
      <Stats type="Stats" id="vivarium" generation="391" popsize="200">
        <Item key="processed">100</Item>
        <Item key="total-processed">39300</Item>
        <Measure id="fitness">
          <Avg>-46.655</Avg>
          <Std>1.0542924942</Std>
          <Max>-46</Max>
          <Min>-50</Min>
        </Measure>
      </Stats>
    </Log>
    <Log>Evolving generation 392</Log>
    <Log>Applying main-loop operators to the 1st deme</Log>
    <Log>
      <Stats type="Stats" id="deme0" generation="392" popsize="200">
        <Item key="processed">100</Item>
        <Item key="total-processed">39400</Item>
        <Measure id="fitness">
          <Avg>-46.855</Avg>
          <Std>1.28929687511</Std>
          <Max>-46</Max>
          <Min>-51</Min>
        </Measure>
      </Stats>
    </Log>
    <Log>
      <Stats type="Stats" id="vivarium" generation="392" popsize="200">
        <Item key="processed">100</Item>
        <Item key="total-processed">39400</Item>
        <Measure id="fitness">
          <Avg>-46.855</Avg>
          <Std>1.28929687511</Std>
          <Max>-46</Max>
          <Min>-51</Min>
        </Measure>
      </Stats>
    </Log>
    <Log>Evolving generation 393</Log>
    <Log>Applying main-loop operators to the 1st deme</Log>
    <Log>
      <Stats type="Stats" id="deme0" generation="393" popsize="200">
        <Item key="processed">100</Item>
        <Item key="total-processed">39500</Item>
        <Measure id="fitness">
          <Avg>-46.755</Avg>
          <Std>1.1050250685</Std>
          <Max>-46</Max>
          <Min>-50</Min>
        </Measure>
      </Stats>
    </Log>
    <Log>
      <Stats type="Stats" id="vivarium" generation="393" popsize="200">
        <Item key="processed">100</Item>
        <Item key="total-processed">39500</Item>
        <Measure id="fitness">
          <Avg>-46.755</Avg>
          <Std>1.1050250685</Std>
          <Max>-46</Max>
          <Min>-50</Min>
        </Measure>
      </Stats>
    </Log>
    <Log>Evolving generation 394</Log>
    <Log>Applying main-loop operators to the 1st deme</Log>
    <Log>
      <Stats type="Stats" id="deme0" generation="394" popsize="200">
        <Item key="processed">100</Item>
        <Item key="total-processed">39600</Item>
        <Measure id="fitness">
          <Avg>-46.74</Avg>
          <Std>1.12638524431</Std>
          <Max>-46</Max>
          <Min>-51</Min>
        </Measure>
      </Stats>
    </Log>
    <Log>
      <Stats type="Stats" id="vivarium" generation="394" popsize="200">
        <Item key="processed">100</Item>
        <Item key="total-processed">39600</Item>
        <Measure id="fitness">
          <Avg>-46.74</Avg>
          <Std>1.12638524431</Std>
          <Max>-46</Max>
          <Min>-51</Min>
        </Measure>
      </Stats>
    </Log>
    <Log>Evolving generation 395</Log>
    <Log>Applying main-loop operators to the 1st deme</Log>
    <Log>
      <Stats type="Stats" id="deme0" generation="395" popsize="200">
        <Item key="processed">100</Item>
        <Item key="total-processed">39700</Item>
        <Measure id="fitness">
          <Avg>-46.69</Avg>
          <Std>1.09997715828</Std>
          <Max>-46</Max>
          <Min>-51</Min>
        </Measure>
      </Stats>
    </Log>
    <Log>
      <Stats type="Stats" id="vivarium" generation="395" popsize="200">
        <Item key="processed">100</Item>
        <Item key="total-processed">39700</Item>
        <Measure id="fitness">
          <Avg>-46.69</Avg>
          <Std>1.09997715828</Std>
          <Max>-46</Max>
          <Min>-51</Min>
        </Measure>
      </Stats>
    </Log>
    <Log>Evolving generation 396</Log>
    <Log>Applying main-loop operators to the 1st deme</Log>
    <Log>
      <Stats type="Stats" id="deme0" generation="396" popsize="200">
        <Item key="processed">100</Item>
        <Item key="total-processed">39800</Item>
        <Measure id="fitness">
          <Avg>-46.73</Avg>
          <Std>1.12848010026</Std>
          <Max>-46</Max>
          <Min>-51</Min>
        </Measure>
      </Stats>
    </Log>
    <Log>
      <Stats type="Stats" id="vivarium" generation="396" popsize="200">
        <Item key="processed">100</Item>
        <Item key="total-processed">39800</Item>
        <Measure id="fitness">
          <Avg>-46.73</Avg>
          <Std>1.12848010026</Std>
          <Max>-46</Max>
          <Min>-51</Min>
        </Measure>
      </Stats>
    </Log>
    <Log>Evolving generation 397</Log>
    <Log>Applying main-loop operators to the 1st deme</Log>
    <Log>
      <Stats type="Stats" id="deme0" generation="397" popsize="200">
        <Item key="processed">100</Item>
        <Item key="total-processed">39900</Item>
        <Measure id="fitness">
          <Avg>-46.71</Avg>
          <Std>1.0637470512</Std>
          <Max>-46</Max>
          <Min>-51</Min>
        </Measure>
      </Stats>
    </Log>
    <Log>
      <Stats type="Stats" id="vivarium" generation="397" popsize="200">
        <Item key="processed">100</Item>
        <Item key="total-processed">39900</Item>
        <Measure id="fitness">
          <Avg>-46.71</Avg>
          <Std>1.0637470512</Std>
          <Max>-46</Max>
          <Min>-51</Min>
        </Measure>
      </Stats>
    </Log>
    <Log>Evolving generation 398</Log>
    <Log>Applying main-loop operators to the 1st deme</Log>
    <Log>
      <Stats type="Stats" id="deme0" generation="398" popsize="200">
        <Item key="processed">100</Item>
        <Item key="total-processed">40000</Item>
        <Measure id="fitness">
          <Avg>-46.635</Avg>
          <Std>1.10356890207</Std>
          <Max>-46</Max>
          <Min>-51</Min>
        </Measure>
      </Stats>
    </Log>
    <Log>
      <Stats type="Stats" id="vivarium" generation="398" popsize="200">
        <Item key="processed">100</Item>
        <Item key="total-processed">40000</Item>
        <Measure id="fitness">
          <Avg>-46.635</Avg>
          <Std>1.10356890207</Std>
          <Max>-46</Max>
          <Min>-51</Min>
        </Measure>
      </Stats>
    </Log>
    <Log>Evolving generation 399</Log>
    <Log>Applying main-loop operators to the 1st deme</Log>
    <Log>
      <Stats type="Stats" id="deme0" generation="399" popsize="200">
        <Item key="processed">100</Item>
        <Item key="total-processed">40100</Item>
        <Measure id="fitness">
          <Avg>-46.655</Avg>
          <Std>1.02529564311</Std>
          <Max>-46</Max>
          <Min>-51</Min>
        </Measure>
      </Stats>
    </Log>
    <Log>
      <Stats type="Stats" id="vivarium" generation="399" popsize="200">
        <Item key="processed">100</Item>
        <Item key="total-processed">40100</Item>
        <Measure id="fitness">
          <Avg>-46.655</Avg>
          <Std>1.02529564311</Std>
          <Max>-46</Max>
          <Min>-51</Min>
        </Measure>
      </Stats>
    </Log>
    <Log>Evolving generation 400</Log>
    <Log>Applying main-loop operators to the 1st deme</Log>
    <Log>
      <Stats type="Stats" id="deme0" generation="400" popsize="200">
        <Item key="processed">100</Item>
        <Item key="total-processed">40200</Item>
        <Measure id="fitness">
          <Avg>-46.79</Avg>
          <Std>1.12348166664</Std>
          <Max>-46</Max>
          <Min>-51</Min>
        </Measure>
      </Stats>
    </Log>
    <Log>
      <Stats type="Stats" id="vivarium" generation="400" popsize="200">
        <Item key="processed">100</Item>
        <Item key="total-processed">40200</Item>
        <Measure id="fitness">
          <Avg>-46.79</Avg>
          <Std>1.12348166664</Std>
          <Max>-46</Max>
          <Min>-51</Min>
        </Measure>
      </Stats>
    </Log>
    <Log>Evolving generation 401</Log>
    <Log>Applying main-loop operators to the 1st deme</Log>
    <Log>
      <Stats type="Stats" id="deme0" generation="401" popsize="200">
        <Item key="processed">100</Item>
        <Item key="total-processed">40300</Item>
        <Measure id="fitness">
          <Avg>-46.71</Avg>
          <Std>1.15436684553</Std>
          <Max>-46</Max>
          <Min>-51</Min>
        </Measure>
      </Stats>
    </Log>
    <Log>
      <Stats type="Stats" id="vivarium" generation="401" popsize="200">
        <Item key="processed">100</Item>
        <Item key="total-processed">40300</Item>
        <Measure id="fitness">
          <Avg>-46.71</Avg>
          <Std>1.15436684553</Std>
          <Max>-46</Max>
          <Min>-51</Min>
        </Measure>
      </Stats>
    </Log>
    <Log>Evolving generation 402</Log>
    <Log>Applying main-loop operators to the 1st deme</Log>
    <Log>
      <Stats type="Stats" id="deme0" generation="402" popsize="200">
        <Item key="processed">100</Item>
        <Item key="total-processed">40400</Item>
        <Measure id="fitness">
          <Avg>-46.76</Avg>
          <Std>1.11742705179</Std>
          <Max>-46</Max>
          <Min>-51</Min>
        </Measure>
      </Stats>
    </Log>
    <Log>
      <Stats type="Stats" id="vivarium" generation="402" popsize="200">
        <Item key="processed">100</Item>
        <Item key="total-processed">40400</Item>
        <Measure id="fitness">
          <Avg>-46.76</Avg>
          <Std>1.11742705179</Std>
          <Max>-46</Max>
          <Min>-51</Min>
        </Measure>
      </Stats>
    </Log>
    <Log>Evolving generation 403</Log>
    <Log>Applying main-loop operators to the 1st deme</Log>
    <Log>
      <Stats type="Stats" id="deme0" generation="403" popsize="200">
        <Item key="processed">100</Item>
        <Item key="total-processed">40500</Item>
        <Measure id="fitness">
          <Avg>-46.855</Avg>
          <Std>1.21298460761</Std>
          <Max>-46</Max>
          <Min>-51</Min>
        </Measure>
      </Stats>
    </Log>
    <Log>
      <Stats type="Stats" id="vivarium" generation="403" popsize="200">
        <Item key="processed">100</Item>
        <Item key="total-processed">40500</Item>
        <Measure id="fitness">
          <Avg>-46.855</Avg>
          <Std>1.21298460761</Std>
          <Max>-46</Max>
          <Min>-51</Min>
        </Measure>
      </Stats>
    </Log>
    <Log>Evolving generation 404</Log>
    <Log>Applying main-loop operators to the 1st deme</Log>
    <Log>
      <Stats type="Stats" id="deme0" generation="404" popsize="200">
        <Item key="processed">100</Item>
        <Item key="total-processed">40600</Item>
        <Measure id="fitness">
          <Avg>-46.76</Avg>
          <Std>1.10385346052</Std>
          <Max>-46</Max>
          <Min>-51</Min>
        </Measure>
      </Stats>
    </Log>
    <Log>
      <Stats type="Stats" id="vivarium" generation="404" popsize="200">
        <Item key="processed">100</Item>
        <Item key="total-processed">40600</Item>
        <Measure id="fitness">
          <Avg>-46.76</Avg>
          <Std>1.10385346052</Std>
          <Max>-46</Max>
          <Min>-51</Min>
        </Measure>
      </Stats>
    </Log>
    <Log>Evolving generation 405</Log>
    <Log>Applying main-loop operators to the 1st deme</Log>
    <Log>
      <Stats type="Stats" id="deme0" generation="405" popsize="200">
        <Item key="processed">100</Item>
        <Item key="total-processed">40700</Item>
        <Measure id="fitness">
          <Avg>-46.72</Avg>
          <Std>1.06643632354</Std>
          <Max>-46</Max>
          <Min>-51</Min>
        </Measure>
      </Stats>
    </Log>
    <Log>
      <Stats type="Stats" id="vivarium" generation="405" popsize="200">
        <Item key="processed">100</Item>
        <Item key="total-processed">40700</Item>
        <Measure id="fitness">
          <Avg>-46.72</Avg>
          <Std>1.06643632354</Std>
          <Max>-46</Max>
          <Min>-51</Min>
        </Measure>
      </Stats>
    </Log>
    <Log>Evolving generation 406</Log>
    <Log>Applying main-loop operators to the 1st deme</Log>
    <Log>
      <Stats type="Stats" id="deme0" generation="406" popsize="200">
        <Item key="processed">100</Item>
        <Item key="total-processed">40800</Item>
        <Measure id="fitness">
          <Avg>-46.705</Avg>
          <Std>1.16393674386</Std>
          <Max>-46</Max>
          <Min>-51</Min>
        </Measure>
      </Stats>
    </Log>
    <Log>
      <Stats type="Stats" id="vivarium" generation="406" popsize="200">
        <Item key="processed">100</Item>
        <Item key="total-processed">40800</Item>
        <Measure id="fitness">
          <Avg>-46.705</Avg>
          <Std>1.16393674386</Std>
          <Max>-46</Max>
          <Min>-51</Min>
        </Measure>
      </Stats>
    </Log>
    <Log>Evolving generation 407</Log>
    <Log>Applying main-loop operators to the 1st deme</Log>
    <Log>
      <Stats type="Stats" id="deme0" generation="407" popsize="200">
        <Item key="processed">100</Item>
        <Item key="total-processed">40900</Item>
        <Measure id="fitness">
          <Avg>-46.715</Avg>
          <Std>1.13144857568</Std>
          <Max>-46</Max>
          <Min>-51</Min>
        </Measure>
      </Stats>
    </Log>
    <Log>
      <Stats type="Stats" id="vivarium" generation="407" popsize="200">
        <Item key="processed">100</Item>
        <Item key="total-processed">40900</Item>
        <Measure id="fitness">
          <Avg>-46.715</Avg>
          <Std>1.13144857568</Std>
          <Max>-46</Max>
          <Min>-51</Min>
        </Measure>
      </Stats>
    </Log>
    <Log>Evolving generation 408</Log>
    <Log>Applying main-loop operators to the 1st deme</Log>
    <Log>
      <Stats type="Stats" id="deme0" generation="408" popsize="200">
        <Item key="processed">100</Item>
        <Item key="total-processed">41000</Item>
        <Measure id="fitness">
          <Avg>-46.71</Avg>
          <Std>1.10998211765</Std>
          <Max>-46</Max>
          <Min>-51</Min>
        </Measure>
      </Stats>
    </Log>
    <Log>
      <Stats type="Stats" id="vivarium" generation="408" popsize="200">
        <Item key="processed">100</Item>
        <Item key="total-processed">41000</Item>
        <Measure id="fitness">
          <Avg>-46.71</Avg>
          <Std>1.10998211765</Std>
          <Max>-46</Max>
          <Min>-51</Min>
        </Measure>
      </Stats>
    </Log>
    <Log>Evolving generation 409</Log>
    <Log>Applying main-loop operators to the 1st deme</Log>
    <Log>
      <Stats type="Stats" id="deme0" generation="409" popsize="200">
        <Item key="processed">100</Item>
        <Item key="total-processed">41100</Item>
        <Measure id="fitness">
          <Avg>-46.615</Avg>
          <Std>0.995858257154</Std>
          <Max>-46</Max>
          <Min>-51</Min>
        </Measure>
      </Stats>
    </Log>
    <Log>
      <Stats type="Stats" id="vivarium" generation="409" popsize="200">
        <Item key="processed">100</Item>
        <Item key="total-processed">41100</Item>
        <Measure id="fitness">
          <Avg>-46.615</Avg>
          <Std>0.995858257154</Std>
          <Max>-46</Max>
          <Min>-51</Min>
        </Measure>
      </Stats>
    </Log>
    <Log>Evolving generation 410</Log>
    <Log>Applying main-loop operators to the 1st deme</Log>
    <Log>
      <Stats type="Stats" id="deme0" generation="410" popsize="200">
        <Item key="processed">100</Item>
        <Item key="total-processed">41200</Item>
        <Measure id="fitness">
          <Avg>-46.8</Avg>
          <Std>1.16481067972</Std>
          <Max>-46</Max>
          <Min>-51</Min>
        </Measure>
      </Stats>
    </Log>
    <Log>
      <Stats type="Stats" id="vivarium" generation="410" popsize="200">
        <Item key="processed">100</Item>
        <Item key="total-processed">41200</Item>
        <Measure id="fitness">
          <Avg>-46.8</Avg>
          <Std>1.16481067972</Std>
          <Max>-46</Max>
          <Min>-51</Min>
        </Measure>
      </Stats>
    </Log>
    <Log>Evolving generation 411</Log>
    <Log>Applying main-loop operators to the 1st deme</Log>
    <Log>
      <Stats type="Stats" id="deme0" generation="411" popsize="200">
        <Item key="processed">100</Item>
        <Item key="total-processed">41300</Item>
        <Measure id="fitness">
          <Avg>-46.885</Avg>
          <Std>1.20375250799</Std>
          <Max>-46</Max>
          <Min>-50</Min>
        </Measure>
      </Stats>
    </Log>
    <Log>
      <Stats type="Stats" id="vivarium" generation="411" popsize="200">
        <Item key="processed">100</Item>
        <Item key="total-processed">41300</Item>
        <Measure id="fitness">
          <Avg>-46.885</Avg>
          <Std>1.20375250799</Std>
          <Max>-46</Max>
          <Min>-50</Min>
        </Measure>
      </Stats>
    </Log>
    <Log>Evolving generation 412</Log>
    <Log>Applying main-loop operators to the 1st deme</Log>
    <Log>
      <Stats type="Stats" id="deme0" generation="412" popsize="200">
        <Item key="processed">100</Item>
        <Item key="total-processed">41400</Item>
        <Measure id="fitness">
          <Avg>-46.64</Avg>
          <Std>1.06587072481</Std>
          <Max>-46</Max>
          <Min>-50</Min>
        </Measure>
      </Stats>
    </Log>
    <Log>
      <Stats type="Stats" id="vivarium" generation="412" popsize="200">
        <Item key="processed">100</Item>
        <Item key="total-processed">41400</Item>
        <Measure id="fitness">
          <Avg>-46.64</Avg>
          <Std>1.06587072481</Std>
          <Max>-46</Max>
          <Min>-50</Min>
        </Measure>
      </Stats>
    </Log>
    <Log>Evolving generation 413</Log>
    <Log>Applying main-loop operators to the 1st deme</Log>
    <Log>
      <Stats type="Stats" id="deme0" generation="413" popsize="200">
        <Item key="processed">100</Item>
        <Item key="total-processed">41500</Item>
        <Measure id="fitness">
          <Avg>-46.725</Avg>
          <Std>1.11155421092</Std>
          <Max>-46</Max>
          <Min>-51</Min>
        </Measure>
      </Stats>
    </Log>
    <Log>
      <Stats type="Stats" id="vivarium" generation="413" popsize="200">
        <Item key="processed">100</Item>
        <Item key="total-processed">41500</Item>
        <Measure id="fitness">
          <Avg>-46.725</Avg>
          <Std>1.11155421092</Std>
          <Max>-46</Max>
          <Min>-51</Min>
        </Measure>
      </Stats>
    </Log>
    <Log>Evolving generation 414</Log>
    <Log>Applying main-loop operators to the 1st deme</Log>
    <Log>
      <Stats type="Stats" id="deme0" generation="414" popsize="200">
        <Item key="processed">100</Item>
        <Item key="total-processed">41600</Item>
        <Measure id="fitness">
          <Avg>-46.635</Avg>
          <Std>1.08056145838</Std>
          <Max>-46</Max>
          <Min>-51</Min>
        </Measure>
      </Stats>
    </Log>
    <Log>
      <Stats type="Stats" id="vivarium" generation="414" popsize="200">
        <Item key="processed">100</Item>
        <Item key="total-processed">41600</Item>
        <Measure id="fitness">
          <Avg>-46.635</Avg>
          <Std>1.08056145838</Std>
          <Max>-46</Max>
          <Min>-51</Min>
        </Measure>
      </Stats>
    </Log>
    <Log>Evolving generation 415</Log>
    <Log>Applying main-loop operators to the 1st deme</Log>
    <Log>
      <Stats type="Stats" id="deme0" generation="415" popsize="200">
        <Item key="processed">100</Item>
        <Item key="total-processed">41700</Item>
        <Measure id="fitness">
          <Avg>-46.65</Avg>
          <Std>0.975838770767</Std>
          <Max>-46</Max>
          <Min>-50</Min>
        </Measure>
      </Stats>
    </Log>
    <Log>
      <Stats type="Stats" id="vivarium" generation="415" popsize="200">
        <Item key="processed">100</Item>
        <Item key="total-processed">41700</Item>
        <Measure id="fitness">
          <Avg>-46.65</Avg>
          <Std>0.975838770767</Std>
          <Max>-46</Max>
          <Min>-50</Min>
        </Measure>
      </Stats>
    </Log>
    <Log>Evolving generation 416</Log>
    <Log>Applying main-loop operators to the 1st deme</Log>
    <Log>
      <Stats type="Stats" id="deme0" generation="416" popsize="200">
        <Item key="processed">100</Item>
        <Item key="total-processed">41800</Item>
        <Measure id="fitness">
          <Avg>-46.845</Avg>
          <Std>1.25653067879</Std>
          <Max>-46</Max>
          <Min>-51</Min>
        </Measure>
      </Stats>
    </Log>
    <Log>
      <Stats type="Stats" id="vivarium" generation="416" popsize="200">
        <Item key="processed">100</Item>
        <Item key="total-processed">41800</Item>
        <Measure id="fitness">
          <Avg>-46.845</Avg>
          <Std>1.25653067879</Std>
          <Max>-46</Max>
          <Min>-51</Min>
        </Measure>
      </Stats>
    </Log>
    <Log>Evolving generation 417</Log>
    <Log>Applying main-loop operators to the 1st deme</Log>
    <Log>
      <Stats type="Stats" id="deme0" generation="417" popsize="200">
        <Item key="processed">100</Item>
        <Item key="total-processed">41900</Item>
        <Measure id="fitness">
          <Avg>-46.705</Avg>
          <Std>1.1109211172</Std>
          <Max>-46</Max>
          <Min>-51</Min>
        </Measure>
      </Stats>
    </Log>
    <Log>
      <Stats type="Stats" id="vivarium" generation="417" popsize="200">
        <Item key="processed">100</Item>
        <Item key="total-processed">41900</Item>
        <Measure id="fitness">
          <Avg>-46.705</Avg>
          <Std>1.1109211172</Std>
          <Max>-46</Max>
          <Min>-51</Min>
        </Measure>
      </Stats>
    </Log>
    <Log>Evolving generation 418</Log>
    <Log>Applying main-loop operators to the 1st deme</Log>
    <Log>
      <Stats type="Stats" id="deme0" generation="418" popsize="200">
        <Item key="processed">100</Item>
        <Item key="total-processed">42000</Item>
        <Measure id="fitness">
          <Avg>-46.63</Avg>
          <Std>1.03365478331</Std>
          <Max>-46</Max>
          <Min>-51</Min>
        </Measure>
      </Stats>
    </Log>
    <Log>
      <Stats type="Stats" id="vivarium" generation="418" popsize="200">
        <Item key="processed">100</Item>
        <Item key="total-processed">42000</Item>
        <Measure id="fitness">
          <Avg>-46.63</Avg>
          <Std>1.03365478331</Std>
          <Max>-46</Max>
          <Min>-51</Min>
        </Measure>
      </Stats>
    </Log>
    <Log>Evolving generation 419</Log>
    <Log>Applying main-loop operators to the 1st deme</Log>
    <Log>
      <Stats type="Stats" id="deme0" generation="419" popsize="200">
        <Item key="processed">100</Item>
        <Item key="total-processed">42100</Item>
        <Measure id="fitness">
          <Avg>-46.725</Avg>
          <Std>1.15587857337</Std>
          <Max>-46</Max>
          <Min>-51</Min>
        </Measure>
      </Stats>
    </Log>
    <Log>
      <Stats type="Stats" id="vivarium" generation="419" popsize="200">
        <Item key="processed">100</Item>
        <Item key="total-processed">42100</Item>
        <Measure id="fitness">
          <Avg>-46.725</Avg>
          <Std>1.15587857337</Std>
          <Max>-46</Max>
          <Min>-51</Min>
        </Measure>
      </Stats>
    </Log>
    <Log>Evolving generation 420</Log>
    <Log>Applying main-loop operators to the 1st deme</Log>
    <Log>
      <Stats type="Stats" id="deme0" generation="420" popsize="200">
        <Item key="processed">100</Item>
        <Item key="total-processed">42200</Item>
        <Measure id="fitness">
          <Avg>-46.69</Avg>
          <Std>1.03889194934</Std>
          <Max>-46</Max>
          <Min>-50</Min>
        </Measure>
      </Stats>
    </Log>
    <Log>
      <Stats type="Stats" id="vivarium" generation="420" popsize="200">
        <Item key="processed">100</Item>
        <Item key="total-processed">42200</Item>
        <Measure id="fitness">
          <Avg>-46.69</Avg>
          <Std>1.03889194934</Std>
          <Max>-46</Max>
          <Min>-50</Min>
        </Measure>
      </Stats>
    </Log>
    <Log>Evolving generation 421</Log>
    <Log>Applying main-loop operators to the 1st deme</Log>
    <Log>
      <Stats type="Stats" id="deme0" generation="421" popsize="200">
        <Item key="processed">100</Item>
        <Item key="total-processed">42300</Item>
        <Measure id="fitness">
          <Avg>-46.735</Avg>
          <Std>1.17116743715</Std>
          <Max>-46</Max>
          <Min>-51</Min>
        </Measure>
      </Stats>
    </Log>
    <Log>
      <Stats type="Stats" id="vivarium" generation="421" popsize="200">
        <Item key="processed">100</Item>
        <Item key="total-processed">42300</Item>
        <Measure id="fitness">
          <Avg>-46.735</Avg>
          <Std>1.17116743715</Std>
          <Max>-46</Max>
          <Min>-51</Min>
        </Measure>
      </Stats>
    </Log>
    <Log>Evolving generation 422</Log>
    <Log>Applying main-loop operators to the 1st deme</Log>
    <Log>
      <Stats type="Stats" id="deme0" generation="422" popsize="200">
        <Item key="processed">100</Item>
        <Item key="total-processed">42400</Item>
        <Measure id="fitness">
          <Avg>-46.765</Avg>
          <Std>1.11173502862</Std>
          <Max>-46</Max>
          <Min>-51</Min>
        </Measure>
      </Stats>
    </Log>
    <Log>
      <Stats type="Stats" id="vivarium" generation="422" popsize="200">
        <Item key="processed">100</Item>
        <Item key="total-processed">42400</Item>
        <Measure id="fitness">
          <Avg>-46.765</Avg>
          <Std>1.11173502862</Std>
          <Max>-46</Max>
          <Min>-51</Min>
        </Measure>
      </Stats>
    </Log>
    <Log>Evolving generation 423</Log>
    <Log>Applying main-loop operators to the 1st deme</Log>
    <Log>
      <Stats type="Stats" id="deme0" generation="423" popsize="200">
        <Item key="processed">100</Item>
        <Item key="total-processed">42500</Item>
        <Measure id="fitness">
          <Avg>-46.69</Avg>
          <Std>1.0908021114</Std>
          <Max>-46</Max>
          <Min>-51</Min>
        </Measure>
      </Stats>
    </Log>
    <Log>
      <Stats type="Stats" id="vivarium" generation="423" popsize="200">
        <Item key="processed">100</Item>
        <Item key="total-processed">42500</Item>
        <Measure id="fitness">
          <Avg>-46.69</Avg>
          <Std>1.0908021114</Std>
          <Max>-46</Max>
          <Min>-51</Min>
        </Measure>
      </Stats>
    </Log>
    <Log>Evolving generation 424</Log>
    <Log>Applying main-loop operators to the 1st deme</Log>
    <Log>
      <Stats type="Stats" id="deme0" generation="424" popsize="200">
        <Item key="processed">100</Item>
        <Item key="total-processed">42600</Item>
        <Measure id="fitness">
          <Avg>-46.775</Avg>
          <Std>1.20483740224</Std>
          <Max>-46</Max>
          <Min>-51</Min>
        </Measure>
      </Stats>
    </Log>
    <Log>
      <Stats type="Stats" id="vivarium" generation="424" popsize="200">
        <Item key="processed">100</Item>
        <Item key="total-processed">42600</Item>
        <Measure id="fitness">
          <Avg>-46.775</Avg>
          <Std>1.20483740224</Std>
          <Max>-46</Max>
          <Min>-51</Min>
        </Measure>
      </Stats>
    </Log>
    <Log>Evolving generation 425</Log>
    <Log>Applying main-loop operators to the 1st deme</Log>
    <Log>
      <Stats type="Stats" id="deme0" generation="425" popsize="200">
        <Item key="processed">100</Item>
        <Item key="total-processed">42700</Item>
        <Measure id="fitness">
          <Avg>-46.635</Avg>
          <Std>1.04269413314</Std>
          <Max>-46</Max>
          <Min>-50</Min>
        </Measure>
      </Stats>
    </Log>
    <Log>
      <Stats type="Stats" id="vivarium" generation="425" popsize="200">
        <Item key="processed">100</Item>
        <Item key="total-processed">42700</Item>
        <Measure id="fitness">
          <Avg>-46.635</Avg>
          <Std>1.04269413314</Std>
          <Max>-46</Max>
          <Min>-50</Min>
        </Measure>
      </Stats>
    </Log>
    <Log>Evolving generation 426</Log>
    <Log>Applying main-loop operators to the 1st deme</Log>
    <Log>
      <Stats type="Stats" id="deme0" generation="426" popsize="200">
        <Item key="processed">100</Item>
        <Item key="total-processed">42800</Item>
        <Measure id="fitness">
          <Avg>-46.725</Avg>
          <Std>1.16884816386</Std>
          <Max>-46</Max>
          <Min>-51</Min>
        </Measure>
      </Stats>
    </Log>
    <Log>
      <Stats type="Stats" id="vivarium" generation="426" popsize="200">
        <Item key="processed">100</Item>
        <Item key="total-processed">42800</Item>
        <Measure id="fitness">
          <Avg>-46.725</Avg>
          <Std>1.16884816386</Std>
          <Max>-46</Max>
          <Min>-51</Min>
        </Measure>
      </Stats>
    </Log>
    <Log>Evolving generation 427</Log>
    <Log>Applying main-loop operators to the 1st deme</Log>
    <Log>
      <Stats type="Stats" id="deme0" generation="427" popsize="200">
        <Item key="processed">100</Item>
        <Item key="total-processed">42900</Item>
        <Measure id="fitness">
          <Avg>-46.74</Avg>
          <Std>1.07151327734</Std>
          <Max>-46</Max>
          <Min>-51</Min>
        </Measure>
      </Stats>
    </Log>
    <Log>
      <Stats type="Stats" id="vivarium" generation="427" popsize="200">
        <Item key="processed">100</Item>
        <Item key="total-processed">42900</Item>
        <Measure id="fitness">
          <Avg>-46.74</Avg>
          <Std>1.07151327734</Std>
          <Max>-46</Max>
          <Min>-51</Min>
        </Measure>
      </Stats>
    </Log>
    <Log>Evolving generation 428</Log>
    <Log>Applying main-loop operators to the 1st deme</Log>
    <Log>
      <Stats type="Stats" id="deme0" generation="428" popsize="200">
        <Item key="processed">100</Item>
        <Item key="total-processed">43000</Item>
        <Measure id="fitness">
          <Avg>-46.715</Avg>
          <Std>1.17073828873</Std>
          <Max>-46</Max>
          <Min>-51</Min>
        </Measure>
      </Stats>
    </Log>
    <Log>
      <Stats type="Stats" id="vivarium" generation="428" popsize="200">
        <Item key="processed">100</Item>
        <Item key="total-processed">43000</Item>
        <Measure id="fitness">
          <Avg>-46.715</Avg>
          <Std>1.17073828873</Std>
          <Max>-46</Max>
          <Min>-51</Min>
        </Measure>
      </Stats>
    </Log>
    <Log>Evolving generation 429</Log>
    <Log>Applying main-loop operators to the 1st deme</Log>
    <Log>
      <Stats type="Stats" id="deme0" generation="429" popsize="200">
        <Item key="processed">100</Item>
        <Item key="total-processed">43100</Item>
        <Measure id="fitness">
          <Avg>-46.79</Avg>
          <Std>1.2261390971</Std>
          <Max>-46</Max>
          <Min>-51</Min>
        </Measure>
      </Stats>
    </Log>
    <Log>
      <Stats type="Stats" id="vivarium" generation="429" popsize="200">
        <Item key="processed">100</Item>
        <Item key="total-processed">43100</Item>
        <Measure id="fitness">
          <Avg>-46.79</Avg>
          <Std>1.2261390971</Std>
          <Max>-46</Max>
          <Min>-51</Min>
        </Measure>
      </Stats>
    </Log>
    <Log>Evolving generation 430</Log>
    <Log>Applying main-loop operators to the 1st deme</Log>
    <Log>
      <Stats type="Stats" id="deme0" generation="430" popsize="200">
        <Item key="processed">100</Item>
        <Item key="total-processed">43200</Item>
        <Measure id="fitness">
          <Avg>-46.735</Avg>
          <Std>1.12744430162</Std>
          <Max>-46</Max>
          <Min>-51</Min>
        </Measure>
      </Stats>
    </Log>
    <Log>
      <Stats type="Stats" id="vivarium" generation="430" popsize="200">
        <Item key="processed">100</Item>
        <Item key="total-processed">43200</Item>
        <Measure id="fitness">
          <Avg>-46.735</Avg>
          <Std>1.12744430162</Std>
          <Max>-46</Max>
          <Min>-51</Min>
        </Measure>
      </Stats>
    </Log>
    <Log>Evolving generation 431</Log>
    <Log>Applying main-loop operators to the 1st deme</Log>
    <Log>
      <Stats type="Stats" id="deme0" generation="431" popsize="200">
        <Item key="processed">100</Item>
        <Item key="total-processed">43300</Item>
        <Measure id="fitness">
          <Avg>-46.68</Avg>
          <Std>1.04068010233</Std>
          <Max>-46</Max>
          <Min>-50</Min>
        </Measure>
      </Stats>
    </Log>
    <Log>
      <Stats type="Stats" id="vivarium" generation="431" popsize="200">
        <Item key="processed">100</Item>
        <Item key="total-processed">43300</Item>
        <Measure id="fitness">
          <Avg>-46.68</Avg>
          <Std>1.04068010233</Std>
          <Max>-46</Max>
          <Min>-50</Min>
        </Measure>
      </Stats>
    </Log>
    <Log>Evolving generation 432</Log>
    <Log>Applying main-loop operators to the 1st deme</Log>
    <Log>
      <Stats type="Stats" id="deme0" generation="432" popsize="200">
        <Item key="processed">100</Item>
        <Item key="total-processed">43400</Item>
        <Measure id="fitness">
          <Avg>-46.7</Avg>
          <Std>1.04183834431</Std>
          <Max>-46</Max>
          <Min>-50</Min>
        </Measure>
      </Stats>
    </Log>
    <Log>
      <Stats type="Stats" id="vivarium" generation="432" popsize="200">
        <Item key="processed">100</Item>
        <Item key="total-processed">43400</Item>
        <Measure id="fitness">
          <Avg>-46.7</Avg>
          <Std>1.04183834431</Std>
          <Max>-46</Max>
          <Min>-50</Min>
        </Measure>
      </Stats>
    </Log>
    <Log>Evolving generation 433</Log>
    <Log>Applying main-loop operators to the 1st deme</Log>
    <Log>
      <Stats type="Stats" id="deme0" generation="433" popsize="200">
        <Item key="processed">100</Item>
        <Item key="total-processed">43500</Item>
        <Measure id="fitness">
          <Avg>-46.8</Avg>
          <Std>1.3032622385</Std>
          <Max>-46</Max>
          <Min>-51</Min>
        </Measure>
      </Stats>
    </Log>
    <Log>
      <Stats type="Stats" id="vivarium" generation="433" popsize="200">
        <Item key="processed">100</Item>
        <Item key="total-processed">43500</Item>
        <Measure id="fitness">
          <Avg>-46.8</Avg>
          <Std>1.3032622385</Std>
          <Max>-46</Max>
          <Min>-51</Min>
        </Measure>
      </Stats>
    </Log>
    <Log>Evolving generation 434</Log>
    <Log>Applying main-loop operators to the 1st deme</Log>
    <Log>
      <Stats type="Stats" id="deme0" generation="434" popsize="200">
        <Item key="processed">100</Item>
        <Item key="total-processed">43600</Item>
        <Measure id="fitness">
          <Avg>-46.85</Avg>
          <Std>1.267094171</Std>
          <Max>-46</Max>
          <Min>-51</Min>
        </Measure>
      </Stats>
    </Log>
    <Log>
      <Stats type="Stats" id="vivarium" generation="434" popsize="200">
        <Item key="processed">100</Item>
        <Item key="total-processed">43600</Item>
        <Measure id="fitness">
          <Avg>-46.85</Avg>
          <Std>1.267094171</Std>
          <Max>-46</Max>
          <Min>-51</Min>
        </Measure>
      </Stats>
    </Log>
    <Log>Evolving generation 435</Log>
    <Log>Applying main-loop operators to the 1st deme</Log>
    <Log>
      <Stats type="Stats" id="deme0" generation="435" popsize="200">
        <Item key="processed">100</Item>
        <Item key="total-processed">43700</Item>
        <Measure id="fitness">
          <Avg>-46.675</Avg>
          <Std>1.15152291559</Std>
          <Max>-46</Max>
          <Min>-51</Min>
        </Measure>
      </Stats>
    </Log>
    <Log>
      <Stats type="Stats" id="vivarium" generation="435" popsize="200">
        <Item key="processed">100</Item>
        <Item key="total-processed">43700</Item>
        <Measure id="fitness">
          <Avg>-46.675</Avg>
          <Std>1.15152291559</Std>
          <Max>-46</Max>
          <Min>-51</Min>
        </Measure>
      </Stats>
    </Log>
    <Log>Evolving generation 436</Log>
    <Log>Applying main-loop operators to the 1st deme</Log>
    <Log>
      <Stats type="Stats" id="deme0" generation="436" popsize="200">
        <Item key="processed">100</Item>
        <Item key="total-processed">43800</Item>
        <Measure id="fitness">
          <Avg>-46.59</Avg>
          <Std>0.993395274226</Std>
          <Max>-46</Max>
          <Min>-51</Min>
        </Measure>
      </Stats>
    </Log>
    <Log>
      <Stats type="Stats" id="vivarium" generation="436" popsize="200">
        <Item key="processed">100</Item>
        <Item key="total-processed">43800</Item>
        <Measure id="fitness">
          <Avg>-46.59</Avg>
          <Std>0.993395274226</Std>
          <Max>-46</Max>
          <Min>-51</Min>
        </Measure>
      </Stats>
    </Log>
    <Log>Evolving generation 437</Log>
    <Log>Applying main-loop operators to the 1st deme</Log>
    <Log>
      <Stats type="Stats" id="deme0" generation="437" popsize="200">
        <Item key="processed">100</Item>
        <Item key="total-processed">43900</Item>
        <Measure id="fitness">
          <Avg>-46.785</Avg>
          <Std>1.18142023381</Std>
          <Max>-46</Max>
          <Min>-51</Min>
        </Measure>
      </Stats>
    </Log>
    <Log>
      <Stats type="Stats" id="vivarium" generation="437" popsize="200">
        <Item key="processed">100</Item>
        <Item key="total-processed">43900</Item>
        <Measure id="fitness">
          <Avg>-46.785</Avg>
          <Std>1.18142023381</Std>
          <Max>-46</Max>
          <Min>-51</Min>
        </Measure>
      </Stats>
    </Log>
    <Log>Evolving generation 438</Log>
    <Log>Applying main-loop operators to the 1st deme</Log>
    <Log>
      <Stats type="Stats" id="deme0" generation="438" popsize="200">
        <Item key="processed">100</Item>
        <Item key="total-processed">44000</Item>
        <Measure id="fitness">
          <Avg>-46.755</Avg>
          <Std>1.15396410942</Std>
          <Max>-46</Max>
          <Min>-51</Min>
        </Measure>
      </Stats>
    </Log>
    <Log>
      <Stats type="Stats" id="vivarium" generation="438" popsize="200">
        <Item key="processed">100</Item>
        <Item key="total-processed">44000</Item>
        <Measure id="fitness">
          <Avg>-46.755</Avg>
          <Std>1.15396410942</Std>
          <Max>-46</Max>
          <Min>-51</Min>
        </Measure>
      </Stats>
    </Log>
    <Log>Evolving generation 439</Log>
    <Log>Applying main-loop operators to the 1st deme</Log>
    <Log>
      <Stats type="Stats" id="deme0" generation="439" popsize="200">
        <Item key="processed">100</Item>
        <Item key="total-processed">44100</Item>
        <Measure id="fitness">
          <Avg>-46.63</Avg>
          <Std>1.03850491685</Std>
          <Max>-46</Max>
          <Min>-51</Min>
        </Measure>
      </Stats>
    </Log>
    <Log>
      <Stats type="Stats" id="vivarium" generation="439" popsize="200">
        <Item key="processed">100</Item>
        <Item key="total-processed">44100</Item>
        <Measure id="fitness">
          <Avg>-46.63</Avg>
          <Std>1.03850491685</Std>
          <Max>-46</Max>
          <Min>-51</Min>
        </Measure>
      </Stats>
    </Log>
    <Log>Evolving generation 440</Log>
    <Log>Applying main-loop operators to the 1st deme</Log>
    <Log>
      <Stats type="Stats" id="deme0" generation="440" popsize="200">
        <Item key="processed">100</Item>
        <Item key="total-processed">44200</Item>
        <Measure id="fitness">
          <Avg>-46.71</Avg>
          <Std>1.08247808013</Std>
          <Max>-46</Max>
          <Min>-51</Min>
        </Measure>
      </Stats>
    </Log>
    <Log>
      <Stats type="Stats" id="vivarium" generation="440" popsize="200">
        <Item key="processed">100</Item>
        <Item key="total-processed">44200</Item>
        <Measure id="fitness">
          <Avg>-46.71</Avg>
          <Std>1.08247808013</Std>
          <Max>-46</Max>
          <Min>-51</Min>
        </Measure>
      </Stats>
    </Log>
    <Log>Evolving generation 441</Log>
    <Log>Applying main-loop operators to the 1st deme</Log>
    <Log>
      <Stats type="Stats" id="deme0" generation="441" popsize="200">
        <Item key="processed">100</Item>
        <Item key="total-processed">44300</Item>
        <Measure id="fitness">
          <Avg>-46.73</Avg>
          <Std>1.18495594982</Std>
          <Max>-46</Max>
          <Min>-51</Min>
        </Measure>
      </Stats>
    </Log>
    <Log>
      <Stats type="Stats" id="vivarium" generation="441" popsize="200">
        <Item key="processed">100</Item>
        <Item key="total-processed">44300</Item>
        <Measure id="fitness">
          <Avg>-46.73</Avg>
          <Std>1.18495594982</Std>
          <Max>-46</Max>
          <Min>-51</Min>
        </Measure>
      </Stats>
    </Log>
    <Log>Evolving generation 442</Log>
    <Log>Applying main-loop operators to the 1st deme</Log>
    <Log>
      <Stats type="Stats" id="deme0" generation="442" popsize="200">
        <Item key="processed">100</Item>
        <Item key="total-processed">44400</Item>
        <Measure id="fitness">
          <Avg>-46.76</Avg>
          <Std>1.1129209158</Std>
          <Max>-46</Max>
          <Min>-51</Min>
        </Measure>
      </Stats>
    </Log>
    <Log>
      <Stats type="Stats" id="vivarium" generation="442" popsize="200">
        <Item key="processed">100</Item>
        <Item key="total-processed">44400</Item>
        <Measure id="fitness">
          <Avg>-46.76</Avg>
          <Std>1.1129209158</Std>
          <Max>-46</Max>
          <Min>-51</Min>
        </Measure>
      </Stats>
    </Log>
    <Log>Evolving generation 443</Log>
    <Log>Applying main-loop operators to the 1st deme</Log>
    <Log>
      <Stats type="Stats" id="deme0" generation="443" popsize="200">
        <Item key="processed">100</Item>
        <Item key="total-processed">44500</Item>
        <Measure id="fitness">
          <Avg>-46.71</Avg>
          <Std>1.12794561329</Std>
          <Max>-46</Max>
          <Min>-51</Min>
        </Measure>
      </Stats>
    </Log>
    <Log>
      <Stats type="Stats" id="vivarium" generation="443" popsize="200">
        <Item key="processed">100</Item>
        <Item key="total-processed">44500</Item>
        <Measure id="fitness">
          <Avg>-46.71</Avg>
          <Std>1.12794561329</Std>
          <Max>-46</Max>
          <Min>-51</Min>
        </Measure>
      </Stats>
    </Log>
    <Log>Evolving generation 444</Log>
    <Log>Applying main-loop operators to the 1st deme</Log>
    <Log>
      <Stats type="Stats" id="deme0" generation="444" popsize="200">
        <Item key="processed">100</Item>
        <Item key="total-processed">44600</Item>
        <Measure id="fitness">
          <Avg>-46.755</Avg>
          <Std>1.21753313494</Std>
          <Max>-46</Max>
          <Min>-51</Min>
        </Measure>
      </Stats>
    </Log>
    <Log>
      <Stats type="Stats" id="vivarium" generation="444" popsize="200">
        <Item key="processed">100</Item>
        <Item key="total-processed">44600</Item>
        <Measure id="fitness">
          <Avg>-46.755</Avg>
          <Std>1.21753313494</Std>
          <Max>-46</Max>
          <Min>-51</Min>
        </Measure>
      </Stats>
    </Log>
    <Log>Evolving generation 445</Log>
    <Log>Applying main-loop operators to the 1st deme</Log>
    <Log>
      <Stats type="Stats" id="deme0" generation="445" popsize="200">
        <Item key="processed">100</Item>
        <Item key="total-processed">44700</Item>
        <Measure id="fitness">
          <Avg>-46.755</Avg>
          <Std>1.17553580214</Std>
          <Max>-46</Max>
          <Min>-52</Min>
        </Measure>
      </Stats>
    </Log>
    <Log>
      <Stats type="Stats" id="vivarium" generation="445" popsize="200">
        <Item key="processed">100</Item>
        <Item key="total-processed">44700</Item>
        <Measure id="fitness">
          <Avg>-46.755</Avg>
          <Std>1.17553580214</Std>
          <Max>-46</Max>
          <Min>-52</Min>
        </Measure>
      </Stats>
    </Log>
    <Log>Evolving generation 446</Log>
    <Log>Applying main-loop operators to the 1st deme</Log>
    <Log>
      <Stats type="Stats" id="deme0" generation="446" popsize="200">
        <Item key="processed">100</Item>
        <Item key="total-processed">44800</Item>
        <Measure id="fitness">
          <Avg>-46.805</Avg>
          <Std>1.21008118836</Std>
          <Max>-46</Max>
          <Min>-51</Min>
        </Measure>
      </Stats>
    </Log>
    <Log>
      <Stats type="Stats" id="vivarium" generation="446" popsize="200">
        <Item key="processed">100</Item>
        <Item key="total-processed">44800</Item>
        <Measure id="fitness">
          <Avg>-46.805</Avg>
          <Std>1.21008118836</Std>
          <Max>-46</Max>
          <Min>-51</Min>
        </Measure>
      </Stats>
    </Log>
    <Log>Evolving generation 447</Log>
    <Log>Applying main-loop operators to the 1st deme</Log>
    <Log>
      <Stats type="Stats" id="deme0" generation="447" popsize="200">
        <Item key="processed">100</Item>
        <Item key="total-processed">44900</Item>
        <Measure id="fitness">
          <Avg>-46.765</Avg>
          <Std>1.16471360812</Std>
          <Max>-46</Max>
          <Min>-51</Min>
        </Measure>
      </Stats>
    </Log>
    <Log>
      <Stats type="Stats" id="vivarium" generation="447" popsize="200">
        <Item key="processed">100</Item>
        <Item key="total-processed">44900</Item>
        <Measure id="fitness">
          <Avg>-46.765</Avg>
          <Std>1.16471360812</Std>
          <Max>-46</Max>
          <Min>-51</Min>
        </Measure>
      </Stats>
    </Log>
    <Log>Evolving generation 448</Log>
    <Log>Applying main-loop operators to the 1st deme</Log>
    <Log>
      <Stats type="Stats" id="deme0" generation="448" popsize="200">
        <Item key="processed">100</Item>
        <Item key="total-processed">45000</Item>
        <Measure id="fitness">
          <Avg>-46.79</Avg>
          <Std>1.14562747504</Std>
          <Max>-46</Max>
          <Min>-50</Min>
        </Measure>
      </Stats>
    </Log>
    <Log>
      <Stats type="Stats" id="vivarium" generation="448" popsize="200">
        <Item key="processed">100</Item>
        <Item key="total-processed">45000</Item>
        <Measure id="fitness">
          <Avg>-46.79</Avg>
          <Std>1.14562747504</Std>
          <Max>-46</Max>
          <Min>-50</Min>
        </Measure>
      </Stats>
    </Log>
    <Log>Evolving generation 449</Log>
    <Log>Applying main-loop operators to the 1st deme</Log>
    <Log>
      <Stats type="Stats" id="deme0" generation="449" popsize="200">
        <Item key="processed">100</Item>
        <Item key="total-processed">45100</Item>
        <Measure id="fitness">
          <Avg>-46.76</Avg>
          <Std>1.15719293006</Std>
          <Max>-46</Max>
          <Min>-51</Min>
        </Measure>
      </Stats>
    </Log>
    <Log>
      <Stats type="Stats" id="vivarium" generation="449" popsize="200">
        <Item key="processed">100</Item>
        <Item key="total-processed">45100</Item>
        <Measure id="fitness">
          <Avg>-46.76</Avg>
          <Std>1.15719293006</Std>
          <Max>-46</Max>
          <Min>-51</Min>
        </Measure>
      </Stats>
    </Log>
    <Log>Evolving generation 450</Log>
    <Log>Applying main-loop operators to the 1st deme</Log>
    <Log>
      <Stats type="Stats" id="deme0" generation="450" popsize="200">
        <Item key="processed">100</Item>
        <Item key="total-processed">45200</Item>
        <Measure id="fitness">
          <Avg>-46.71</Avg>
          <Std>1.14123269332</Std>
          <Max>-46</Max>
          <Min>-51</Min>
        </Measure>
      </Stats>
    </Log>
    <Log>
      <Stats type="Stats" id="vivarium" generation="450" popsize="200">
        <Item key="processed">100</Item>
        <Item key="total-processed">45200</Item>
        <Measure id="fitness">
          <Avg>-46.71</Avg>
          <Std>1.14123269332</Std>
          <Max>-46</Max>
          <Min>-51</Min>
        </Measure>
      </Stats>
    </Log>
    <Log>Evolving generation 451</Log>
    <Log>Applying main-loop operators to the 1st deme</Log>
    <Log>
      <Stats type="Stats" id="deme0" generation="451" popsize="200">
        <Item key="processed">100</Item>
        <Item key="total-processed">45300</Item>
        <Measure id="fitness">
          <Avg>-46.675</Avg>
          <Std>1.15152291559</Std>
          <Max>-46</Max>
          <Min>-51</Min>
        </Measure>
      </Stats>
    </Log>
    <Log>
      <Stats type="Stats" id="vivarium" generation="451" popsize="200">
        <Item key="processed">100</Item>
        <Item key="total-processed">45300</Item>
        <Measure id="fitness">
          <Avg>-46.675</Avg>
          <Std>1.15152291559</Std>
          <Max>-46</Max>
          <Min>-51</Min>
        </Measure>
      </Stats>
    </Log>
    <Log>Evolving generation 452</Log>
    <Log>Applying main-loop operators to the 1st deme</Log>
    <Log>
      <Stats type="Stats" id="deme0" generation="452" popsize="200">
        <Item key="processed">100</Item>
        <Item key="total-processed">45400</Item>
        <Measure id="fitness">
          <Avg>-46.72</Avg>
          <Std>1.10803370593</Std>
          <Max>-46</Max>
          <Min>-51</Min>
        </Measure>
      </Stats>
    </Log>
    <Log>
      <Stats type="Stats" id="vivarium" generation="452" popsize="200">
        <Item key="processed">100</Item>
        <Item key="total-processed">45400</Item>
        <Measure id="fitness">
          <Avg>-46.72</Avg>
          <Std>1.10803370593</Std>
          <Max>-46</Max>
          <Min>-51</Min>
        </Measure>
      </Stats>
    </Log>
    <Log>Evolving generation 453</Log>
    <Log>Applying main-loop operators to the 1st deme</Log>
    <Log>
      <Stats type="Stats" id="deme0" generation="453" popsize="200">
        <Item key="processed">100</Item>
        <Item key="total-processed">45500</Item>
        <Measure id="fitness">
          <Avg>-46.805</Avg>
          <Std>1.1013810426</Std>
          <Max>-46</Max>
          <Min>-50</Min>
        </Measure>
      </Stats>
    </Log>
    <Log>
      <Stats type="Stats" id="vivarium" generation="453" popsize="200">
        <Item key="processed">100</Item>
        <Item key="total-processed">45500</Item>
        <Measure id="fitness">
          <Avg>-46.805</Avg>
          <Std>1.1013810426</Std>
          <Max>-46</Max>
          <Min>-50</Min>
        </Measure>
      </Stats>
    </Log>
    <Log>Evolving generation 454</Log>
    <Log>Applying main-loop operators to the 1st deme</Log>
    <Log>
      <Stats type="Stats" id="deme0" generation="454" popsize="200">
        <Item key="processed">100</Item>
        <Item key="total-processed">45600</Item>
        <Measure id="fitness">
          <Avg>-46.81</Avg>
          <Std>1.21295353638</Std>
          <Max>-46</Max>
          <Min>-51</Min>
        </Measure>
      </Stats>
    </Log>
    <Log>
      <Stats type="Stats" id="vivarium" generation="454" popsize="200">
        <Item key="processed">100</Item>
        <Item key="total-processed">45600</Item>
        <Measure id="fitness">
          <Avg>-46.81</Avg>
          <Std>1.21295353638</Std>
          <Max>-46</Max>
          <Min>-51</Min>
        </Measure>
      </Stats>
    </Log>
    <Log>Evolving generation 455</Log>
    <Log>Applying main-loop operators to the 1st deme</Log>
    <Log>
      <Stats type="Stats" id="deme0" generation="455" popsize="200">
        <Item key="processed">100</Item>
        <Item key="total-processed">45700</Item>
        <Measure id="fitness">
          <Avg>-46.795</Avg>
          <Std>1.21670739474</Std>
          <Max>-46</Max>
          <Min>-51</Min>
        </Measure>
      </Stats>
    </Log>
    <Log>
      <Stats type="Stats" id="vivarium" generation="455" popsize="200">
        <Item key="processed">100</Item>
        <Item key="total-processed">45700</Item>
        <Measure id="fitness">
          <Avg>-46.795</Avg>
          <Std>1.21670739474</Std>
          <Max>-46</Max>
          <Min>-51</Min>
        </Measure>
      </Stats>
    </Log>
    <Log>Evolving generation 456</Log>
    <Log>Applying main-loop operators to the 1st deme</Log>
    <Log>
      <Stats type="Stats" id="deme0" generation="456" popsize="200">
        <Item key="processed">100</Item>
        <Item key="total-processed">45800</Item>
        <Measure id="fitness">
          <Avg>-46.63</Avg>
          <Std>0.942092186807</Std>
          <Max>-46</Max>
          <Min>-50</Min>
        </Measure>
      </Stats>
    </Log>
    <Log>
      <Stats type="Stats" id="vivarium" generation="456" popsize="200">
        <Item key="processed">100</Item>
        <Item key="total-processed">45800</Item>
        <Measure id="fitness">
          <Avg>-46.63</Avg>
          <Std>0.942092186807</Std>
          <Max>-46</Max>
          <Min>-50</Min>
        </Measure>
      </Stats>
    </Log>
    <Log>Evolving generation 457</Log>
    <Log>Applying main-loop operators to the 1st deme</Log>
    <Log>
      <Stats type="Stats" id="deme0" generation="457" popsize="200">
        <Item key="processed">100</Item>
        <Item key="total-processed">45900</Item>
        <Measure id="fitness">
          <Avg>-46.62</Avg>
          <Std>1.02019802985</Std>
          <Max>-46</Max>
          <Min>-50</Min>
        </Measure>
      </Stats>
    </Log>
    <Log>
      <Stats type="Stats" id="vivarium" generation="457" popsize="200">
        <Item key="processed">100</Item>
        <Item key="total-processed">45900</Item>
        <Measure id="fitness">
          <Avg>-46.62</Avg>
          <Std>1.02019802985</Std>
          <Max>-46</Max>
          <Min>-50</Min>
        </Measure>
      </Stats>
    </Log>
    <Log>Evolving generation 458</Log>
    <Log>Applying main-loop operators to the 1st deme</Log>
    <Log>
      <Stats type="Stats" id="deme0" generation="458" popsize="200">
        <Item key="processed">100</Item>
        <Item key="total-processed">46000</Item>
        <Measure id="fitness">
          <Avg>-46.66</Avg>
          <Std>1.09103242793</Std>
          <Max>-46</Max>
          <Min>-51</Min>
        </Measure>
      </Stats>
    </Log>
    <Log>
      <Stats type="Stats" id="vivarium" generation="458" popsize="200">
        <Item key="processed">100</Item>
        <Item key="total-processed">46000</Item>
        <Measure id="fitness">
          <Avg>-46.66</Avg>
          <Std>1.09103242793</Std>
          <Max>-46</Max>
          <Min>-51</Min>
        </Measure>
      </Stats>
    </Log>
    <Log>Evolving generation 459</Log>
    <Log>Applying main-loop operators to the 1st deme</Log>
    <Log>
      <Stats type="Stats" id="deme0" generation="459" popsize="200">
        <Item key="processed">100</Item>
        <Item key="total-processed">46100</Item>
        <Measure id="fitness">
          <Avg>-46.72</Avg>
          <Std>1.11255963648</Std>
          <Max>-46</Max>
          <Min>-51</Min>
        </Measure>
      </Stats>
    </Log>
    <Log>
      <Stats type="Stats" id="vivarium" generation="459" popsize="200">
        <Item key="processed">100</Item>
        <Item key="total-processed">46100</Item>
        <Measure id="fitness">
          <Avg>-46.72</Avg>
          <Std>1.11255963648</Std>
          <Max>-46</Max>
          <Min>-51</Min>
        </Measure>
      </Stats>
    </Log>
    <Log>Evolving generation 460</Log>
    <Log>Applying main-loop operators to the 1st deme</Log>
    <Log>
      <Stats type="Stats" id="deme0" generation="460" popsize="200">
        <Item key="processed">100</Item>
        <Item key="total-processed">46200</Item>
        <Measure id="fitness">
          <Avg>-46.665</Avg>
          <Std>1.08102640599</Std>
          <Max>-46</Max>
          <Min>-50</Min>
        </Measure>
      </Stats>
    </Log>
    <Log>
      <Stats type="Stats" id="vivarium" generation="460" popsize="200">
        <Item key="processed">100</Item>
        <Item key="total-processed">46200</Item>
        <Measure id="fitness">
          <Avg>-46.665</Avg>
          <Std>1.08102640599</Std>
          <Max>-46</Max>
          <Min>-50</Min>
        </Measure>
      </Stats>
    </Log>
    <Log>Evolving generation 461</Log>
    <Log>Applying main-loop operators to the 1st deme</Log>
    <Log>
      <Stats type="Stats" id="deme0" generation="461" popsize="200">
        <Item key="processed">100</Item>
        <Item key="total-processed">46300</Item>
        <Measure id="fitness">
          <Avg>-46.78</Avg>
          <Std>1.10803370593</Std>
          <Max>-46</Max>
          <Min>-51</Min>
        </Measure>
      </Stats>
    </Log>
    <Log>
      <Stats type="Stats" id="vivarium" generation="461" popsize="200">
        <Item key="processed">100</Item>
        <Item key="total-processed">46300</Item>
        <Measure id="fitness">
          <Avg>-46.78</Avg>
          <Std>1.10803370593</Std>
          <Max>-46</Max>
          <Min>-51</Min>
        </Measure>
      </Stats>
    </Log>
    <Log>Evolving generation 462</Log>
    <Log>Applying main-loop operators to the 1st deme</Log>
    <Log>
      <Stats type="Stats" id="deme0" generation="462" popsize="200">
        <Item key="processed">100</Item>
        <Item key="total-processed">46400</Item>
        <Measure id="fitness">
          <Avg>-46.645</Avg>
          <Std>1.00199549643</Std>
          <Max>-46</Max>
          <Min>-51</Min>
        </Measure>
      </Stats>
    </Log>
    <Log>
      <Stats type="Stats" id="vivarium" generation="462" popsize="200">
        <Item key="processed">100</Item>
        <Item key="total-processed">46400</Item>
        <Measure id="fitness">
          <Avg>-46.645</Avg>
          <Std>1.00199549643</Std>
          <Max>-46</Max>
          <Min>-51</Min>
        </Measure>
      </Stats>
    </Log>
    <Log>Evolving generation 463</Log>
    <Log>Applying main-loop operators to the 1st deme</Log>
    <Log>
      <Stats type="Stats" id="deme0" generation="463" popsize="200">
        <Item key="processed">100</Item>
        <Item key="total-processed">46500</Item>
        <Measure id="fitness">
          <Avg>-46.765</Avg>
          <Std>1.17758589611</Std>
          <Max>-46</Max>
          <Min>-51</Min>
        </Measure>
      </Stats>
    </Log>
    <Log>
      <Stats type="Stats" id="vivarium" generation="463" popsize="200">
        <Item key="processed">100</Item>
        <Item key="total-processed">46500</Item>
        <Measure id="fitness">
          <Avg>-46.765</Avg>
          <Std>1.17758589611</Std>
          <Max>-46</Max>
          <Min>-51</Min>
        </Measure>
      </Stats>
    </Log>
    <Log>Evolving generation 464</Log>
    <Log>Applying main-loop operators to the 1st deme</Log>
    <Log>
      <Stats type="Stats" id="deme0" generation="464" popsize="200">
        <Item key="processed">100</Item>
        <Item key="total-processed">46600</Item>
        <Measure id="fitness">
          <Avg>-46.69</Avg>
          <Std>1.04371774617</Std>
          <Max>-46</Max>
          <Min>-52</Min>
        </Measure>
      </Stats>
    </Log>
    <Log>
      <Stats type="Stats" id="vivarium" generation="464" popsize="200">
        <Item key="processed">100</Item>
        <Item key="total-processed">46600</Item>
        <Measure id="fitness">
          <Avg>-46.69</Avg>
          <Std>1.04371774617</Std>
          <Max>-46</Max>
          <Min>-52</Min>
        </Measure>
      </Stats>
    </Log>
    <Log>Evolving generation 465</Log>
    <Log>Applying main-loop operators to the 1st deme</Log>
    <Log>
      <Stats type="Stats" id="deme0" generation="465" popsize="200">
        <Item key="processed">100</Item>
        <Item key="total-processed">46700</Item>
        <Measure id="fitness">
          <Avg>-46.725</Avg>
          <Std>1.04635044141</Std>
          <Max>-46</Max>
          <Min>-51</Min>
        </Measure>
      </Stats>
    </Log>
    <Log>
      <Stats type="Stats" id="vivarium" generation="465" popsize="200">
        <Item key="processed">100</Item>
        <Item key="total-processed">46700</Item>
        <Measure id="fitness">
          <Avg>-46.725</Avg>
          <Std>1.04635044141</Std>
          <Max>-46</Max>
          <Min>-51</Min>
        </Measure>
      </Stats>
    </Log>
    <Log>Evolving generation 466</Log>
    <Log>Applying main-loop operators to the 1st deme</Log>
    <Log>
      <Stats type="Stats" id="deme0" generation="466" popsize="200">
        <Item key="processed">100</Item>
        <Item key="total-processed">46800</Item>
        <Measure id="fitness">
          <Avg>-46.67</Avg>
          <Std>1.15662826557</Std>
          <Max>-46</Max>
          <Min>-52</Min>
        </Measure>
      </Stats>
    </Log>
    <Log>
      <Stats type="Stats" id="vivarium" generation="466" popsize="200">
        <Item key="processed">100</Item>
        <Item key="total-processed">46800</Item>
        <Measure id="fitness">
          <Avg>-46.67</Avg>
          <Std>1.15662826557</Std>
          <Max>-46</Max>
          <Min>-52</Min>
        </Measure>
      </Stats>
    </Log>
    <Log>Evolving generation 467</Log>
    <Log>Applying main-loop operators to the 1st deme</Log>
    <Log>
      <Stats type="Stats" id="deme0" generation="467" popsize="200">
        <Item key="processed">100</Item>
        <Item key="total-processed">46900</Item>
        <Measure id="fitness">
          <Avg>-46.675</Avg>
          <Std>1.10702416982</Std>
          <Max>-46</Max>
          <Min>-51</Min>
        </Measure>
      </Stats>
    </Log>
    <Log>
      <Stats type="Stats" id="vivarium" generation="467" popsize="200">
        <Item key="processed">100</Item>
        <Item key="total-processed">46900</Item>
        <Measure id="fitness">
          <Avg>-46.675</Avg>
          <Std>1.10702416982</Std>
          <Max>-46</Max>
          <Min>-51</Min>
        </Measure>
      </Stats>
    </Log>
    <Log>Evolving generation 468</Log>
    <Log>Applying main-loop operators to the 1st deme</Log>
    <Log>
      <Stats type="Stats" id="deme0" generation="468" popsize="200">
        <Item key="processed">100</Item>
        <Item key="total-processed">47000</Item>
        <Measure id="fitness">
          <Avg>-46.65</Avg>
          <Std>1.00125549328</Std>
          <Max>-46</Max>
          <Min>-50</Min>
        </Measure>
      </Stats>
    </Log>
    <Log>
      <Stats type="Stats" id="vivarium" generation="468" popsize="200">
        <Item key="processed">100</Item>
        <Item key="total-processed">47000</Item>
        <Measure id="fitness">
          <Avg>-46.65</Avg>
          <Std>1.00125549328</Std>
          <Max>-46</Max>
          <Min>-50</Min>
        </Measure>
      </Stats>
    </Log>
    <Log>Evolving generation 469</Log>
    <Log>Applying main-loop operators to the 1st deme</Log>
    <Log>
      <Stats type="Stats" id="deme0" generation="469" popsize="200">
        <Item key="processed">100</Item>
        <Item key="total-processed">47100</Item>
        <Measure id="fitness">
          <Avg>-46.665</Avg>
          <Std>1.05276615776</Std>
          <Max>-46</Max>
          <Min>-50</Min>
        </Measure>
      </Stats>
    </Log>
    <Log>
      <Stats type="Stats" id="vivarium" generation="469" popsize="200">
        <Item key="processed">100</Item>
        <Item key="total-processed">47100</Item>
        <Measure id="fitness">
          <Avg>-46.665</Avg>
          <Std>1.05276615776</Std>
          <Max>-46</Max>
          <Min>-50</Min>
        </Measure>
      </Stats>
    </Log>
    <Log>Evolving generation 470</Log>
    <Log>Applying main-loop operators to the 1st deme</Log>
    <Log>
      <Stats type="Stats" id="deme0" generation="470" popsize="200">
        <Item key="processed">100</Item>
        <Item key="total-processed">47200</Item>
        <Measure id="fitness">
          <Avg>-46.705</Avg>
          <Std>1.07412462899</Std>
          <Max>-46</Max>
          <Min>-50</Min>
        </Measure>
      </Stats>
    </Log>
    <Log>
      <Stats type="Stats" id="vivarium" generation="470" popsize="200">
        <Item key="processed">100</Item>
        <Item key="total-processed">47200</Item>
        <Measure id="fitness">
          <Avg>-46.705</Avg>
          <Std>1.07412462899</Std>
          <Max>-46</Max>
          <Min>-50</Min>
        </Measure>
      </Stats>
    </Log>
    <Log>Evolving generation 471</Log>
    <Log>Applying main-loop operators to the 1st deme</Log>
    <Log>
      <Stats type="Stats" id="deme0" generation="471" popsize="200">
        <Item key="processed">100</Item>
        <Item key="total-processed">47300</Item>
        <Measure id="fitness">
          <Avg>-46.78</Avg>
          <Std>1.13933772529</Std>
          <Max>-46</Max>
          <Min>-50</Min>
        </Measure>
      </Stats>
    </Log>
    <Log>
      <Stats type="Stats" id="vivarium" generation="471" popsize="200">
        <Item key="processed">100</Item>
        <Item key="total-processed">47300</Item>
        <Measure id="fitness">
          <Avg>-46.78</Avg>
          <Std>1.13933772529</Std>
          <Max>-46</Max>
          <Min>-50</Min>
        </Measure>
      </Stats>
    </Log>
    <Log>Evolving generation 472</Log>
    <Log>Applying main-loop operators to the 1st deme</Log>
    <Log>
      <Stats type="Stats" id="deme0" generation="472" popsize="200">
        <Item key="processed">100</Item>
        <Item key="total-processed">47400</Item>
        <Measure id="fitness">
          <Avg>-46.785</Avg>
          <Std>1.16428208086</Std>
          <Max>-46</Max>
          <Min>-50</Min>
        </Measure>
      </Stats>
    </Log>
    <Log>
      <Stats type="Stats" id="vivarium" generation="472" popsize="200">
        <Item key="processed">100</Item>
        <Item key="total-processed">47400</Item>
        <Measure id="fitness">
          <Avg>-46.785</Avg>
          <Std>1.16428208086</Std>
          <Max>-46</Max>
          <Min>-50</Min>
        </Measure>
      </Stats>
    </Log>
    <Log>Evolving generation 473</Log>
    <Log>Applying main-loop operators to the 1st deme</Log>
    <Log>
      <Stats type="Stats" id="deme0" generation="473" popsize="200">
        <Item key="processed">100</Item>
        <Item key="total-processed">47500</Item>
        <Measure id="fitness">
          <Avg>-46.765</Avg>
          <Std>1.06557602324</Std>
          <Max>-46</Max>
          <Min>-50</Min>
        </Measure>
      </Stats>
    </Log>
    <Log>
      <Stats type="Stats" id="vivarium" generation="473" popsize="200">
        <Item key="processed">100</Item>
        <Item key="total-processed">47500</Item>
        <Measure id="fitness">
          <Avg>-46.765</Avg>
          <Std>1.06557602324</Std>
          <Max>-46</Max>
          <Min>-50</Min>
        </Measure>
      </Stats>
    </Log>
    <Log>Evolving generation 474</Log>
    <Log>Applying main-loop operators to the 1st deme</Log>
    <Log>
      <Stats type="Stats" id="deme0" generation="474" popsize="200">
        <Item key="processed">100</Item>
        <Item key="total-processed">47600</Item>
        <Measure id="fitness">
          <Avg>-46.79</Avg>
          <Std>1.23023060305</Std>
          <Max>-46</Max>
          <Min>-52</Min>
        </Measure>
      </Stats>
    </Log>
    <Log>
      <Stats type="Stats" id="vivarium" generation="474" popsize="200">
        <Item key="processed">100</Item>
        <Item key="total-processed">47600</Item>
        <Measure id="fitness">
          <Avg>-46.79</Avg>
          <Std>1.23023060305</Std>
          <Max>-46</Max>
          <Min>-52</Min>
        </Measure>
      </Stats>
    </Log>
    <Log>Evolving generation 475</Log>
    <Log>Applying main-loop operators to the 1st deme</Log>
    <Log>
      <Stats type="Stats" id="deme0" generation="475" popsize="200">
        <Item key="processed">100</Item>
        <Item key="total-processed">47700</Item>
        <Measure id="fitness">
          <Avg>-46.8</Avg>
          <Std>1.21960534023</Std>
          <Max>-46</Max>
          <Min>-51</Min>
        </Measure>
      </Stats>
    </Log>
    <Log>
      <Stats type="Stats" id="vivarium" generation="475" popsize="200">
        <Item key="processed">100</Item>
        <Item key="total-processed">47700</Item>
        <Measure id="fitness">
          <Avg>-46.8</Avg>
          <Std>1.21960534023</Std>
          <Max>-46</Max>
          <Min>-51</Min>
        </Measure>
      </Stats>
    </Log>
    <Log>Evolving generation 476</Log>
    <Log>Applying main-loop operators to the 1st deme</Log>
    <Log>
      <Stats type="Stats" id="deme0" generation="476" popsize="200">
        <Item key="processed">100</Item>
        <Item key="total-processed">47800</Item>
        <Measure id="fitness">
          <Avg>-46.745</Avg>
          <Std>1.09818260099</Std>
          <Max>-46</Max>
          <Min>-50</Min>
        </Measure>
      </Stats>
    </Log>
    <Log>
      <Stats type="Stats" id="vivarium" generation="476" popsize="200">
        <Item key="processed">100</Item>
        <Item key="total-processed">47800</Item>
        <Measure id="fitness">
          <Avg>-46.745</Avg>
          <Std>1.09818260099</Std>
          <Max>-46</Max>
          <Min>-50</Min>
        </Measure>
      </Stats>
    </Log>
    <Log>Evolving generation 477</Log>
    <Log>Applying main-loop operators to the 1st deme</Log>
    <Log>
      <Stats type="Stats" id="deme0" generation="477" popsize="200">
        <Item key="processed">100</Item>
        <Item key="total-processed">47900</Item>
        <Measure id="fitness">
          <Avg>-46.72</Avg>
          <Std>1.15684547684</Std>
          <Max>-46</Max>
          <Min>-51</Min>
        </Measure>
      </Stats>
    </Log>
    <Log>
      <Stats type="Stats" id="vivarium" generation="477" popsize="200">
        <Item key="processed">100</Item>
        <Item key="total-processed">47900</Item>
        <Measure id="fitness">
          <Avg>-46.72</Avg>
          <Std>1.15684547684</Std>
          <Max>-46</Max>
          <Min>-51</Min>
        </Measure>
      </Stats>
    </Log>
    <Log>Evolving generation 478</Log>
    <Log>Applying main-loop operators to the 1st deme</Log>
    <Log>
      <Stats type="Stats" id="deme0" generation="478" popsize="200">
        <Item key="processed">100</Item>
        <Item key="total-processed">48000</Item>
        <Measure id="fitness">
          <Avg>-46.635</Avg>
          <Std>1.03786357679</Std>
          <Max>-46</Max>
          <Min>-50</Min>
        </Measure>
      </Stats>
    </Log>
    <Log>
      <Stats type="Stats" id="vivarium" generation="478" popsize="200">
        <Item key="processed">100</Item>
        <Item key="total-processed">48000</Item>
        <Measure id="fitness">
          <Avg>-46.635</Avg>
          <Std>1.03786357679</Std>
          <Max>-46</Max>
          <Min>-50</Min>
        </Measure>
      </Stats>
    </Log>
    <Log>Evolving generation 479</Log>
    <Log>Applying main-loop operators to the 1st deme</Log>
    <Log>
      <Stats type="Stats" id="deme0" generation="479" popsize="200">
        <Item key="processed">100</Item>
        <Item key="total-processed">48100</Item>
        <Measure id="fitness">
          <Avg>-46.735</Avg>
          <Std>1.08195570182</Std>
          <Max>-46</Max>
          <Min>-51</Min>
        </Measure>
      </Stats>
    </Log>
    <Log>
      <Stats type="Stats" id="vivarium" generation="479" popsize="200">
        <Item key="processed">100</Item>
        <Item key="total-processed">48100</Item>
        <Measure id="fitness">
          <Avg>-46.735</Avg>
          <Std>1.08195570182</Std>
          <Max>-46</Max>
          <Min>-51</Min>
        </Measure>
      </Stats>
    </Log>
    <Log>Evolving generation 480</Log>
    <Log>Applying main-loop operators to the 1st deme</Log>
    <Log>
      <Stats type="Stats" id="deme0" generation="480" popsize="200">
        <Item key="processed">100</Item>
        <Item key="total-processed">48200</Item>
        <Measure id="fitness">
          <Avg>-46.78</Avg>
          <Std>1.15684547684</Std>
          <Max>-46</Max>
          <Min>-51</Min>
        </Measure>
      </Stats>
    </Log>
    <Log>
      <Stats type="Stats" id="vivarium" generation="480" popsize="200">
        <Item key="processed">100</Item>
        <Item key="total-processed">48200</Item>
        <Measure id="fitness">
          <Avg>-46.78</Avg>
          <Std>1.15684547684</Std>
          <Max>-46</Max>
          <Min>-51</Min>
        </Measure>
      </Stats>
    </Log>
    <Log>Evolving generation 481</Log>
    <Log>Applying main-loop operators to the 1st deme</Log>
    <Log>
      <Stats type="Stats" id="deme0" generation="481" popsize="200">
        <Item key="processed">100</Item>
        <Item key="total-processed">48300</Item>
        <Measure id="fitness">
          <Avg>-46.785</Avg>
          <Std>1.19411244136</Std>
          <Max>-46</Max>
          <Min>-53</Min>
        </Measure>
      </Stats>
    </Log>
    <Log>
      <Stats type="Stats" id="vivarium" generation="481" popsize="200">
        <Item key="processed">100</Item>
        <Item key="total-processed">48300</Item>
        <Measure id="fitness">
          <Avg>-46.785</Avg>
          <Std>1.19411244136</Std>
          <Max>-46</Max>
          <Min>-53</Min>
        </Measure>
      </Stats>
    </Log>
    <Log>Evolving generation 482</Log>
    <Log>Applying main-loop operators to the 1st deme</Log>
    <Log>
      <Stats type="Stats" id="deme0" generation="482" popsize="200">
        <Item key="processed">100</Item>
        <Item key="total-processed">48400</Item>
        <Measure id="fitness">
          <Avg>-46.81</Avg>
          <Std>1.1750761763</Std>
          <Max>-46</Max>
          <Min>-51</Min>
        </Measure>
      </Stats>
    </Log>
    <Log>
      <Stats type="Stats" id="vivarium" generation="482" popsize="200">
        <Item key="processed">100</Item>
        <Item key="total-processed">48400</Item>
        <Measure id="fitness">
          <Avg>-46.81</Avg>
          <Std>1.1750761763</Std>
          <Max>-46</Max>
          <Min>-51</Min>
        </Measure>
      </Stats>
    </Log>
    <Log>Evolving generation 483</Log>
    <Log>Applying main-loop operators to the 1st deme</Log>
    <Log>
      <Stats type="Stats" id="deme0" generation="483" popsize="200">
        <Item key="processed">100</Item>
        <Item key="total-processed">48500</Item>
        <Measure id="fitness">
          <Avg>-46.73</Avg>
          <Std>1.20179932103</Std>
          <Max>-46</Max>
          <Min>-51</Min>
        </Measure>
      </Stats>
    </Log>
    <Log>
      <Stats type="Stats" id="vivarium" generation="483" popsize="200">
        <Item key="processed">100</Item>
        <Item key="total-processed">48500</Item>
        <Measure id="fitness">
          <Avg>-46.73</Avg>
          <Std>1.20179932103</Std>
          <Max>-46</Max>
          <Min>-51</Min>
        </Measure>
      </Stats>
    </Log>
    <Log>Evolving generation 484</Log>
    <Log>Applying main-loop operators to the 1st deme</Log>
    <Log>
      <Stats type="Stats" id="deme0" generation="484" popsize="200">
        <Item key="processed">100</Item>
        <Item key="total-processed">48600</Item>
        <Measure id="fitness">
          <Avg>-46.685</Avg>
          <Std>1.10083339832</Std>
          <Max>-46</Max>
          <Min>-50</Min>
        </Measure>
      </Stats>
    </Log>
    <Log>
      <Stats type="Stats" id="vivarium" generation="484" popsize="200">
        <Item key="processed">100</Item>
        <Item key="total-processed">48600</Item>
        <Measure id="fitness">
          <Avg>-46.685</Avg>
          <Std>1.10083339832</Std>
          <Max>-46</Max>
          <Min>-50</Min>
        </Measure>
      </Stats>
    </Log>
    <Log>Evolving generation 485</Log>
    <Log>Applying main-loop operators to the 1st deme</Log>
    <Log>
      <Stats type="Stats" id="deme0" generation="485" popsize="200">
        <Item key="processed">100</Item>
        <Item key="total-processed">48700</Item>
        <Measure id="fitness">
          <Avg>-46.745</Avg>
          <Std>1.16479989439</Std>
          <Max>-46</Max>
          <Min>-51</Min>
        </Measure>
      </Stats>
    </Log>
    <Log>
      <Stats type="Stats" id="vivarium" generation="485" popsize="200">
        <Item key="processed">100</Item>
        <Item key="total-processed">48700</Item>
        <Measure id="fitness">
          <Avg>-46.745</Avg>
          <Std>1.16479989439</Std>
          <Max>-46</Max>
          <Min>-51</Min>
        </Measure>
      </Stats>
    </Log>
    <Log>Evolving generation 486</Log>
    <Log>Applying main-loop operators to the 1st deme</Log>
    <Log>
      <Stats type="Stats" id="deme0" generation="486" popsize="200">
        <Item key="processed">100</Item>
        <Item key="total-processed">48800</Item>
        <Measure id="fitness">
          <Avg>-46.81</Avg>
          <Std>1.15784412382</Std>
          <Max>-46</Max>
          <Min>-51</Min>
        </Measure>
      </Stats>
    </Log>
    <Log>
      <Stats type="Stats" id="vivarium" generation="486" popsize="200">
        <Item key="processed">100</Item>
        <Item key="total-processed">48800</Item>
        <Measure id="fitness">
          <Avg>-46.81</Avg>
          <Std>1.15784412382</Std>
          <Max>-46</Max>
          <Min>-51</Min>
        </Measure>
      </Stats>
    </Log>
    <Log>Evolving generation 487</Log>
    <Log>Applying main-loop operators to the 1st deme</Log>
    <Log>
      <Stats type="Stats" id="deme0" generation="487" popsize="200">
        <Item key="processed">100</Item>
        <Item key="total-processed">48900</Item>
        <Measure id="fitness">
          <Avg>-46.675</Avg>
          <Std>1.03670089405</Std>
          <Max>-46</Max>
          <Min>-51</Min>
        </Measure>
      </Stats>
    </Log>
    <Log>
      <Stats type="Stats" id="vivarium" generation="487" popsize="200">
        <Item key="processed">100</Item>
        <Item key="total-processed">48900</Item>
        <Measure id="fitness">
          <Avg>-46.675</Avg>
          <Std>1.03670089405</Std>
          <Max>-46</Max>
          <Min>-51</Min>
        </Measure>
      </Stats>
    </Log>
    <Log>Evolving generation 488</Log>
    <Log>Applying main-loop operators to the 1st deme</Log>
    <Log>
      <Stats type="Stats" id="deme0" generation="488" popsize="200">
        <Item key="processed">100</Item>
        <Item key="total-processed">49000</Item>
        <Measure id="fitness">
          <Avg>-46.795</Avg>
          <Std>1.1916691558</Std>
          <Max>-46</Max>
          <Min>-51</Min>
        </Measure>
      </Stats>
    </Log>
    <Log>
      <Stats type="Stats" id="vivarium" generation="488" popsize="200">
        <Item key="processed">100</Item>
        <Item key="total-processed">49000</Item>
        <Measure id="fitness">
          <Avg>-46.795</Avg>
          <Std>1.1916691558</Std>
          <Max>-46</Max>
          <Min>-51</Min>
        </Measure>
      </Stats>
    </Log>
    <Log>Evolving generation 489</Log>
    <Log>Applying main-loop operators to the 1st deme</Log>
    <Log>
      <Stats type="Stats" id="deme0" generation="489" popsize="200">
        <Item key="processed">100</Item>
        <Item key="total-processed">49100</Item>
        <Measure id="fitness">
          <Avg>-46.78</Avg>
          <Std>1.18262122627</Std>
          <Max>-46</Max>
          <Min>-51</Min>
        </Measure>
      </Stats>
    </Log>
    <Log>
      <Stats type="Stats" id="vivarium" generation="489" popsize="200">
        <Item key="processed">100</Item>
        <Item key="total-processed">49100</Item>
        <Measure id="fitness">
          <Avg>-46.78</Avg>
          <Std>1.18262122627</Std>
          <Max>-46</Max>
          <Min>-51</Min>
        </Measure>
      </Stats>
    </Log>
    <Log>Evolving generation 490</Log>
    <Log>Applying main-loop operators to the 1st deme</Log>
    <Log>
      <Stats type="Stats" id="deme0" generation="490" popsize="200">
        <Item key="processed">100</Item>
        <Item key="total-processed">49200</Item>
        <Measure id="fitness">
          <Avg>-46.8</Avg>
          <Std>1.20301129708</Std>
          <Max>-46</Max>
          <Min>-51</Min>
        </Measure>
      </Stats>
    </Log>
    <Log>
      <Stats type="Stats" id="vivarium" generation="490" popsize="200">
        <Item key="processed">100</Item>
        <Item key="total-processed">49200</Item>
        <Measure id="fitness">
          <Avg>-46.8</Avg>
          <Std>1.20301129708</Std>
          <Max>-46</Max>
          <Min>-51</Min>
        </Measure>
      </Stats>
    </Log>
    <Log>Evolving generation 491</Log>
    <Log>Applying main-loop operators to the 1st deme</Log>
    <Log>
      <Stats type="Stats" id="deme0" generation="491" popsize="200">
        <Item key="processed">100</Item>
        <Item key="total-processed">49300</Item>
        <Measure id="fitness">
          <Avg>-46.69</Avg>
          <Std>1.13593651178</Std>
          <Max>-46</Max>
          <Min>-51</Min>
        </Measure>
      </Stats>
    </Log>
    <Log>
      <Stats type="Stats" id="vivarium" generation="491" popsize="200">
        <Item key="processed">100</Item>
        <Item key="total-processed">49300</Item>
        <Measure id="fitness">
          <Avg>-46.69</Avg>
          <Std>1.13593651178</Std>
          <Max>-46</Max>
          <Min>-51</Min>
        </Measure>
      </Stats>
    </Log>
    <Log>Evolving generation 492</Log>
    <Log>Applying main-loop operators to the 1st deme</Log>
    <Log>
      <Stats type="Stats" id="deme0" generation="492" popsize="200">
        <Item key="processed">100</Item>
        <Item key="total-processed">49400</Item>
        <Measure id="fitness">
          <Avg>-46.675</Avg>
          <Std>1.02205576656</Std>
          <Max>-46</Max>
          <Min>-51</Min>
        </Measure>
      </Stats>
    </Log>
    <Log>
      <Stats type="Stats" id="vivarium" generation="492" popsize="200">
        <Item key="processed">100</Item>
        <Item key="total-processed">49400</Item>
        <Measure id="fitness">
          <Avg>-46.675</Avg>
          <Std>1.02205576656</Std>
          <Max>-46</Max>
          <Min>-51</Min>
        </Measure>
      </Stats>
    </Log>
    <Log>Evolving generation 493</Log>
    <Log>Applying main-loop operators to the 1st deme</Log>
    <Log>
      <Stats type="Stats" id="deme0" generation="493" popsize="200">
        <Item key="processed">100</Item>
        <Item key="total-processed">49500</Item>
        <Measure id="fitness">
          <Avg>-46.79</Avg>
          <Std>1.16304054812</Std>
          <Max>-46</Max>
          <Min>-50</Min>
        </Measure>
      </Stats>
    </Log>
    <Log>
      <Stats type="Stats" id="vivarium" generation="493" popsize="200">
        <Item key="processed">100</Item>
        <Item key="total-processed">49500</Item>
        <Measure id="fitness">
          <Avg>-46.79</Avg>
          <Std>1.16304054812</Std>
          <Max>-46</Max>
          <Min>-50</Min>
        </Measure>
      </Stats>
    </Log>
    <Log>Evolving generation 494</Log>
    <Log>Applying main-loop operators to the 1st deme</Log>
    <Log>
      <Stats type="Stats" id="deme0" generation="494" popsize="200">
        <Item key="processed">100</Item>
        <Item key="total-processed">49600</Item>
        <Measure id="fitness">
          <Avg>-46.76</Avg>
          <Std>1.25309666677</Std>
          <Max>-46</Max>
          <Min>-52</Min>
        </Measure>
      </Stats>
    </Log>
    <Log>
      <Stats type="Stats" id="vivarium" generation="494" popsize="200">
        <Item key="processed">100</Item>
        <Item key="total-processed">49600</Item>
        <Measure id="fitness">
          <Avg>-46.76</Avg>
          <Std>1.25309666677</Std>
          <Max>-46</Max>
          <Min>-52</Min>
        </Measure>
      </Stats>
    </Log>
    <Log>Evolving generation 495</Log>
    <Log>Applying main-loop operators to the 1st deme</Log>
    <Log>
      <Stats type="Stats" id="deme0" generation="495" popsize="200">
        <Item key="processed">100</Item>
        <Item key="total-processed">49700</Item>
        <Measure id="fitness">
          <Avg>-46.755</Avg>
          <Std>1.11408298817</Std>
          <Max>-46</Max>
          <Min>-51</Min>
        </Measure>
      </Stats>
    </Log>
    <Log>
      <Stats type="Stats" id="vivarium" generation="495" popsize="200">
        <Item key="processed">100</Item>
        <Item key="total-processed">49700</Item>
        <Measure id="fitness">
          <Avg>-46.755</Avg>
          <Std>1.11408298817</Std>
          <Max>-46</Max>
          <Min>-51</Min>
        </Measure>
      </Stats>
    </Log>
    <Log>Evolving generation 496</Log>
    <Log>Applying main-loop operators to the 1st deme</Log>
    <Log>
      <Stats type="Stats" id="deme0" generation="496" popsize="200">
        <Item key="processed">100</Item>
        <Item key="total-processed">49800</Item>
        <Measure id="fitness">
          <Avg>-46.715</Avg>
          <Std>1.11804522522</Std>
          <Max>-46</Max>
          <Min>-51</Min>
        </Measure>
      </Stats>
    </Log>
    <Log>
      <Stats type="Stats" id="vivarium" generation="496" popsize="200">
        <Item key="processed">100</Item>
        <Item key="total-processed">49800</Item>
        <Measure id="fitness">
          <Avg>-46.715</Avg>
          <Std>1.11804522522</Std>
          <Max>-46</Max>
          <Min>-51</Min>
        </Measure>
      </Stats>
    </Log>
    <Log>Evolving generation 497</Log>
    <Log>Applying main-loop operators to the 1st deme</Log>
    <Log>
      <Stats type="Stats" id="deme0" generation="497" popsize="200">
        <Item key="processed">100</Item>
        <Item key="total-processed">49900</Item>
        <Measure id="fitness">
          <Avg>-46.88</Avg>
          <Std>1.23418640424</Std>
          <Max>-46</Max>
          <Min>-51</Min>
        </Measure>
      </Stats>
    </Log>
    <Log>
      <Stats type="Stats" id="vivarium" generation="497" popsize="200">
        <Item key="processed">100</Item>
        <Item key="total-processed">49900</Item>
        <Measure id="fitness">
          <Avg>-46.88</Avg>
          <Std>1.23418640424</Std>
          <Max>-46</Max>
          <Min>-51</Min>
        </Measure>
      </Stats>
    </Log>
    <Log>Evolving generation 498</Log>
    <Log>Applying main-loop operators to the 1st deme</Log>
    <Log>
      <Stats type="Stats" id="deme0" generation="498" popsize="200">
        <Item key="processed">100</Item>
        <Item key="total-processed">50000</Item>
        <Measure id="fitness">
          <Avg>-46.79</Avg>
          <Std>1.21791485044</Std>
          <Max>-46</Max>
          <Min>-52</Min>
        </Measure>
      </Stats>
    </Log>
    <Log>
      <Stats type="Stats" id="vivarium" generation="498" popsize="200">
        <Item key="processed">100</Item>
        <Item key="total-processed">50000</Item>
        <Measure id="fitness">
          <Avg>-46.79</Avg>
          <Std>1.21791485044</Std>
          <Max>-46</Max>
          <Min>-52</Min>
        </Measure>
      </Stats>
    </Log>
    <Log>Evolving generation 499</Log>
    <Log>Applying main-loop operators to the 1st deme</Log>
    <Log>
      <Stats type="Stats" id="deme0" generation="499" popsize="200">
        <Item key="processed">100</Item>
        <Item key="total-processed">50100</Item>
        <Measure id="fitness">
          <Avg>-46.635</Avg>
          <Std>1.0944239668</Std>
          <Max>-46</Max>
          <Min>-51</Min>
        </Measure>
      </Stats>
    </Log>
    <Log>
      <Stats type="Stats" id="vivarium" generation="499" popsize="200">
        <Item key="processed">100</Item>
        <Item key="total-processed">50100</Item>
        <Measure id="fitness">
          <Avg>-46.635</Avg>
          <Std>1.0944239668</Std>
          <Max>-46</Max>
          <Min>-51</Min>
        </Measure>
      </Stats>
    </Log>
    <Log>Evolving generation 500</Log>
    <Log>Applying main-loop operators to the 1st deme</Log>
    <Log>
      <Stats type="Stats" id="deme0" generation="500" popsize="200">
        <Item key="processed">100</Item>
        <Item key="total-processed">50200</Item>
        <Measure id="fitness">
          <Avg>-46.59</Avg>
          <Std>0.993395274226</Std>
          <Max>-46</Max>
          <Min>-50</Min>
        </Measure>
      </Stats>
    </Log>
    <Log>
      <Stats type="Stats" id="vivarium" generation="500" popsize="200">
        <Item key="processed">100</Item>
        <Item key="total-processed">50200</Item>
        <Measure id="fitness">
          <Avg>-46.59</Avg>
          <Std>0.993395274226</Std>
          <Max>-46</Max>
          <Min>-50</Min>
        </Measure>
      </Stats>
    </Log>
    <Log>Maximum number of generations (500) termination criterion reached</Log>
    <Log>Termination criterion reached</Log>
    <Log>Writing milestone file 'milestone_g500.obm.gz'</Log>
    <Log>Flushing history into milestone</Log>
    <Log>Logging hall-of-fame of the 1st deme</Log>
    <Log>
      <HallOfFame type="HallOfFame" size="1">
        <Member generation="26" deme="0">
          <Individual type="SN-Individual">
            <Fitness type="FitnessSimple" valid="yes">
              -46
            </Fitness>
            <Genotype type="SN-Network" numInputs="13" numAllLines="6">
              <Comparators size="92">2;8;4;10;0;7;5;12;1;6;3;9;6;11;2;5;7;10;0;4;8;12;1;3;9;11;0;2;10;12;6;10;1;6;11;12;0;1;3;4;8;9;5;7;3;8;2;6;7;9;10;11;1;2;3;5;4;9;9;11;1;3;5;8;4;7;2;5;7;10;4;7;9;10;2;3;6;8;4;6;8;9;3;4;7;8;4;5;5;6;6;7</Comparators>
              <HeuristicMethods size="2" filterStart="0">0;21</HeuristicMethods>
            </Genotype>
          </Individual>
        </Member>
      </HallOfFame>
    </Log>
    <Log>Logging hall-of-fame of the vivarium</Log>
    <Log>
      <HallOfFame type="HallOfFame" size="1">
        <Member generation="26" deme="0">
          <Individual type="SN-Individual">
            <Fitness type="FitnessSimple" valid="yes">
              -46
            </Fitness>
            <Genotype type="SN-Network" numInputs="13" numAllLines="6">
              <Comparators size="92">2;8;4;10;0;7;5;12;1;6;3;9;6;11;2;5;7;10;0;4;8;12;1;3;9;11;0;2;10;12;6;10;1;6;11;12;0;1;3;4;8;9;5;7;3;8;2;6;7;9;10;11;1;2;3;5;4;9;9;11;1;3;5;8;4;7;2;5;7;10;4;7;9;10;2;3;6;8;4;6;8;9;3;4;7;8;4;5;5;6;6;7</Comparators>
              <HeuristicMethods size="2" filterStart="0">0;21</HeuristicMethods>
            </Genotype>
          </Individual>
        </Member>
      </HallOfFame>
    </Log>
    <Log>Current date and time: 04:37:22 15 Aug 2026</Log>
    <Log>End of (unsuccessful) evolution</Log>
  </Logger>
</Beagle>
