<?xml version="1.0" encoding="ISO-8859-1"?>
<Beagle version="3.1.0">
  <Logger>
    <Log>Open BEAGLE, version 3.1.0</Log>
    <Log>Setting console log level 2</Log>
    <Log>Setting file log level 3</Log>
    <Log>Logging to file 'beagle.log'</Log>
    <Log>Reading file '/Users/yugendren/experiments/sorting_network_s13/.build/senso/attempt-20260814T232113Z/source/symmetry-1.1/experiments/sorting/sorting/beagle.conf' for evolver configuration</Log>
    <Log>Reading file '/Users/yugendren/experiments/sorting_network_s13/.build/senso/attempt-20260814T232113Z/source/symmetry-1.1/experiments/sorting/sorting/beagle.conf' for system configuration</Log>
    <Log>WARNING: unknown parameter 'ec.elite.keepsize'; not registered!</Log>
    <Log>WARNING: unknown parameter 'ec.sel.tournsize'; not registered!</Log>
    <Log>Reading file '/Users/yugendren/experiments/sorting_network_s13/.build/senso/attempt-20260814T232113Z/source/symmetry-1.1/experiments/sorting/sorting/beagle.conf' for system configuration</Log>
    <Log>WARNING: unknown parameter 'ec.elite.keepsize'; not registered!</Log>
    <Log>WARNING: unknown parameter 'ec.sel.tournsize'; not registered!</Log>
    <Log>Randomizer seed used: 252103815</Log>
    <Log>Starting an evolution</Log>
    <Log>Current date and time: 03:50:53 15 Aug 2026</Log>
    <Log>Evolving generation 0</Log>
    <Log>Applying bootstrap operators to the 1st deme</Log>
    <Log>
      <Stats type="Stats" id="deme0" generation="0" popsize="200">
        <Item key="processed">200</Item>
        <Item key="total-processed">200</Item>
        <Measure id="fitness">
          <Avg>-49.475</Avg>
          <Std>0.918473170443</Std>
          <Max>-48</Max>
          <Min>-52</Min>
        </Measure>
      </Stats>
    </Log>
    <Log>
      <Stats type="Stats" id="vivarium" generation="0" popsize="200">
        <Item key="processed">200</Item>
        <Item key="total-processed">200</Item>
        <Measure id="fitness">
          <Avg>-49.475</Avg>
          <Std>0.918473170443</Std>
          <Max>-48</Max>
          <Min>-52</Min>
        </Measure>
      </Stats>
    </Log>
    <Log>Evolving generation 1</Log>
    <Log>Applying main-loop operators to the 1st deme</Log>
    <Log>
      <Stats type="Stats" id="deme0" generation="1" popsize="200">
        <Item key="processed">100</Item>
        <Item key="total-processed">300</Item>
        <Measure id="fitness">
          <Avg>-49.325</Avg>
          <Std>1.05114199682</Std>
          <Max>-47</Max>
          <Min>-53</Min>
        </Measure>
      </Stats>
    </Log>
    <Log>
      <Stats type="Stats" id="vivarium" generation="1" popsize="200">
        <Item key="processed">100</Item>
        <Item key="total-processed">300</Item>
        <Measure id="fitness">
          <Avg>-49.325</Avg>
          <Std>1.05114199682</Std>
          <Max>-47</Max>
          <Min>-53</Min>
        </Measure>
      </Stats>
    </Log>
    <Log>Evolving generation 2</Log>
    <Log>Applying main-loop operators to the 1st deme</Log>
    <Log>
      <Stats type="Stats" id="deme0" generation="2" popsize="200">
        <Item key="processed">100</Item>
        <Item key="total-processed">400</Item>
        <Measure id="fitness">
          <Avg>-49.12</Avg>
          <Std>0.959271080053</Std>
          <Max>-47</Max>
          <Min>-52</Min>
        </Measure>
      </Stats>
    </Log>
    <Log>
      <Stats type="Stats" id="vivarium" generation="2" popsize="200">
        <Item key="processed">100</Item>
        <Item key="total-processed">400</Item>
        <Measure id="fitness">
          <Avg>-49.12</Avg>
          <Std>0.959271080053</Std>
          <Max>-47</Max>
          <Min>-52</Min>
        </Measure>
      </Stats>
    </Log>
    <Log>Evolving generation 3</Log>
    <Log>Applying main-loop operators to the 1st deme</Log>
    <Log>
      <Stats type="Stats" id="deme0" generation="3" popsize="200">
        <Item key="processed">100</Item>
        <Item key="total-processed">500</Item>
        <Measure id="fitness">
          <Avg>-48.95</Avg>
          <Std>0.895269533542</Std>
          <Max>-47</Max>
          <Min>-52</Min>
        </Measure>
      </Stats>
    </Log>
    <Log>
      <Stats type="Stats" id="vivarium" generation="3" popsize="200">
        <Item key="processed">100</Item>
        <Item key="total-processed">500</Item>
        <Measure id="fitness">
          <Avg>-48.95</Avg>
          <Std>0.895269533542</Std>
          <Max>-47</Max>
          <Min>-52</Min>
        </Measure>
      </Stats>
    </Log>
    <Log>Evolving generation 4</Log>
    <Log>Applying main-loop operators to the 1st deme</Log>
    <Log>
      <Stats type="Stats" id="deme0" generation="4" popsize="200">
        <Item key="processed">100</Item>
        <Item key="total-processed">600</Item>
        <Measure id="fitness">
          <Avg>-48.96</Avg>
          <Std>1.01169046054</Std>
          <Max>-47</Max>
          <Min>-52</Min>
        </Measure>
      </Stats>
    </Log>
    <Log>
      <Stats type="Stats" id="vivarium" generation="4" popsize="200">
        <Item key="processed">100</Item>
        <Item key="total-processed">600</Item>
        <Measure id="fitness">
          <Avg>-48.96</Avg>
          <Std>1.01169046054</Std>
          <Max>-47</Max>
          <Min>-52</Min>
        </Measure>
      </Stats>
    </Log>
    <Log>Evolving generation 5</Log>
    <Log>Applying main-loop operators to the 1st deme</Log>
    <Log>
      <Stats type="Stats" id="deme0" generation="5" popsize="200">
        <Item key="processed">100</Item>
        <Item key="total-processed">700</Item>
        <Measure id="fitness">
          <Avg>-48.84</Avg>
          <Std>0.96386992179</Std>
          <Max>-47</Max>
          <Min>-52</Min>
        </Measure>
      </Stats>
    </Log>
    <Log>
      <Stats type="Stats" id="vivarium" generation="5" popsize="200">
        <Item key="processed">100</Item>
        <Item key="total-processed">700</Item>
        <Measure id="fitness">
          <Avg>-48.84</Avg>
          <Std>0.96386992179</Std>
          <Max>-47</Max>
          <Min>-52</Min>
        </Measure>
      </Stats>
    </Log>
    <Log>Evolving generation 6</Log>
    <Log>Applying main-loop operators to the 1st deme</Log>
    <Log>
      <Stats type="Stats" id="deme0" generation="6" popsize="200">
        <Item key="processed">100</Item>
        <Item key="total-processed">800</Item>
        <Measure id="fitness">
          <Avg>-48.64</Avg>
          <Std>0.919033794579</Std>
          <Max>-47</Max>
          <Min>-52</Min>
        </Measure>
      </Stats>
    </Log>
    <Log>
      <Stats type="Stats" id="vivarium" generation="6" popsize="200">
        <Item key="processed">100</Item>
        <Item key="total-processed">800</Item>
        <Measure id="fitness">
          <Avg>-48.64</Avg>
          <Std>0.919033794579</Std>
          <Max>-47</Max>
          <Min>-52</Min>
        </Measure>
      </Stats>
    </Log>
    <Log>Evolving generation 7</Log>
    <Log>Applying main-loop operators to the 1st deme</Log>
    <Log>
      <Stats type="Stats" id="deme0" generation="7" popsize="200">
        <Item key="processed">100</Item>
        <Item key="total-processed">900</Item>
        <Measure id="fitness">
          <Avg>-48.68</Avg>
          <Std>0.991217717161</Std>
          <Max>-47</Max>
          <Min>-52</Min>
        </Measure>
      </Stats>
    </Log>
    <Log>
      <Stats type="Stats" id="vivarium" generation="7" popsize="200">
        <Item key="processed">100</Item>
        <Item key="total-processed">900</Item>
        <Measure id="fitness">
          <Avg>-48.68</Avg>
          <Std>0.991217717161</Std>
          <Max>-47</Max>
          <Min>-52</Min>
        </Measure>
      </Stats>
    </Log>
    <Log>Evolving generation 8</Log>
    <Log>Applying main-loop operators to the 1st deme</Log>
    <Log>
      <Stats type="Stats" id="deme0" generation="8" popsize="200">
        <Item key="processed">100</Item>
        <Item key="total-processed">1000</Item>
        <Measure id="fitness">
          <Avg>-48.59</Avg>
          <Std>0.919853604258</Std>
          <Max>-47</Max>
          <Min>-52</Min>
        </Measure>
      </Stats>
    </Log>
    <Log>
      <Stats type="Stats" id="vivarium" generation="8" popsize="200">
        <Item key="processed">100</Item>
        <Item key="total-processed">1000</Item>
        <Measure id="fitness">
          <Avg>-48.59</Avg>
          <Std>0.919853604258</Std>
          <Max>-47</Max>
          <Min>-52</Min>
        </Measure>
      </Stats>
    </Log>
    <Log>Evolving generation 9</Log>
    <Log>Applying main-loop operators to the 1st deme</Log>
    <Log>
      <Stats type="Stats" id="deme0" generation="9" popsize="200">
        <Item key="processed">100</Item>
        <Item key="total-processed">1100</Item>
        <Measure id="fitness">
          <Avg>-48.61</Avg>
          <Std>0.884199663666</Std>
          <Max>-47</Max>
          <Min>-51</Min>
        </Measure>
      </Stats>
    </Log>
    <Log>
      <Stats type="Stats" id="vivarium" generation="9" popsize="200">
        <Item key="processed">100</Item>
        <Item key="total-processed">1100</Item>
        <Measure id="fitness">
          <Avg>-48.61</Avg>
          <Std>0.884199663666</Std>
          <Max>-47</Max>
          <Min>-51</Min>
        </Measure>
      </Stats>
    </Log>
    <Log>Evolving generation 10</Log>
    <Log>Applying main-loop operators to the 1st deme</Log>
    <Log>
      <Stats type="Stats" id="deme0" generation="10" popsize="200">
        <Item key="processed">100</Item>
        <Item key="total-processed">1200</Item>
        <Measure id="fitness">
          <Avg>-48.595</Avg>
          <Std>0.962082644618</Std>
          <Max>-47</Max>
          <Min>-52</Min>
        </Measure>
      </Stats>
    </Log>
    <Log>
      <Stats type="Stats" id="vivarium" generation="10" popsize="200">
        <Item key="processed">100</Item>
        <Item key="total-processed">1200</Item>
        <Measure id="fitness">
          <Avg>-48.595</Avg>
          <Std>0.962082644618</Std>
          <Max>-47</Max>
          <Min>-52</Min>
        </Measure>
      </Stats>
    </Log>
    <Log>Evolving generation 11</Log>
    <Log>Applying main-loop operators to the 1st deme</Log>
    <Log>
      <Stats type="Stats" id="deme0" generation="11" popsize="200">
        <Item key="processed">100</Item>
        <Item key="total-processed">1300</Item>
        <Measure id="fitness">
          <Avg>-48.575</Avg>
          <Std>0.999685880313</Std>
          <Max>-46</Max>
          <Min>-52</Min>
        </Measure>
      </Stats>
    </Log>
    <Log>
      <Stats type="Stats" id="vivarium" generation="11" popsize="200">
        <Item key="processed">100</Item>
        <Item key="total-processed">1300</Item>
        <Measure id="fitness">
          <Avg>-48.575</Avg>
          <Std>0.999685880313</Std>
          <Max>-46</Max>
          <Min>-52</Min>
        </Measure>
      </Stats>
    </Log>
    <Log>Evolving generation 12</Log>
    <Log>Applying main-loop operators to the 1st deme</Log>
    <Log>
      <Stats type="Stats" id="deme0" generation="12" popsize="200">
        <Item key="processed">100</Item>
        <Item key="total-processed">1400</Item>
        <Measure id="fitness">
          <Avg>-48.545</Avg>
          <Std>0.912214710686</Std>
          <Max>-46</Max>
          <Min>-52</Min>
        </Measure>
      </Stats>
    </Log>
    <Log>
      <Stats type="Stats" id="vivarium" generation="12" popsize="200">
        <Item key="processed">100</Item>
        <Item key="total-processed">1400</Item>
        <Measure id="fitness">
          <Avg>-48.545</Avg>
          <Std>0.912214710686</Std>
          <Max>-46</Max>
          <Min>-52</Min>
        </Measure>
      </Stats>
    </Log>
    <Log>Evolving generation 13</Log>
    <Log>Applying main-loop operators to the 1st deme</Log>
    <Log>
      <Stats type="Stats" id="deme0" generation="13" popsize="200">
        <Item key="processed">100</Item>
        <Item key="total-processed">1500</Item>
        <Measure id="fitness">
          <Avg>-48.57</Avg>
          <Std>1.02975822893</Std>
          <Max>-46</Max>
          <Min>-52</Min>
        </Measure>
      </Stats>
    </Log>
    <Log>
      <Stats type="Stats" id="vivarium" generation="13" popsize="200">
        <Item key="processed">100</Item>
        <Item key="total-processed">1500</Item>
        <Measure id="fitness">
          <Avg>-48.57</Avg>
          <Std>1.02975822893</Std>
          <Max>-46</Max>
          <Min>-52</Min>
        </Measure>
      </Stats>
    </Log>
    <Log>Evolving generation 14</Log>
    <Log>Applying main-loop operators to the 1st deme</Log>
    <Log>
      <Stats type="Stats" id="deme0" generation="14" popsize="200">
        <Item key="processed">100</Item>
        <Item key="total-processed">1600</Item>
        <Measure id="fitness">
          <Avg>-48.595</Avg>
          <Std>1.08483145994</Std>
          <Max>-46</Max>
          <Min>-53</Min>
        </Measure>
      </Stats>
    </Log>
    <Log>
      <Stats type="Stats" id="vivarium" generation="14" popsize="200">
        <Item key="processed">100</Item>
        <Item key="total-processed">1600</Item>
        <Measure id="fitness">
          <Avg>-48.595</Avg>
          <Std>1.08483145994</Std>
          <Max>-46</Max>
          <Min>-53</Min>
        </Measure>
      </Stats>
    </Log>
    <Log>Evolving generation 15</Log>
    <Log>Applying main-loop operators to the 1st deme</Log>
    <Log>
      <Stats type="Stats" id="deme0" generation="15" popsize="200">
        <Item key="processed">100</Item>
        <Item key="total-processed">1700</Item>
        <Measure id="fitness">
          <Avg>-48.455</Avg>
          <Std>0.976083343505</Std>
          <Max>-46</Max>
          <Min>-51</Min>
        </Measure>
      </Stats>
    </Log>
    <Log>
      <Stats type="Stats" id="vivarium" generation="15" popsize="200">
        <Item key="processed">100</Item>
        <Item key="total-processed">1700</Item>
        <Measure id="fitness">
          <Avg>-48.455</Avg>
          <Std>0.976083343505</Std>
          <Max>-46</Max>
          <Min>-51</Min>
        </Measure>
      </Stats>
    </Log>
    <Log>Evolving generation 16</Log>
    <Log>Applying main-loop operators to the 1st deme</Log>
    <Log>
      <Stats type="Stats" id="deme0" generation="16" popsize="200">
        <Item key="processed">100</Item>
        <Item key="total-processed">1800</Item>
        <Measure id="fitness">
          <Avg>-48.505</Avg>
          <Std>1.06094439773</Std>
          <Max>-46</Max>
          <Min>-52</Min>
        </Measure>
      </Stats>
    </Log>
    <Log>
      <Stats type="Stats" id="vivarium" generation="16" popsize="200">
        <Item key="processed">100</Item>
        <Item key="total-processed">1800</Item>
        <Measure id="fitness">
          <Avg>-48.505</Avg>
          <Std>1.06094439773</Std>
          <Max>-46</Max>
          <Min>-52</Min>
        </Measure>
      </Stats>
    </Log>
    <Log>Evolving generation 17</Log>
    <Log>Applying main-loop operators to the 1st deme</Log>
    <Log>
      <Stats type="Stats" id="deme0" generation="17" popsize="200">
        <Item key="processed">100</Item>
        <Item key="total-processed">1900</Item>
        <Measure id="fitness">
          <Avg>-48.475</Avg>
          <Std>1.04153684283</Std>
          <Max>-46</Max>
          <Min>-52</Min>
        </Measure>
      </Stats>
    </Log>
    <Log>
      <Stats type="Stats" id="vivarium" generation="17" popsize="200">
        <Item key="processed">100</Item>
        <Item key="total-processed">1900</Item>
        <Measure id="fitness">
          <Avg>-48.475</Avg>
          <Std>1.04153684283</Std>
          <Max>-46</Max>
          <Min>-52</Min>
        </Measure>
      </Stats>
    </Log>
    <Log>Evolving generation 18</Log>
    <Log>Applying main-loop operators to the 1st deme</Log>
    <Log>
      <Stats type="Stats" id="deme0" generation="18" popsize="200">
        <Item key="processed">100</Item>
        <Item key="total-processed">2000</Item>
        <Measure id="fitness">
          <Avg>-48.405</Avg>
          <Std>1.04230851247</Std>
          <Max>-46</Max>
          <Min>-53</Min>
        </Measure>
      </Stats>
    </Log>
    <Log>
      <Stats type="Stats" id="vivarium" generation="18" popsize="200">
        <Item key="processed">100</Item>
        <Item key="total-processed">2000</Item>
        <Measure id="fitness">
          <Avg>-48.405</Avg>
          <Std>1.04230851247</Std>
          <Max>-46</Max>
          <Min>-53</Min>
        </Measure>
      </Stats>
    </Log>
    <Log>Evolving generation 19</Log>
    <Log>Applying main-loop operators to the 1st deme</Log>
    <Log>
      <Stats type="Stats" id="deme0" generation="19" popsize="200">
        <Item key="processed">100</Item>
        <Item key="total-processed">2100</Item>
        <Measure id="fitness">
          <Avg>-48.33</Avg>
          <Std>0.956910858941</Std>
          <Max>-46</Max>
          <Min>-51</Min>
        </Measure>
      </Stats>
    </Log>
    <Log>
      <Stats type="Stats" id="vivarium" generation="19" popsize="200">
        <Item key="processed">100</Item>
        <Item key="total-processed">2100</Item>
        <Measure id="fitness">
          <Avg>-48.33</Avg>
          <Std>0.956910858941</Std>
          <Max>-46</Max>
          <Min>-51</Min>
        </Measure>
      </Stats>
    </Log>
    <Log>Evolving generation 20</Log>
    <Log>Applying main-loop operators to the 1st deme</Log>
    <Log>
      <Stats type="Stats" id="deme0" generation="20" popsize="200">
        <Item key="processed">100</Item>
        <Item key="total-processed">2200</Item>
        <Measure id="fitness">
          <Avg>-48.405</Avg>
          <Std>1.03747616065</Std>
          <Max>-46</Max>
          <Min>-52</Min>
        </Measure>
      </Stats>
    </Log>
    <Log>
      <Stats type="Stats" id="vivarium" generation="20" popsize="200">
        <Item key="processed">100</Item>
        <Item key="total-processed">2200</Item>
        <Measure id="fitness">
          <Avg>-48.405</Avg>
          <Std>1.03747616065</Std>
          <Max>-46</Max>
          <Min>-52</Min>
        </Measure>
      </Stats>
    </Log>
    <Log>Evolving generation 21</Log>
    <Log>Applying main-loop operators to the 1st deme</Log>
    <Log>
      <Stats type="Stats" id="deme0" generation="21" popsize="200">
        <Item key="processed">100</Item>
        <Item key="total-processed">2300</Item>
        <Measure id="fitness">
          <Avg>-48.275</Avg>
          <Std>0.890697315895</Std>
          <Max>-46</Max>
          <Min>-51</Min>
        </Measure>
      </Stats>
    </Log>
    <Log>
      <Stats type="Stats" id="vivarium" generation="21" popsize="200">
        <Item key="processed">100</Item>
        <Item key="total-processed">2300</Item>
        <Measure id="fitness">
          <Avg>-48.275</Avg>
          <Std>0.890697315895</Std>
          <Max>-46</Max>
          <Min>-51</Min>
        </Measure>
      </Stats>
    </Log>
    <Log>Evolving generation 22</Log>
    <Log>Applying main-loop operators to the 1st deme</Log>
    <Log>
      <Stats type="Stats" id="deme0" generation="22" popsize="200">
        <Item key="processed">100</Item>
        <Item key="total-processed">2400</Item>
        <Measure id="fitness">
          <Avg>-48.385</Avg>
          <Std>1.07823371293</Std>
          <Max>-46</Max>
          <Min>-52</Min>
        </Measure>
      </Stats>
    </Log>
    <Log>
      <Stats type="Stats" id="vivarium" generation="22" popsize="200">
        <Item key="processed">100</Item>
        <Item key="total-processed">2400</Item>
        <Measure id="fitness">
          <Avg>-48.385</Avg>
          <Std>1.07823371293</Std>
          <Max>-46</Max>
          <Min>-52</Min>
        </Measure>
      </Stats>
    </Log>
    <Log>Evolving generation 23</Log>
    <Log>Applying main-loop operators to the 1st deme</Log>
    <Log>
      <Stats type="Stats" id="deme0" generation="23" popsize="200">
        <Item key="processed">100</Item>
        <Item key="total-processed">2500</Item>
        <Measure id="fitness">
          <Avg>-48.24</Avg>
          <Std>0.993648168829</Std>
          <Max>-46</Max>
          <Min>-52</Min>
        </Measure>
      </Stats>
    </Log>
    <Log>
      <Stats type="Stats" id="vivarium" generation="23" popsize="200">
        <Item key="processed">100</Item>
        <Item key="total-processed">2500</Item>
        <Measure id="fitness">
          <Avg>-48.24</Avg>
          <Std>0.993648168829</Std>
          <Max>-46</Max>
          <Min>-52</Min>
        </Measure>
      </Stats>
    </Log>
    <Log>Evolving generation 24</Log>
    <Log>Applying main-loop operators to the 1st deme</Log>
    <Log>
      <Stats type="Stats" id="deme0" generation="24" popsize="200">
        <Item key="processed">100</Item>
        <Item key="total-processed">2600</Item>
        <Measure id="fitness">
          <Avg>-48.235</Avg>
          <Std>1.06557602324</Std>
          <Max>-46</Max>
          <Min>-51</Min>
        </Measure>
      </Stats>
    </Log>
    <Log>
      <Stats type="Stats" id="vivarium" generation="24" popsize="200">
        <Item key="processed">100</Item>
        <Item key="total-processed">2600</Item>
        <Measure id="fitness">
          <Avg>-48.235</Avg>
          <Std>1.06557602324</Std>
          <Max>-46</Max>
          <Min>-51</Min>
        </Measure>
      </Stats>
    </Log>
    <Log>Evolving generation 25</Log>
    <Log>Applying main-loop operators to the 1st deme</Log>
    <Log>
      <Stats type="Stats" id="deme0" generation="25" popsize="200">
        <Item key="processed">100</Item>
        <Item key="total-processed">2700</Item>
        <Measure id="fitness">
          <Avg>-48.26</Avg>
          <Std>1.09471090238</Std>
          <Max>-46</Max>
          <Min>-52</Min>
        </Measure>
      </Stats>
    </Log>
    <Log>
      <Stats type="Stats" id="vivarium" generation="25" popsize="200">
        <Item key="processed">100</Item>
        <Item key="total-processed">2700</Item>
        <Measure id="fitness">
          <Avg>-48.26</Avg>
          <Std>1.09471090238</Std>
          <Max>-46</Max>
          <Min>-52</Min>
        </Measure>
      </Stats>
    </Log>
    <Log>Evolving generation 26</Log>
    <Log>Applying main-loop operators to the 1st deme</Log>
    <Log>
      <Stats type="Stats" id="deme0" generation="26" popsize="200">
        <Item key="processed">100</Item>
        <Item key="total-processed">2800</Item>
        <Measure id="fitness">
          <Avg>-48.18</Avg>
          <Std>1.08789594536</Std>
          <Max>-46</Max>
          <Min>-51</Min>
        </Measure>
      </Stats>
    </Log>
    <Log>
      <Stats type="Stats" id="vivarium" generation="26" popsize="200">
        <Item key="processed">100</Item>
        <Item key="total-processed">2800</Item>
        <Measure id="fitness">
          <Avg>-48.18</Avg>
          <Std>1.08789594536</Std>
          <Max>-46</Max>
          <Min>-51</Min>
        </Measure>
      </Stats>
    </Log>
    <Log>Evolving generation 27</Log>
    <Log>Applying main-loop operators to the 1st deme</Log>
    <Log>
      <Stats type="Stats" id="deme0" generation="27" popsize="200">
        <Item key="processed">100</Item>
        <Item key="total-processed">2900</Item>
        <Measure id="fitness">
          <Avg>-48.145</Avg>
          <Std>1.170824131</Std>
          <Max>-46</Max>
          <Min>-52</Min>
        </Measure>
      </Stats>
    </Log>
    <Log>
      <Stats type="Stats" id="vivarium" generation="27" popsize="200">
        <Item key="processed">100</Item>
        <Item key="total-processed">2900</Item>
        <Measure id="fitness">
          <Avg>-48.145</Avg>
          <Std>1.170824131</Std>
          <Max>-46</Max>
          <Min>-52</Min>
        </Measure>
      </Stats>
    </Log>
    <Log>Evolving generation 28</Log>
    <Log>Applying main-loop operators to the 1st deme</Log>
    <Log>
      <Stats type="Stats" id="deme0" generation="28" popsize="200">
        <Item key="processed">100</Item>
        <Item key="total-processed">3000</Item>
        <Measure id="fitness">
          <Avg>-48.11</Avg>
          <Std>1.22285603585</Std>
          <Max>-46</Max>
          <Min>-52</Min>
        </Measure>
      </Stats>
    </Log>
    <Log>
      <Stats type="Stats" id="vivarium" generation="28" popsize="200">
        <Item key="processed">100</Item>
        <Item key="total-processed">3000</Item>
        <Measure id="fitness">
          <Avg>-48.11</Avg>
          <Std>1.22285603585</Std>
          <Max>-46</Max>
          <Min>-52</Min>
        </Measure>
      </Stats>
    </Log>
    <Log>Evolving generation 29</Log>
    <Log>Applying main-loop operators to the 1st deme</Log>
    <Log>
      <Stats type="Stats" id="deme0" generation="29" popsize="200">
        <Item key="processed">100</Item>
        <Item key="total-processed">3100</Item>
        <Measure id="fitness">
          <Avg>-48.035</Avg>
          <Std>1.20040822202</Std>
          <Max>-46</Max>
          <Min>-51</Min>
        </Measure>
      </Stats>
    </Log>
    <Log>
      <Stats type="Stats" id="vivarium" generation="29" popsize="200">
        <Item key="processed">100</Item>
        <Item key="total-processed">3100</Item>
        <Measure id="fitness">
          <Avg>-48.035</Avg>
          <Std>1.20040822202</Std>
          <Max>-46</Max>
          <Min>-51</Min>
        </Measure>
      </Stats>
    </Log>
    <Log>Evolving generation 30</Log>
    <Log>Applying main-loop operators to the 1st deme</Log>
    <Log>
      <Stats type="Stats" id="deme0" generation="30" popsize="200">
        <Item key="processed">100</Item>
        <Item key="total-processed">3200</Item>
        <Measure id="fitness">
          <Avg>-47.975</Avg>
          <Std>1.19646674142</Std>
          <Max>-46</Max>
          <Min>-51</Min>
        </Measure>
      </Stats>
    </Log>
    <Log>
      <Stats type="Stats" id="vivarium" generation="30" popsize="200">
        <Item key="processed">100</Item>
        <Item key="total-processed">3200</Item>
        <Measure id="fitness">
          <Avg>-47.975</Avg>
          <Std>1.19646674142</Std>
          <Max>-46</Max>
          <Min>-51</Min>
        </Measure>
      </Stats>
    </Log>
    <Log>Evolving generation 31</Log>
    <Log>Applying main-loop operators to the 1st deme</Log>
    <Log>
      <Stats type="Stats" id="deme0" generation="31" popsize="200">
        <Item key="processed">100</Item>
        <Item key="total-processed">3300</Item>
        <Measure id="fitness">
          <Avg>-47.855</Avg>
          <Std>1.17510824905</Std>
          <Max>-46</Max>
          <Min>-52</Min>
        </Measure>
      </Stats>
    </Log>
    <Log>
      <Stats type="Stats" id="vivarium" generation="31" popsize="200">
        <Item key="processed">100</Item>
        <Item key="total-processed">3300</Item>
        <Measure id="fitness">
          <Avg>-47.855</Avg>
          <Std>1.17510824905</Std>
          <Max>-46</Max>
          <Min>-52</Min>
        </Measure>
      </Stats>
    </Log>
    <Log>Evolving generation 32</Log>
    <Log>Applying main-loop operators to the 1st deme</Log>
    <Log>
      <Stats type="Stats" id="deme0" generation="32" popsize="200">
        <Item key="processed">100</Item>
        <Item key="total-processed">3400</Item>
        <Measure id="fitness">
          <Avg>-47.835</Avg>
          <Std>1.14205800309</Std>
          <Max>-46</Max>
          <Min>-51</Min>
        </Measure>
      </Stats>
    </Log>
    <Log>
      <Stats type="Stats" id="vivarium" generation="32" popsize="200">
        <Item key="processed">100</Item>
        <Item key="total-processed">3400</Item>
        <Measure id="fitness">
          <Avg>-47.835</Avg>
          <Std>1.14205800309</Std>
          <Max>-46</Max>
          <Min>-51</Min>
        </Measure>
      </Stats>
    </Log>
    <Log>Evolving generation 33</Log>
    <Log>Applying main-loop operators to the 1st deme</Log>
    <Log>
      <Stats type="Stats" id="deme0" generation="33" popsize="200">
        <Item key="processed">100</Item>
        <Item key="total-processed">3500</Item>
        <Measure id="fitness">
          <Avg>-47.815</Avg>
          <Std>1.14776382982</Std>
          <Max>-46</Max>
          <Min>-52</Min>
        </Measure>
      </Stats>
    </Log>
    <Log>
      <Stats type="Stats" id="vivarium" generation="33" popsize="200">
        <Item key="processed">100</Item>
        <Item key="total-processed">3500</Item>
        <Measure id="fitness">
          <Avg>-47.815</Avg>
          <Std>1.14776382982</Std>
          <Max>-46</Max>
          <Min>-52</Min>
        </Measure>
      </Stats>
    </Log>
    <Log>Evolving generation 34</Log>
    <Log>Applying main-loop operators to the 1st deme</Log>
    <Log>
      <Stats type="Stats" id="deme0" generation="34" popsize="200">
        <Item key="processed">100</Item>
        <Item key="total-processed">3600</Item>
        <Measure id="fitness">
          <Avg>-47.9</Avg>
          <Std>1.1776819067</Std>
          <Max>-46</Max>
          <Min>-52</Min>
        </Measure>
      </Stats>
    </Log>
    <Log>
      <Stats type="Stats" id="vivarium" generation="34" popsize="200">
        <Item key="processed">100</Item>
        <Item key="total-processed">3600</Item>
        <Measure id="fitness">
          <Avg>-47.9</Avg>
          <Std>1.1776819067</Std>
          <Max>-46</Max>
          <Min>-52</Min>
        </Measure>
      </Stats>
    </Log>
    <Log>Evolving generation 35</Log>
    <Log>Applying main-loop operators to the 1st deme</Log>
    <Log>
      <Stats type="Stats" id="deme0" generation="35" popsize="200">
        <Item key="processed">100</Item>
        <Item key="total-processed">3700</Item>
        <Measure id="fitness">
          <Avg>-47.78</Avg>
          <Std>1.10348921255</Std>
          <Max>-46</Max>
          <Min>-51</Min>
        </Measure>
      </Stats>
    </Log>
    <Log>
      <Stats type="Stats" id="vivarium" generation="35" popsize="200">
        <Item key="processed">100</Item>
        <Item key="total-processed">3700</Item>
        <Measure id="fitness">
          <Avg>-47.78</Avg>
          <Std>1.10348921255</Std>
          <Max>-46</Max>
          <Min>-51</Min>
        </Measure>
      </Stats>
    </Log>
    <Log>Evolving generation 36</Log>
    <Log>Applying main-loop operators to the 1st deme</Log>
    <Log>
      <Stats type="Stats" id="deme0" generation="36" popsize="200">
        <Item key="processed">100</Item>
        <Item key="total-processed">3800</Item>
        <Measure id="fitness">
          <Avg>-47.755</Avg>
          <Std>1.086682749</Std>
          <Max>-46</Max>
          <Min>-51</Min>
        </Measure>
      </Stats>
    </Log>
    <Log>
      <Stats type="Stats" id="vivarium" generation="36" popsize="200">
        <Item key="processed">100</Item>
        <Item key="total-processed">3800</Item>
        <Measure id="fitness">
          <Avg>-47.755</Avg>
          <Std>1.086682749</Std>
          <Max>-46</Max>
          <Min>-51</Min>
        </Measure>
      </Stats>
    </Log>
    <Log>Evolving generation 37</Log>
    <Log>Applying main-loop operators to the 1st deme</Log>
    <Log>
      <Stats type="Stats" id="deme0" generation="37" popsize="200">
        <Item key="processed">100</Item>
        <Item key="total-processed">3900</Item>
        <Measure id="fitness">
          <Avg>-47.94</Avg>
          <Std>1.24262649377</Std>
          <Max>-46</Max>
          <Min>-52</Min>
        </Measure>
      </Stats>
    </Log>
    <Log>
      <Stats type="Stats" id="vivarium" generation="37" popsize="200">
        <Item key="processed">100</Item>
        <Item key="total-processed">3900</Item>
        <Measure id="fitness">
          <Avg>-47.94</Avg>
          <Std>1.24262649377</Std>
          <Max>-46</Max>
          <Min>-52</Min>
        </Measure>
      </Stats>
    </Log>
    <Log>Evolving generation 38</Log>
    <Log>Applying main-loop operators to the 1st deme</Log>
    <Log>
      <Stats type="Stats" id="deme0" generation="38" popsize="200">
        <Item key="processed">100</Item>
        <Item key="total-processed">4000</Item>
        <Measure id="fitness">
          <Avg>-47.855</Avg>
          <Std>1.17937680503</Std>
          <Max>-46</Max>
          <Min>-52</Min>
        </Measure>
      </Stats>
    </Log>
    <Log>
      <Stats type="Stats" id="vivarium" generation="38" popsize="200">
        <Item key="processed">100</Item>
        <Item key="total-processed">4000</Item>
        <Measure id="fitness">
          <Avg>-47.855</Avg>
          <Std>1.17937680503</Std>
          <Max>-46</Max>
          <Min>-52</Min>
        </Measure>
      </Stats>
    </Log>
    <Log>Evolving generation 39</Log>
    <Log>Applying main-loop operators to the 1st deme</Log>
    <Log>
      <Stats type="Stats" id="deme0" generation="39" popsize="200">
        <Item key="processed">100</Item>
        <Item key="total-processed">4100</Item>
        <Measure id="fitness">
          <Avg>-47.82</Avg>
          <Std>1.11526637871</Std>
          <Max>-46</Max>
          <Min>-51</Min>
        </Measure>
      </Stats>
    </Log>
    <Log>
      <Stats type="Stats" id="vivarium" generation="39" popsize="200">
        <Item key="processed">100</Item>
        <Item key="total-processed">4100</Item>
        <Measure id="fitness">
          <Avg>-47.82</Avg>
          <Std>1.11526637871</Std>
          <Max>-46</Max>
          <Min>-51</Min>
        </Measure>
      </Stats>
    </Log>
    <Log>Evolving generation 40</Log>
    <Log>Applying main-loop operators to the 1st deme</Log>
    <Log>
      <Stats type="Stats" id="deme0" generation="40" popsize="200">
        <Item key="processed">100</Item>
        <Item key="total-processed">4200</Item>
        <Measure id="fitness">
          <Avg>-47.925</Avg>
          <Std>1.28359380854</Std>
          <Max>-46</Max>
          <Min>-52</Min>
        </Measure>
      </Stats>
    </Log>
    <Log>
      <Stats type="Stats" id="vivarium" generation="40" popsize="200">
        <Item key="processed">100</Item>
        <Item key="total-processed">4200</Item>
        <Measure id="fitness">
          <Avg>-47.925</Avg>
          <Std>1.28359380854</Std>
          <Max>-46</Max>
          <Min>-52</Min>
        </Measure>
      </Stats>
    </Log>
    <Log>Evolving generation 41</Log>
    <Log>Applying main-loop operators to the 1st deme</Log>
    <Log>
      <Stats type="Stats" id="deme0" generation="41" popsize="200">
        <Item key="processed">100</Item>
        <Item key="total-processed">4300</Item>
        <Measure id="fitness">
          <Avg>-47.805</Avg>
          <Std>1.20592132047</Std>
          <Max>-46</Max>
          <Min>-51</Min>
        </Measure>
      </Stats>
    </Log>
    <Log>
      <Stats type="Stats" id="vivarium" generation="41" popsize="200">
        <Item key="processed">100</Item>
        <Item key="total-processed">4300</Item>
        <Measure id="fitness">
          <Avg>-47.805</Avg>
          <Std>1.20592132047</Std>
          <Max>-46</Max>
          <Min>-51</Min>
        </Measure>
      </Stats>
    </Log>
    <Log>Evolving generation 42</Log>
    <Log>Applying main-loop operators to the 1st deme</Log>
    <Log>
      <Stats type="Stats" id="deme0" generation="42" popsize="200">
        <Item key="processed">100</Item>
        <Item key="total-processed">4400</Item>
        <Measure id="fitness">
          <Avg>-47.82</Avg>
          <Std>1.27897572083</Std>
          <Max>-46</Max>
          <Min>-52</Min>
        </Measure>
      </Stats>
    </Log>
    <Log>
      <Stats type="Stats" id="vivarium" generation="42" popsize="200">
        <Item key="processed">100</Item>
        <Item key="total-processed">4400</Item>
        <Measure id="fitness">
          <Avg>-47.82</Avg>
          <Std>1.27897572083</Std>
          <Max>-46</Max>
          <Min>-52</Min>
        </Measure>
      </Stats>
    </Log>
    <Log>Evolving generation 43</Log>
    <Log>Applying main-loop operators to the 1st deme</Log>
    <Log>
      <Stats type="Stats" id="deme0" generation="43" popsize="200">
        <Item key="processed">100</Item>
        <Item key="total-processed">4500</Item>
        <Measure id="fitness">
          <Avg>-47.79</Avg>
          <Std>1.18868196929</Std>
          <Max>-46</Max>
          <Min>-52</Min>
        </Measure>
      </Stats>
    </Log>
    <Log>
      <Stats type="Stats" id="vivarium" generation="43" popsize="200">
        <Item key="processed">100</Item>
        <Item key="total-processed">4500</Item>
        <Measure id="fitness">
          <Avg>-47.79</Avg>
          <Std>1.18868196929</Std>
          <Max>-46</Max>
          <Min>-52</Min>
        </Measure>
      </Stats>
    </Log>
    <Log>Evolving generation 44</Log>
    <Log>Applying main-loop operators to the 1st deme</Log>
    <Log>
      <Stats type="Stats" id="deme0" generation="44" popsize="200">
        <Item key="processed">100</Item>
        <Item key="total-processed">4600</Item>
        <Measure id="fitness">
          <Avg>-47.915</Avg>
          <Std>1.31009800546</Std>
          <Max>-46</Max>
          <Min>-52</Min>
        </Measure>
      </Stats>
    </Log>
    <Log>
      <Stats type="Stats" id="vivarium" generation="44" popsize="200">
        <Item key="processed">100</Item>
        <Item key="total-processed">4600</Item>
        <Measure id="fitness">
          <Avg>-47.915</Avg>
          <Std>1.31009800546</Std>
          <Max>-46</Max>
          <Min>-52</Min>
        </Measure>
      </Stats>
    </Log>
    <Log>Evolving generation 45</Log>
    <Log>Applying main-loop operators to the 1st deme</Log>
    <Log>
      <Stats type="Stats" id="deme0" generation="45" popsize="200">
        <Item key="processed">100</Item>
        <Item key="total-processed">4700</Item>
        <Measure id="fitness">
          <Avg>-47.865</Avg>
          <Std>1.20999813115</Std>
          <Max>-46</Max>
          <Min>-51</Min>
        </Measure>
      </Stats>
    </Log>
    <Log>
      <Stats type="Stats" id="vivarium" generation="45" popsize="200">
        <Item key="processed">100</Item>
        <Item key="total-processed">4700</Item>
        <Measure id="fitness">
          <Avg>-47.865</Avg>
          <Std>1.20999813115</Std>
          <Max>-46</Max>
          <Min>-51</Min>
        </Measure>
      </Stats>
    </Log>
    <Log>Evolving generation 46</Log>
    <Log>Applying main-loop operators to the 1st deme</Log>
    <Log>
      <Stats type="Stats" id="deme0" generation="46" popsize="200">
        <Item key="processed">100</Item>
        <Item key="total-processed">4800</Item>
        <Measure id="fitness">
          <Avg>-47.725</Avg>
          <Std>1.14276179609</Std>
          <Max>-46</Max>
          <Min>-51</Min>
        </Measure>
      </Stats>
    </Log>
    <Log>
      <Stats type="Stats" id="vivarium" generation="46" popsize="200">
        <Item key="processed">100</Item>
        <Item key="total-processed">4800</Item>
        <Measure id="fitness">
          <Avg>-47.725</Avg>
          <Std>1.14276179609</Std>
          <Max>-46</Max>
          <Min>-51</Min>
        </Measure>
      </Stats>
    </Log>
    <Log>Evolving generation 47</Log>
    <Log>Applying main-loop operators to the 1st deme</Log>
    <Log>
      <Stats type="Stats" id="deme0" generation="47" popsize="200">
        <Item key="processed">100</Item>
        <Item key="total-processed">4900</Item>
        <Measure id="fitness">
          <Avg>-47.72</Avg>
          <Std>1.13048217578</Std>
          <Max>-46</Max>
          <Min>-51</Min>
        </Measure>
      </Stats>
    </Log>
    <Log>
      <Stats type="Stats" id="vivarium" generation="47" popsize="200">
        <Item key="processed">100</Item>
        <Item key="total-processed">4900</Item>
        <Measure id="fitness">
          <Avg>-47.72</Avg>
          <Std>1.13048217578</Std>
          <Max>-46</Max>
          <Min>-51</Min>
        </Measure>
      </Stats>
    </Log>
    <Log>Evolving generation 48</Log>
    <Log>Applying main-loop operators to the 1st deme</Log>
    <Log>
      <Stats type="Stats" id="deme0" generation="48" popsize="200">
        <Item key="processed">100</Item>
        <Item key="total-processed">5000</Item>
        <Measure id="fitness">
          <Avg>-47.655</Avg>
          <Std>1.15874433859</Std>
          <Max>-46</Max>
          <Min>-51</Min>
        </Measure>
      </Stats>
    </Log>
    <Log>
      <Stats type="Stats" id="vivarium" generation="48" popsize="200">
        <Item key="processed">100</Item>
        <Item key="total-processed">5000</Item>
        <Measure id="fitness">
          <Avg>-47.655</Avg>
          <Std>1.15874433859</Std>
          <Max>-46</Max>
          <Min>-51</Min>
        </Measure>
      </Stats>
    </Log>
    <Log>Evolving generation 49</Log>
    <Log>Applying main-loop operators to the 1st deme</Log>
    <Log>
      <Stats type="Stats" id="deme0" generation="49" popsize="200">
        <Item key="processed">100</Item>
        <Item key="total-processed">5100</Item>
        <Measure id="fitness">
          <Avg>-47.75</Avg>
          <Std>1.20614007037</Std>
          <Max>-46</Max>
          <Min>-51</Min>
        </Measure>
      </Stats>
    </Log>
    <Log>
      <Stats type="Stats" id="vivarium" generation="49" popsize="200">
        <Item key="processed">100</Item>
        <Item key="total-processed">5100</Item>
        <Measure id="fitness">
          <Avg>-47.75</Avg>
          <Std>1.20614007037</Std>
          <Max>-46</Max>
          <Min>-51</Min>
        </Measure>
      </Stats>
    </Log>
    <Log>Evolving generation 50</Log>
    <Log>Applying main-loop operators to the 1st deme</Log>
    <Log>
      <Stats type="Stats" id="deme0" generation="50" popsize="200">
        <Item key="processed">100</Item>
        <Item key="total-processed">5200</Item>
        <Measure id="fitness">
          <Avg>-47.67</Avg>
          <Std>1.22417031692</Std>
          <Max>-46</Max>
          <Min>-51</Min>
        </Measure>
      </Stats>
    </Log>
    <Log>
      <Stats type="Stats" id="vivarium" generation="50" popsize="200">
        <Item key="processed">100</Item>
        <Item key="total-processed">5200</Item>
        <Measure id="fitness">
          <Avg>-47.67</Avg>
          <Std>1.22417031692</Std>
          <Max>-46</Max>
          <Min>-51</Min>
        </Measure>
      </Stats>
    </Log>
    <Log>Evolving generation 51</Log>
    <Log>Applying main-loop operators to the 1st deme</Log>
    <Log>
      <Stats type="Stats" id="deme0" generation="51" popsize="200">
        <Item key="processed">100</Item>
        <Item key="total-processed">5300</Item>
        <Measure id="fitness">
          <Avg>-47.755</Avg>
          <Std>1.3543063644</Std>
          <Max>-46</Max>
          <Min>-53</Min>
        </Measure>
      </Stats>
    </Log>
    <Log>
      <Stats type="Stats" id="vivarium" generation="51" popsize="200">
        <Item key="processed">100</Item>
        <Item key="total-processed">5300</Item>
        <Measure id="fitness">
          <Avg>-47.755</Avg>
          <Std>1.3543063644</Std>
          <Max>-46</Max>
          <Min>-53</Min>
        </Measure>
      </Stats>
    </Log>
    <Log>Evolving generation 52</Log>
    <Log>Applying main-loop operators to the 1st deme</Log>
    <Log>
      <Stats type="Stats" id="deme0" generation="52" popsize="200">
        <Item key="processed">100</Item>
        <Item key="total-processed">5400</Item>
        <Measure id="fitness">
          <Avg>-47.685</Avg>
          <Std>1.21786327425</Std>
          <Max>-46</Max>
          <Min>-51</Min>
        </Measure>
      </Stats>
    </Log>
    <Log>
      <Stats type="Stats" id="vivarium" generation="52" popsize="200">
        <Item key="processed">100</Item>
        <Item key="total-processed">5400</Item>
        <Measure id="fitness">
          <Avg>-47.685</Avg>
          <Std>1.21786327425</Std>
          <Max>-46</Max>
          <Min>-51</Min>
        </Measure>
      </Stats>
    </Log>
    <Log>Evolving generation 53</Log>
    <Log>Applying main-loop operators to the 1st deme</Log>
    <Log>
      <Stats type="Stats" id="deme0" generation="53" popsize="200">
        <Item key="processed">100</Item>
        <Item key="total-processed">5500</Item>
        <Measure id="fitness">
          <Avg>-47.6</Avg>
          <Std>1.21133673412</Std>
          <Max>-46</Max>
          <Min>-51</Min>
        </Measure>
      </Stats>
    </Log>
    <Log>
      <Stats type="Stats" id="vivarium" generation="53" popsize="200">
        <Item key="processed">100</Item>
        <Item key="total-processed">5500</Item>
        <Measure id="fitness">
          <Avg>-47.6</Avg>
          <Std>1.21133673412</Std>
          <Max>-46</Max>
          <Min>-51</Min>
        </Measure>
      </Stats>
    </Log>
    <Log>Evolving generation 54</Log>
    <Log>Applying main-loop operators to the 1st deme</Log>
    <Log>
      <Stats type="Stats" id="deme0" generation="54" popsize="200">
        <Item key="processed">100</Item>
        <Item key="total-processed">5600</Item>
        <Measure id="fitness">
          <Avg>-47.685</Avg>
          <Std>1.28218367439</Std>
          <Max>-46</Max>
          <Min>-51</Min>
        </Measure>
      </Stats>
    </Log>
    <Log>
      <Stats type="Stats" id="vivarium" generation="54" popsize="200">
        <Item key="processed">100</Item>
        <Item key="total-processed">5600</Item>
        <Measure id="fitness">
          <Avg>-47.685</Avg>
          <Std>1.28218367439</Std>
          <Max>-46</Max>
          <Min>-51</Min>
        </Measure>
      </Stats>
    </Log>
    <Log>Evolving generation 55</Log>
    <Log>Applying main-loop operators to the 1st deme</Log>
    <Log>
      <Stats type="Stats" id="deme0" generation="55" popsize="200">
        <Item key="processed">100</Item>
        <Item key="total-processed">5700</Item>
        <Measure id="fitness">
          <Avg>-47.675</Avg>
          <Std>1.2875027443</Std>
          <Max>-46</Max>
          <Min>-51</Min>
        </Measure>
      </Stats>
    </Log>
    <Log>
      <Stats type="Stats" id="vivarium" generation="55" popsize="200">
        <Item key="processed">100</Item>
        <Item key="total-processed">5700</Item>
        <Measure id="fitness">
          <Avg>-47.675</Avg>
          <Std>1.2875027443</Std>
          <Max>-46</Max>
          <Min>-51</Min>
        </Measure>
      </Stats>
    </Log>
    <Log>Evolving generation 56</Log>
    <Log>Applying main-loop operators to the 1st deme</Log>
    <Log>
      <Stats type="Stats" id="deme0" generation="56" popsize="200">
        <Item key="processed">100</Item>
        <Item key="total-processed">5800</Item>
        <Measure id="fitness">
          <Avg>-47.54</Avg>
          <Std>1.24746980105</Std>
          <Max>-46</Max>
          <Min>-51</Min>
        </Measure>
      </Stats>
    </Log>
    <Log>
      <Stats type="Stats" id="vivarium" generation="56" popsize="200">
        <Item key="processed">100</Item>
        <Item key="total-processed">5800</Item>
        <Measure id="fitness">
          <Avg>-47.54</Avg>
          <Std>1.24746980105</Std>
          <Max>-46</Max>
          <Min>-51</Min>
        </Measure>
      </Stats>
    </Log>
    <Log>Evolving generation 57</Log>
    <Log>Applying main-loop operators to the 1st deme</Log>
    <Log>
      <Stats type="Stats" id="deme0" generation="57" popsize="200">
        <Item key="processed">100</Item>
        <Item key="total-processed">5900</Item>
        <Measure id="fitness">
          <Avg>-47.59</Avg>
          <Std>1.24080537956</Std>
          <Max>-46</Max>
          <Min>-51</Min>
        </Measure>
      </Stats>
    </Log>
    <Log>
      <Stats type="Stats" id="vivarium" generation="57" popsize="200">
        <Item key="processed">100</Item>
        <Item key="total-processed">5900</Item>
        <Measure id="fitness">
          <Avg>-47.59</Avg>
          <Std>1.24080537956</Std>
          <Max>-46</Max>
          <Min>-51</Min>
        </Measure>
      </Stats>
    </Log>
    <Log>Evolving generation 58</Log>
    <Log>Applying main-loop operators to the 1st deme</Log>
    <Log>
      <Stats type="Stats" id="deme0" generation="58" popsize="200">
        <Item key="processed">100</Item>
        <Item key="total-processed">6000</Item>
        <Measure id="fitness">
          <Avg>-47.59</Avg>
          <Std>1.34944619201</Std>
          <Max>-46</Max>
          <Min>-51</Min>
        </Measure>
      </Stats>
    </Log>
    <Log>
      <Stats type="Stats" id="vivarium" generation="58" popsize="200">
        <Item key="processed">100</Item>
        <Item key="total-processed">6000</Item>
        <Measure id="fitness">
          <Avg>-47.59</Avg>
          <Std>1.34944619201</Std>
          <Max>-46</Max>
          <Min>-51</Min>
        </Measure>
      </Stats>
    </Log>
    <Log>Evolving generation 59</Log>
    <Log>Applying main-loop operators to the 1st deme</Log>
    <Log>
      <Stats type="Stats" id="deme0" generation="59" popsize="200">
        <Item key="processed">100</Item>
        <Item key="total-processed">6100</Item>
        <Measure id="fitness">
          <Avg>-47.565</Avg>
          <Std>1.34342807585</Std>
          <Max>-46</Max>
          <Min>-52</Min>
        </Measure>
      </Stats>
    </Log>
    <Log>
      <Stats type="Stats" id="vivarium" generation="59" popsize="200">
        <Item key="processed">100</Item>
        <Item key="total-processed">6100</Item>
        <Measure id="fitness">
          <Avg>-47.565</Avg>
          <Std>1.34342807585</Std>
          <Max>-46</Max>
          <Min>-52</Min>
        </Measure>
      </Stats>
    </Log>
    <Log>Evolving generation 60</Log>
    <Log>Applying main-loop operators to the 1st deme</Log>
    <Log>
      <Stats type="Stats" id="deme0" generation="60" popsize="200">
        <Item key="processed">100</Item>
        <Item key="total-processed">6200</Item>
        <Measure id="fitness">
          <Avg>-47.545</Avg>
          <Std>1.33675336085</Std>
          <Max>-46</Max>
          <Min>-51</Min>
        </Measure>
      </Stats>
    </Log>
    <Log>
      <Stats type="Stats" id="vivarium" generation="60" popsize="200">
        <Item key="processed">100</Item>
        <Item key="total-processed">6200</Item>
        <Measure id="fitness">
          <Avg>-47.545</Avg>
          <Std>1.33675336085</Std>
          <Max>-46</Max>
          <Min>-51</Min>
        </Measure>
      </Stats>
    </Log>
    <Log>Evolving generation 61</Log>
    <Log>Applying main-loop operators to the 1st deme</Log>
    <Log>
      <Stats type="Stats" id="deme0" generation="61" popsize="200">
        <Item key="processed">100</Item>
        <Item key="total-processed">6300</Item>
        <Measure id="fitness">
          <Avg>-47.54</Avg>
          <Std>1.39575811068</Std>
          <Max>-46</Max>
          <Min>-52</Min>
        </Measure>
      </Stats>
    </Log>
    <Log>
      <Stats type="Stats" id="vivarium" generation="61" popsize="200">
        <Item key="processed">100</Item>
        <Item key="total-processed">6300</Item>
        <Measure id="fitness">
          <Avg>-47.54</Avg>
          <Std>1.39575811068</Std>
          <Max>-46</Max>
          <Min>-52</Min>
        </Measure>
      </Stats>
    </Log>
    <Log>Evolving generation 62</Log>
    <Log>Applying main-loop operators to the 1st deme</Log>
    <Log>
      <Stats type="Stats" id="deme0" generation="62" popsize="200">
        <Item key="processed">100</Item>
        <Item key="total-processed">6400</Item>
        <Measure id="fitness">
          <Avg>-47.39</Avg>
          <Std>1.31397589906</Std>
          <Max>-46</Max>
          <Min>-51</Min>
        </Measure>
      </Stats>
    </Log>
    <Log>
      <Stats type="Stats" id="vivarium" generation="62" popsize="200">
        <Item key="processed">100</Item>
        <Item key="total-processed">6400</Item>
        <Measure id="fitness">
          <Avg>-47.39</Avg>
          <Std>1.31397589906</Std>
          <Max>-46</Max>
          <Min>-51</Min>
        </Measure>
      </Stats>
    </Log>
    <Log>Evolving generation 63</Log>
    <Log>Applying main-loop operators to the 1st deme</Log>
    <Log>
      <Stats type="Stats" id="deme0" generation="63" popsize="200">
        <Item key="processed">100</Item>
        <Item key="total-processed">6500</Item>
        <Measure id="fitness">
          <Avg>-47.425</Avg>
          <Std>1.37981682566</Std>
          <Max>-46</Max>
          <Min>-51</Min>
        </Measure>
      </Stats>
    </Log>
    <Log>
      <Stats type="Stats" id="vivarium" generation="63" popsize="200">
        <Item key="processed">100</Item>
        <Item key="total-processed">6500</Item>
        <Measure id="fitness">
          <Avg>-47.425</Avg>
          <Std>1.37981682566</Std>
          <Max>-46</Max>
          <Min>-51</Min>
        </Measure>
      </Stats>
    </Log>
    <Log>Evolving generation 64</Log>
    <Log>Applying main-loop operators to the 1st deme</Log>
    <Log>
      <Stats type="Stats" id="deme0" generation="64" popsize="200">
        <Item key="processed">100</Item>
        <Item key="total-processed">6600</Item>
        <Measure id="fitness">
          <Avg>-47.455</Avg>
          <Std>1.35912142772</Std>
          <Max>-46</Max>
          <Min>-51</Min>
        </Measure>
      </Stats>
    </Log>
    <Log>
      <Stats type="Stats" id="vivarium" generation="64" popsize="200">
        <Item key="processed">100</Item>
        <Item key="total-processed">6600</Item>
        <Measure id="fitness">
          <Avg>-47.455</Avg>
          <Std>1.35912142772</Std>
          <Max>-46</Max>
          <Min>-51</Min>
        </Measure>
      </Stats>
    </Log>
    <Log>Evolving generation 65</Log>
    <Log>Applying main-loop operators to the 1st deme</Log>
    <Log>
      <Stats type="Stats" id="deme0" generation="65" popsize="200">
        <Item key="processed">100</Item>
        <Item key="total-processed">6700</Item>
        <Measure id="fitness">
          <Avg>-47.375</Avg>
          <Std>1.45428668038</Std>
          <Max>-46</Max>
          <Min>-53</Min>
        </Measure>
      </Stats>
    </Log>
    <Log>
      <Stats type="Stats" id="vivarium" generation="65" popsize="200">
        <Item key="processed">100</Item>
        <Item key="total-processed">6700</Item>
        <Measure id="fitness">
          <Avg>-47.375</Avg>
          <Std>1.45428668038</Std>
          <Max>-46</Max>
          <Min>-53</Min>
        </Measure>
      </Stats>
    </Log>
    <Log>Evolving generation 66</Log>
    <Log>Applying main-loop operators to the 1st deme</Log>
    <Log>
      <Stats type="Stats" id="deme0" generation="66" popsize="200">
        <Item key="processed">100</Item>
        <Item key="total-processed">6800</Item>
        <Measure id="fitness">
          <Avg>-47.345</Avg>
          <Std>1.3767542487</Std>
          <Max>-46</Max>
          <Min>-51</Min>
        </Measure>
      </Stats>
    </Log>
    <Log>
      <Stats type="Stats" id="vivarium" generation="66" popsize="200">
        <Item key="processed">100</Item>
        <Item key="total-processed">6800</Item>
        <Measure id="fitness">
          <Avg>-47.345</Avg>
          <Std>1.3767542487</Std>
          <Max>-46</Max>
          <Min>-51</Min>
        </Measure>
      </Stats>
    </Log>
    <Log>Evolving generation 67</Log>
    <Log>Applying main-loop operators to the 1st deme</Log>
    <Log>
      <Stats type="Stats" id="deme0" generation="67" popsize="200">
        <Item key="processed">100</Item>
        <Item key="total-processed">6900</Item>
        <Measure id="fitness">
          <Avg>-47.37</Avg>
          <Std>1.41531465685</Std>
          <Max>-46</Max>
          <Min>-51</Min>
        </Measure>
      </Stats>
    </Log>
    <Log>
      <Stats type="Stats" id="vivarium" generation="67" popsize="200">
        <Item key="processed">100</Item>
        <Item key="total-processed">6900</Item>
        <Measure id="fitness">
          <Avg>-47.37</Avg>
          <Std>1.41531465685</Std>
          <Max>-46</Max>
          <Min>-51</Min>
        </Measure>
      </Stats>
    </Log>
    <Log>Evolving generation 68</Log>
    <Log>Applying main-loop operators to the 1st deme</Log>
    <Log>
      <Stats type="Stats" id="deme0" generation="68" popsize="200">
        <Item key="processed">100</Item>
        <Item key="total-processed">7000</Item>
        <Measure id="fitness">
          <Avg>-47.335</Avg>
          <Std>1.49463865988</Std>
          <Max>-46</Max>
          <Min>-52</Min>
        </Measure>
      </Stats>
    </Log>
    <Log>
      <Stats type="Stats" id="vivarium" generation="68" popsize="200">
        <Item key="processed">100</Item>
        <Item key="total-processed">7000</Item>
        <Measure id="fitness">
          <Avg>-47.335</Avg>
          <Std>1.49463865988</Std>
          <Max>-46</Max>
          <Min>-52</Min>
        </Measure>
      </Stats>
    </Log>
    <Log>Evolving generation 69</Log>
    <Log>Applying main-loop operators to the 1st deme</Log>
    <Log>
      <Stats type="Stats" id="deme0" generation="69" popsize="200">
        <Item key="processed">100</Item>
        <Item key="total-processed">7100</Item>
        <Measure id="fitness">
          <Avg>-47.31</Avg>
          <Std>1.43673974871</Std>
          <Max>-46</Max>
          <Min>-52</Min>
        </Measure>
      </Stats>
    </Log>
    <Log>
      <Stats type="Stats" id="vivarium" generation="69" popsize="200">
        <Item key="processed">100</Item>
        <Item key="total-processed">7100</Item>
        <Measure id="fitness">
          <Avg>-47.31</Avg>
          <Std>1.43673974871</Std>
          <Max>-46</Max>
          <Min>-52</Min>
        </Measure>
      </Stats>
    </Log>
    <Log>Evolving generation 70</Log>
    <Log>Applying main-loop operators to the 1st deme</Log>
    <Log>
      <Stats type="Stats" id="deme0" generation="70" popsize="200">
        <Item key="processed">100</Item>
        <Item key="total-processed">7200</Item>
        <Measure id="fitness">
          <Avg>-47.43</Avg>
          <Std>1.58037588557</Std>
          <Max>-46</Max>
          <Min>-51</Min>
        </Measure>
      </Stats>
    </Log>
    <Log>
      <Stats type="Stats" id="vivarium" generation="70" popsize="200">
        <Item key="processed">100</Item>
        <Item key="total-processed">7200</Item>
        <Measure id="fitness">
          <Avg>-47.43</Avg>
          <Std>1.58037588557</Std>
          <Max>-46</Max>
          <Min>-51</Min>
        </Measure>
      </Stats>
    </Log>
    <Log>Evolving generation 71</Log>
    <Log>Applying main-loop operators to the 1st deme</Log>
    <Log>
      <Stats type="Stats" id="deme0" generation="71" popsize="200">
        <Item key="processed">100</Item>
        <Item key="total-processed">7300</Item>
        <Measure id="fitness">
          <Avg>-47.17</Avg>
          <Std>1.35657712923</Std>
          <Max>-46</Max>
          <Min>-51</Min>
        </Measure>
      </Stats>
    </Log>
    <Log>
      <Stats type="Stats" id="vivarium" generation="71" popsize="200">
        <Item key="processed">100</Item>
        <Item key="total-processed">7300</Item>
        <Measure id="fitness">
          <Avg>-47.17</Avg>
          <Std>1.35657712923</Std>
          <Max>-46</Max>
          <Min>-51</Min>
        </Measure>
      </Stats>
    </Log>
    <Log>Evolving generation 72</Log>
    <Log>Applying main-loop operators to the 1st deme</Log>
    <Log>
      <Stats type="Stats" id="deme0" generation="72" popsize="200">
        <Item key="processed">100</Item>
        <Item key="total-processed">7400</Item>
        <Measure id="fitness">
          <Avg>-47.185</Avg>
          <Std>1.46681037061</Std>
          <Max>-46</Max>
          <Min>-51</Min>
        </Measure>
      </Stats>
    </Log>
    <Log>
      <Stats type="Stats" id="vivarium" generation="72" popsize="200">
        <Item key="processed">100</Item>
        <Item key="total-processed">7400</Item>
        <Measure id="fitness">
          <Avg>-47.185</Avg>
          <Std>1.46681037061</Std>
          <Max>-46</Max>
          <Min>-51</Min>
        </Measure>
      </Stats>
    </Log>
    <Log>Evolving generation 73</Log>
    <Log>Applying main-loop operators to the 1st deme</Log>
    <Log>
      <Stats type="Stats" id="deme0" generation="73" popsize="200">
        <Item key="processed">100</Item>
        <Item key="total-processed">7500</Item>
        <Measure id="fitness">
          <Avg>-47.155</Avg>
          <Std>1.37492804746</Std>
          <Max>-46</Max>
          <Min>-51</Min>
        </Measure>
      </Stats>
    </Log>
    <Log>
      <Stats type="Stats" id="vivarium" generation="73" popsize="200">
        <Item key="processed">100</Item>
        <Item key="total-processed">7500</Item>
        <Measure id="fitness">
          <Avg>-47.155</Avg>
          <Std>1.37492804746</Std>
          <Max>-46</Max>
          <Min>-51</Min>
        </Measure>
      </Stats>
    </Log>
    <Log>Evolving generation 74</Log>
    <Log>Applying main-loop operators to the 1st deme</Log>
    <Log>
      <Stats type="Stats" id="deme0" generation="74" popsize="200">
        <Item key="processed">100</Item>
        <Item key="total-processed">7600</Item>
        <Measure id="fitness">
          <Avg>-47.105</Avg>
          <Std>1.38330861111</Std>
          <Max>-46</Max>
          <Min>-52</Min>
        </Measure>
      </Stats>
    </Log>
    <Log>
      <Stats type="Stats" id="vivarium" generation="74" popsize="200">
        <Item key="processed">100</Item>
        <Item key="total-processed">7600</Item>
        <Measure id="fitness">
          <Avg>-47.105</Avg>
          <Std>1.38330861111</Std>
          <Max>-46</Max>
          <Min>-52</Min>
        </Measure>
      </Stats>
    </Log>
    <Log>Evolving generation 75</Log>
    <Log>Applying main-loop operators to the 1st deme</Log>
    <Log>
      <Stats type="Stats" id="deme0" generation="75" popsize="200">
        <Item key="processed">100</Item>
        <Item key="total-processed">7700</Item>
        <Measure id="fitness">
          <Avg>-47.18</Avg>
          <Std>1.51295909599</Std>
          <Max>-46</Max>
          <Min>-51</Min>
        </Measure>
      </Stats>
    </Log>
    <Log>
      <Stats type="Stats" id="vivarium" generation="75" popsize="200">
        <Item key="processed">100</Item>
        <Item key="total-processed">7700</Item>
        <Measure id="fitness">
          <Avg>-47.18</Avg>
          <Std>1.51295909599</Std>
          <Max>-46</Max>
          <Min>-51</Min>
        </Measure>
      </Stats>
    </Log>
    <Log>Evolving generation 76</Log>
    <Log>Applying main-loop operators to the 1st deme</Log>
    <Log>
      <Stats type="Stats" id="deme0" generation="76" popsize="200">
        <Item key="processed">100</Item>
        <Item key="total-processed">7800</Item>
        <Measure id="fitness">
          <Avg>-47.225</Avg>
          <Std>1.47827653284</Std>
          <Max>-46</Max>
          <Min>-51</Min>
        </Measure>
      </Stats>
    </Log>
    <Log>
      <Stats type="Stats" id="vivarium" generation="76" popsize="200">
        <Item key="processed">100</Item>
        <Item key="total-processed">7800</Item>
        <Measure id="fitness">
          <Avg>-47.225</Avg>
          <Std>1.47827653284</Std>
          <Max>-46</Max>
          <Min>-51</Min>
        </Measure>
      </Stats>
    </Log>
    <Log>Evolving generation 77</Log>
    <Log>Applying main-loop operators to the 1st deme</Log>
    <Log>
      <Stats type="Stats" id="deme0" generation="77" popsize="200">
        <Item key="processed">100</Item>
        <Item key="total-processed">7900</Item>
        <Measure id="fitness">
          <Avg>-47.29</Avg>
          <Std>1.53874581834</Std>
          <Max>-46</Max>
          <Min>-52</Min>
        </Measure>
      </Stats>
    </Log>
    <Log>
      <Stats type="Stats" id="vivarium" generation="77" popsize="200">
        <Item key="processed">100</Item>
        <Item key="total-processed">7900</Item>
        <Measure id="fitness">
          <Avg>-47.29</Avg>
          <Std>1.53874581834</Std>
          <Max>-46</Max>
          <Min>-52</Min>
        </Measure>
      </Stats>
    </Log>
    <Log>Evolving generation 78</Log>
    <Log>Applying main-loop operators to the 1st deme</Log>
    <Log>
      <Stats type="Stats" id="deme0" generation="78" popsize="200">
        <Item key="processed">100</Item>
        <Item key="total-processed">8000</Item>
        <Measure id="fitness">
          <Avg>-47.165</Avg>
          <Std>1.45890955355</Std>
          <Max>-46</Max>
          <Min>-51</Min>
        </Measure>
      </Stats>
    </Log>
    <Log>
      <Stats type="Stats" id="vivarium" generation="78" popsize="200">
        <Item key="processed">100</Item>
        <Item key="total-processed">8000</Item>
        <Measure id="fitness">
          <Avg>-47.165</Avg>
          <Std>1.45890955355</Std>
          <Max>-46</Max>
          <Min>-51</Min>
        </Measure>
      </Stats>
    </Log>
    <Log>Evolving generation 79</Log>
    <Log>Applying main-loop operators to the 1st deme</Log>
    <Log>
      <Stats type="Stats" id="deme0" generation="79" popsize="200">
        <Item key="processed">100</Item>
        <Item key="total-processed">8100</Item>
        <Measure id="fitness">
          <Avg>-47.09</Avg>
          <Std>1.34197783984</Std>
          <Max>-46</Max>
          <Min>-51</Min>
        </Measure>
      </Stats>
    </Log>
    <Log>
      <Stats type="Stats" id="vivarium" generation="79" popsize="200">
        <Item key="processed">100</Item>
        <Item key="total-processed">8100</Item>
        <Measure id="fitness">
          <Avg>-47.09</Avg>
          <Std>1.34197783984</Std>
          <Max>-46</Max>
          <Min>-51</Min>
        </Measure>
      </Stats>
    </Log>
    <Log>Evolving generation 80</Log>
    <Log>Applying main-loop operators to the 1st deme</Log>
    <Log>
      <Stats type="Stats" id="deme0" generation="80" popsize="200">
        <Item key="processed">100</Item>
        <Item key="total-processed">8200</Item>
        <Measure id="fitness">
          <Avg>-47.18</Avg>
          <Std>1.40980058464</Std>
          <Max>-46</Max>
          <Min>-51</Min>
        </Measure>
      </Stats>
    </Log>
    <Log>
      <Stats type="Stats" id="vivarium" generation="80" popsize="200">
        <Item key="processed">100</Item>
        <Item key="total-processed">8200</Item>
        <Measure id="fitness">
          <Avg>-47.18</Avg>
          <Std>1.40980058464</Std>
          <Max>-46</Max>
          <Min>-51</Min>
        </Measure>
      </Stats>
    </Log>
    <Log>Evolving generation 81</Log>
    <Log>Applying main-loop operators to the 1st deme</Log>
    <Log>
      <Stats type="Stats" id="deme0" generation="81" popsize="200">
        <Item key="processed">100</Item>
        <Item key="total-processed">8300</Item>
        <Measure id="fitness">
          <Avg>-47.045</Avg>
          <Std>1.33487243664</Std>
          <Max>-46</Max>
          <Min>-51</Min>
        </Measure>
      </Stats>
    </Log>
    <Log>
      <Stats type="Stats" id="vivarium" generation="81" popsize="200">
        <Item key="processed">100</Item>
        <Item key="total-processed">8300</Item>
        <Measure id="fitness">
          <Avg>-47.045</Avg>
          <Std>1.33487243664</Std>
          <Max>-46</Max>
          <Min>-51</Min>
        </Measure>
      </Stats>
    </Log>
    <Log>Evolving generation 82</Log>
    <Log>Applying main-loop operators to the 1st deme</Log>
    <Log>
      <Stats type="Stats" id="deme0" generation="82" popsize="200">
        <Item key="processed">100</Item>
        <Item key="total-processed">8400</Item>
        <Measure id="fitness">
          <Avg>-47.105</Avg>
          <Std>1.41207107598</Std>
          <Max>-46</Max>
          <Min>-51</Min>
        </Measure>
      </Stats>
    </Log>
    <Log>
      <Stats type="Stats" id="vivarium" generation="82" popsize="200">
        <Item key="processed">100</Item>
        <Item key="total-processed">8400</Item>
        <Measure id="fitness">
          <Avg>-47.105</Avg>
          <Std>1.41207107598</Std>
          <Max>-46</Max>
          <Min>-51</Min>
        </Measure>
      </Stats>
    </Log>
    <Log>Evolving generation 83</Log>
    <Log>Applying main-loop operators to the 1st deme</Log>
    <Log>
      <Stats type="Stats" id="deme0" generation="83" popsize="200">
        <Item key="processed">100</Item>
        <Item key="total-processed">8500</Item>
        <Measure id="fitness">
          <Avg>-47.14</Avg>
          <Std>1.39287490555</Std>
          <Max>-46</Max>
          <Min>-51</Min>
        </Measure>
      </Stats>
    </Log>
    <Log>
      <Stats type="Stats" id="vivarium" generation="83" popsize="200">
        <Item key="processed">100</Item>
        <Item key="total-processed">8500</Item>
        <Measure id="fitness">
          <Avg>-47.14</Avg>
          <Std>1.39287490555</Std>
          <Max>-46</Max>
          <Min>-51</Min>
        </Measure>
      </Stats>
    </Log>
    <Log>Evolving generation 84</Log>
    <Log>Applying main-loop operators to the 1st deme</Log>
    <Log>
      <Stats type="Stats" id="deme0" generation="84" popsize="200">
        <Item key="processed">100</Item>
        <Item key="total-processed">8600</Item>
        <Measure id="fitness">
          <Avg>-47.22</Avg>
          <Std>1.49424356083</Std>
          <Max>-46</Max>
          <Min>-51</Min>
        </Measure>
      </Stats>
    </Log>
    <Log>
      <Stats type="Stats" id="vivarium" generation="84" popsize="200">
        <Item key="processed">100</Item>
        <Item key="total-processed">8600</Item>
        <Measure id="fitness">
          <Avg>-47.22</Avg>
          <Std>1.49424356083</Std>
          <Max>-46</Max>
          <Min>-51</Min>
        </Measure>
      </Stats>
    </Log>
    <Log>Evolving generation 85</Log>
    <Log>Applying main-loop operators to the 1st deme</Log>
    <Log>
      <Stats type="Stats" id="deme0" generation="85" popsize="200">
        <Item key="processed">100</Item>
        <Item key="total-processed">8700</Item>
        <Measure id="fitness">
          <Avg>-47.19</Avg>
          <Std>1.45412254016</Std>
          <Max>-46</Max>
          <Min>-51</Min>
        </Measure>
      </Stats>
    </Log>
    <Log>
      <Stats type="Stats" id="vivarium" generation="85" popsize="200">
        <Item key="processed">100</Item>
        <Item key="total-processed">8700</Item>
        <Measure id="fitness">
          <Avg>-47.19</Avg>
          <Std>1.45412254016</Std>
          <Max>-46</Max>
          <Min>-51</Min>
        </Measure>
      </Stats>
    </Log>
    <Log>Evolving generation 86</Log>
    <Log>Applying main-loop operators to the 1st deme</Log>
    <Log>
      <Stats type="Stats" id="deme0" generation="86" popsize="200">
        <Item key="processed">100</Item>
        <Item key="total-processed">8800</Item>
        <Measure id="fitness">
          <Avg>-47.185</Avg>
          <Std>1.44262985707</Std>
          <Max>-46</Max>
          <Min>-52</Min>
        </Measure>
      </Stats>
    </Log>
    <Log>
      <Stats type="Stats" id="vivarium" generation="86" popsize="200">
        <Item key="processed">100</Item>
        <Item key="total-processed">8800</Item>
        <Measure id="fitness">
          <Avg>-47.185</Avg>
          <Std>1.44262985707</Std>
          <Max>-46</Max>
          <Min>-52</Min>
        </Measure>
      </Stats>
    </Log>
    <Log>Evolving generation 87</Log>
    <Log>Applying main-loop operators to the 1st deme</Log>
    <Log>
      <Stats type="Stats" id="deme0" generation="87" popsize="200">
        <Item key="processed">100</Item>
        <Item key="total-processed">8900</Item>
        <Measure id="fitness">
          <Avg>-47.185</Avg>
          <Std>1.50402308065</Std>
          <Max>-46</Max>
          <Min>-51</Min>
        </Measure>
      </Stats>
    </Log>
    <Log>
      <Stats type="Stats" id="vivarium" generation="87" popsize="200">
        <Item key="processed">100</Item>
        <Item key="total-processed">8900</Item>
        <Measure id="fitness">
          <Avg>-47.185</Avg>
          <Std>1.50402308065</Std>
          <Max>-46</Max>
          <Min>-51</Min>
        </Measure>
      </Stats>
    </Log>
    <Log>Evolving generation 88</Log>
    <Log>Applying main-loop operators to the 1st deme</Log>
    <Log>
      <Stats type="Stats" id="deme0" generation="88" popsize="200">
        <Item key="processed">100</Item>
        <Item key="total-processed">9000</Item>
        <Measure id="fitness">
          <Avg>-47.26</Avg>
          <Std>1.53760238863</Std>
          <Max>-46</Max>
          <Min>-52</Min>
        </Measure>
      </Stats>
    </Log>
    <Log>
      <Stats type="Stats" id="vivarium" generation="88" popsize="200">
        <Item key="processed">100</Item>
        <Item key="total-processed">9000</Item>
        <Measure id="fitness">
          <Avg>-47.26</Avg>
          <Std>1.53760238863</Std>
          <Max>-46</Max>
          <Min>-52</Min>
        </Measure>
      </Stats>
    </Log>
    <Log>Evolving generation 89</Log>
    <Log>Applying main-loop operators to the 1st deme</Log>
    <Log>
      <Stats type="Stats" id="deme0" generation="89" popsize="200">
        <Item key="processed">100</Item>
        <Item key="total-processed">9100</Item>
        <Measure id="fitness">
          <Avg>-47.165</Avg>
          <Std>1.47943184803</Std>
          <Max>-46</Max>
          <Min>-51</Min>
        </Measure>
      </Stats>
    </Log>
    <Log>
      <Stats type="Stats" id="vivarium" generation="89" popsize="200">
        <Item key="processed">100</Item>
        <Item key="total-processed">9100</Item>
        <Measure id="fitness">
          <Avg>-47.165</Avg>
          <Std>1.47943184803</Std>
          <Max>-46</Max>
          <Min>-51</Min>
        </Measure>
      </Stats>
    </Log>
    <Log>Evolving generation 90</Log>
    <Log>Applying main-loop operators to the 1st deme</Log>
    <Log>
      <Stats type="Stats" id="deme0" generation="90" popsize="200">
        <Item key="processed">100</Item>
        <Item key="total-processed">9200</Item>
        <Measure id="fitness">
          <Avg>-47.195</Avg>
          <Std>1.43781485518</Std>
          <Max>-46</Max>
          <Min>-51</Min>
        </Measure>
      </Stats>
    </Log>
    <Log>
      <Stats type="Stats" id="vivarium" generation="90" popsize="200">
        <Item key="processed">100</Item>
        <Item key="total-processed">9200</Item>
        <Measure id="fitness">
          <Avg>-47.195</Avg>
          <Std>1.43781485518</Std>
          <Max>-46</Max>
          <Min>-51</Min>
        </Measure>
      </Stats>
    </Log>
    <Log>Evolving generation 91</Log>
    <Log>Applying main-loop operators to the 1st deme</Log>
    <Log>
      <Stats type="Stats" id="deme0" generation="91" popsize="200">
        <Item key="processed">100</Item>
        <Item key="total-processed">9300</Item>
        <Measure id="fitness">
          <Avg>-47.12</Avg>
          <Std>1.36929721915</Std>
          <Max>-46</Max>
          <Min>-51</Min>
        </Measure>
      </Stats>
    </Log>
    <Log>
      <Stats type="Stats" id="vivarium" generation="91" popsize="200">
        <Item key="processed">100</Item>
        <Item key="total-processed">9300</Item>
        <Measure id="fitness">
          <Avg>-47.12</Avg>
          <Std>1.36929721915</Std>
          <Max>-46</Max>
          <Min>-51</Min>
        </Measure>
      </Stats>
    </Log>
    <Log>Evolving generation 92</Log>
    <Log>Applying main-loop operators to the 1st deme</Log>
    <Log>
      <Stats type="Stats" id="deme0" generation="92" popsize="200">
        <Item key="processed">100</Item>
        <Item key="total-processed">9400</Item>
        <Measure id="fitness">
          <Avg>-47.265</Avg>
          <Std>1.51865286773</Std>
          <Max>-46</Max>
          <Min>-52</Min>
        </Measure>
      </Stats>
    </Log>
    <Log>
      <Stats type="Stats" id="vivarium" generation="92" popsize="200">
        <Item key="processed">100</Item>
        <Item key="total-processed">9400</Item>
        <Measure id="fitness">
          <Avg>-47.265</Avg>
          <Std>1.51865286773</Std>
          <Max>-46</Max>
          <Min>-52</Min>
        </Measure>
      </Stats>
    </Log>
    <Log>Evolving generation 93</Log>
    <Log>Applying main-loop operators to the 1st deme</Log>
    <Log>
      <Stats type="Stats" id="deme0" generation="93" popsize="200">
        <Item key="processed">100</Item>
        <Item key="total-processed">9500</Item>
        <Measure id="fitness">
          <Avg>-47.15</Avg>
          <Std>1.39543404749</Std>
          <Max>-46</Max>
          <Min>-51</Min>
        </Measure>
      </Stats>
    </Log>
    <Log>
      <Stats type="Stats" id="vivarium" generation="93" popsize="200">
        <Item key="processed">100</Item>
        <Item key="total-processed">9500</Item>
        <Measure id="fitness">
          <Avg>-47.15</Avg>
          <Std>1.39543404749</Std>
          <Max>-46</Max>
          <Min>-51</Min>
        </Measure>
      </Stats>
    </Log>
    <Log>Evolving generation 94</Log>
    <Log>Applying main-loop operators to the 1st deme</Log>
    <Log>
      <Stats type="Stats" id="deme0" generation="94" popsize="200">
        <Item key="processed">100</Item>
        <Item key="total-processed">9600</Item>
        <Measure id="fitness">
          <Avg>-47.18</Avg>
          <Std>1.4793724053</Std>
          <Max>-46</Max>
          <Min>-52</Min>
        </Measure>
      </Stats>
    </Log>
    <Log>
      <Stats type="Stats" id="vivarium" generation="94" popsize="200">
        <Item key="processed">100</Item>
        <Item key="total-processed">9600</Item>
        <Measure id="fitness">
          <Avg>-47.18</Avg>
          <Std>1.4793724053</Std>
          <Max>-46</Max>
          <Min>-52</Min>
        </Measure>
      </Stats>
    </Log>
    <Log>Evolving generation 95</Log>
    <Log>Applying main-loop operators to the 1st deme</Log>
    <Log>
      <Stats type="Stats" id="deme0" generation="95" popsize="200">
        <Item key="processed">100</Item>
        <Item key="total-processed">9700</Item>
        <Measure id="fitness">
          <Avg>-47.16</Avg>
          <Std>1.40865950749</Std>
          <Max>-46</Max>
          <Min>-51</Min>
        </Measure>
      </Stats>
    </Log>
    <Log>
      <Stats type="Stats" id="vivarium" generation="95" popsize="200">
        <Item key="processed">100</Item>
        <Item key="total-processed">9700</Item>
        <Measure id="fitness">
          <Avg>-47.16</Avg>
          <Std>1.40865950749</Std>
          <Max>-46</Max>
          <Min>-51</Min>
        </Measure>
      </Stats>
    </Log>
    <Log>Evolving generation 96</Log>
    <Log>Applying main-loop operators to the 1st deme</Log>
    <Log>
      <Stats type="Stats" id="deme0" generation="96" popsize="200">
        <Item key="processed">100</Item>
        <Item key="total-processed">9800</Item>
        <Measure id="fitness">
          <Avg>-47.155</Avg>
          <Std>1.41100306458</Std>
          <Max>-46</Max>
          <Min>-51</Min>
        </Measure>
      </Stats>
    </Log>
    <Log>
      <Stats type="Stats" id="vivarium" generation="96" popsize="200">
        <Item key="processed">100</Item>
        <Item key="total-processed">9800</Item>
        <Measure id="fitness">
          <Avg>-47.155</Avg>
          <Std>1.41100306458</Std>
          <Max>-46</Max>
          <Min>-51</Min>
        </Measure>
      </Stats>
    </Log>
    <Log>Evolving generation 97</Log>
    <Log>Applying main-loop operators to the 1st deme</Log>
    <Log>
      <Stats type="Stats" id="deme0" generation="97" popsize="200">
        <Item key="processed">100</Item>
        <Item key="total-processed">9900</Item>
        <Measure id="fitness">
          <Avg>-47.2</Avg>
          <Std>1.48357845264</Std>
          <Max>-46</Max>
          <Min>-51</Min>
        </Measure>
      </Stats>
    </Log>
    <Log>
      <Stats type="Stats" id="vivarium" generation="97" popsize="200">
        <Item key="processed">100</Item>
        <Item key="total-processed">9900</Item>
        <Measure id="fitness">
          <Avg>-47.2</Avg>
          <Std>1.48357845264</Std>
          <Max>-46</Max>
          <Min>-51</Min>
        </Measure>
      </Stats>
    </Log>
    <Log>Evolving generation 98</Log>
    <Log>Applying main-loop operators to the 1st deme</Log>
    <Log>
      <Stats type="Stats" id="deme0" generation="98" popsize="200">
        <Item key="processed">100</Item>
        <Item key="total-processed">10000</Item>
        <Measure id="fitness">
          <Avg>-47.18</Avg>
          <Std>1.44500525985</Std>
          <Max>-46</Max>
          <Min>-51</Min>
        </Measure>
      </Stats>
    </Log>
    <Log>
      <Stats type="Stats" id="vivarium" generation="98" popsize="200">
        <Item key="processed">100</Item>
        <Item key="total-processed">10000</Item>
        <Measure id="fitness">
          <Avg>-47.18</Avg>
          <Std>1.44500525985</Std>
          <Max>-46</Max>
          <Min>-51</Min>
        </Measure>
      </Stats>
    </Log>
    <Log>Evolving generation 99</Log>
    <Log>Applying main-loop operators to the 1st deme</Log>
    <Log>
      <Stats type="Stats" id="deme0" generation="99" popsize="200">
        <Item key="processed">100</Item>
        <Item key="total-processed">10100</Item>
        <Measure id="fitness">
          <Avg>-47.16</Avg>
          <Std>1.43691461754</Std>
          <Max>-46</Max>
          <Min>-51</Min>
        </Measure>
      </Stats>
    </Log>
    <Log>
      <Stats type="Stats" id="vivarium" generation="99" popsize="200">
        <Item key="processed">100</Item>
        <Item key="total-processed">10100</Item>
        <Measure id="fitness">
          <Avg>-47.16</Avg>
          <Std>1.43691461754</Std>
          <Max>-46</Max>
          <Min>-51</Min>
        </Measure>
      </Stats>
    </Log>
    <Log>Evolving generation 100</Log>
    <Log>Applying main-loop operators to the 1st deme</Log>
    <Log>
      <Stats type="Stats" id="deme0" generation="100" popsize="200">
        <Item key="processed">100</Item>
        <Item key="total-processed">10200</Item>
        <Measure id="fitness">
          <Avg>-47.075</Avg>
          <Std>1.35963895592</Std>
          <Max>-46</Max>
          <Min>-51</Min>
        </Measure>
      </Stats>
    </Log>
    <Log>
      <Stats type="Stats" id="vivarium" generation="100" popsize="200">
        <Item key="processed">100</Item>
        <Item key="total-processed">10200</Item>
        <Measure id="fitness">
          <Avg>-47.075</Avg>
          <Std>1.35963895592</Std>
          <Max>-46</Max>
          <Min>-51</Min>
        </Measure>
      </Stats>
    </Log>
    <Log>Evolving generation 101</Log>
    <Log>Applying main-loop operators to the 1st deme</Log>
    <Log>
      <Stats type="Stats" id="deme0" generation="101" popsize="200">
        <Item key="processed">100</Item>
        <Item key="total-processed">10300</Item>
        <Measure id="fitness">
          <Avg>-47.125</Avg>
          <Std>1.37434315055</Std>
          <Max>-46</Max>
          <Min>-51</Min>
        </Measure>
      </Stats>
    </Log>
    <Log>
      <Stats type="Stats" id="vivarium" generation="101" popsize="200">
        <Item key="processed">100</Item>
        <Item key="total-processed">10300</Item>
        <Measure id="fitness">
          <Avg>-47.125</Avg>
          <Std>1.37434315055</Std>
          <Max>-46</Max>
          <Min>-51</Min>
        </Measure>
      </Stats>
    </Log>
    <Log>Evolving generation 102</Log>
    <Log>Applying main-loop operators to the 1st deme</Log>
    <Log>
      <Stats type="Stats" id="deme0" generation="102" popsize="200">
        <Item key="processed">100</Item>
        <Item key="total-processed">10400</Item>
        <Measure id="fitness">
          <Avg>-47.115</Avg>
          <Std>1.34939964317</Std>
          <Max>-46</Max>
          <Min>-52</Min>
        </Measure>
      </Stats>
    </Log>
    <Log>
      <Stats type="Stats" id="vivarium" generation="102" popsize="200">
        <Item key="processed">100</Item>
        <Item key="total-processed">10400</Item>
        <Measure id="fitness">
          <Avg>-47.115</Avg>
          <Std>1.34939964317</Std>
          <Max>-46</Max>
          <Min>-52</Min>
        </Measure>
      </Stats>
    </Log>
    <Log>Evolving generation 103</Log>
    <Log>Applying main-loop operators to the 1st deme</Log>
    <Log>
      <Stats type="Stats" id="deme0" generation="103" popsize="200">
        <Item key="processed">100</Item>
        <Item key="total-processed">10500</Item>
        <Measure id="fitness">
          <Avg>-47.175</Avg>
          <Std>1.46118111514</Std>
          <Max>-46</Max>
          <Min>-51</Min>
        </Measure>
      </Stats>
    </Log>
    <Log>
      <Stats type="Stats" id="vivarium" generation="103" popsize="200">
        <Item key="processed">100</Item>
        <Item key="total-processed">10500</Item>
        <Measure id="fitness">
          <Avg>-47.175</Avg>
          <Std>1.46118111514</Std>
          <Max>-46</Max>
          <Min>-51</Min>
        </Measure>
      </Stats>
    </Log>
    <Log>Evolving generation 104</Log>
    <Log>Applying main-loop operators to the 1st deme</Log>
    <Log>
      <Stats type="Stats" id="deme0" generation="104" popsize="200">
        <Item key="processed">100</Item>
        <Item key="total-processed">10600</Item>
        <Measure id="fitness">
          <Avg>-47.135</Avg>
          <Std>1.39877009867</Std>
          <Max>-46</Max>
          <Min>-51</Min>
        </Measure>
      </Stats>
    </Log>
    <Log>
      <Stats type="Stats" id="vivarium" generation="104" popsize="200">
        <Item key="processed">100</Item>
        <Item key="total-processed">10600</Item>
        <Measure id="fitness">
          <Avg>-47.135</Avg>
          <Std>1.39877009867</Std>
          <Max>-46</Max>
          <Min>-51</Min>
        </Measure>
      </Stats>
    </Log>
    <Log>Evolving generation 105</Log>
    <Log>Applying main-loop operators to the 1st deme</Log>
    <Log>
      <Stats type="Stats" id="deme0" generation="105" popsize="200">
        <Item key="processed">100</Item>
        <Item key="total-processed">10700</Item>
        <Measure id="fitness">
          <Avg>-47.175</Avg>
          <Std>1.4369058746</Std>
          <Max>-46</Max>
          <Min>-51</Min>
        </Measure>
      </Stats>
    </Log>
    <Log>
      <Stats type="Stats" id="vivarium" generation="105" popsize="200">
        <Item key="processed">100</Item>
        <Item key="total-processed">10700</Item>
        <Measure id="fitness">
          <Avg>-47.175</Avg>
          <Std>1.4369058746</Std>
          <Max>-46</Max>
          <Min>-51</Min>
        </Measure>
      </Stats>
    </Log>
    <Log>Evolving generation 106</Log>
    <Log>Applying main-loop operators to the 1st deme</Log>
    <Log>
      <Stats type="Stats" id="deme0" generation="106" popsize="200">
        <Item key="processed">100</Item>
        <Item key="total-processed">10800</Item>
        <Measure id="fitness">
          <Avg>-47.11</Avg>
          <Std>1.3442227023</Std>
          <Max>-46</Max>
          <Min>-51</Min>
        </Measure>
      </Stats>
    </Log>
    <Log>
      <Stats type="Stats" id="vivarium" generation="106" popsize="200">
        <Item key="processed">100</Item>
        <Item key="total-processed">10800</Item>
        <Measure id="fitness">
          <Avg>-47.11</Avg>
          <Std>1.3442227023</Std>
          <Max>-46</Max>
          <Min>-51</Min>
        </Measure>
      </Stats>
    </Log>
    <Log>Evolving generation 107</Log>
    <Log>Applying main-loop operators to the 1st deme</Log>
    <Log>
      <Stats type="Stats" id="deme0" generation="107" popsize="200">
        <Item key="processed">100</Item>
        <Item key="total-processed">10900</Item>
        <Measure id="fitness">
          <Avg>-47.035</Avg>
          <Std>1.35386103367</Std>
          <Max>-46</Max>
          <Min>-51</Min>
        </Measure>
      </Stats>
    </Log>
    <Log>
      <Stats type="Stats" id="vivarium" generation="107" popsize="200">
        <Item key="processed">100</Item>
        <Item key="total-processed">10900</Item>
        <Measure id="fitness">
          <Avg>-47.035</Avg>
          <Std>1.35386103367</Std>
          <Max>-46</Max>
          <Min>-51</Min>
        </Measure>
      </Stats>
    </Log>
    <Log>Evolving generation 108</Log>
    <Log>Applying main-loop operators to the 1st deme</Log>
    <Log>
      <Stats type="Stats" id="deme0" generation="108" popsize="200">
        <Item key="processed">100</Item>
        <Item key="total-processed">11000</Item>
        <Measure id="fitness">
          <Avg>-47.13</Avg>
          <Std>1.38299071457</Std>
          <Max>-46</Max>
          <Min>-51</Min>
        </Measure>
      </Stats>
    </Log>
    <Log>
      <Stats type="Stats" id="vivarium" generation="108" popsize="200">
        <Item key="processed">100</Item>
        <Item key="total-processed">11000</Item>
        <Measure id="fitness">
          <Avg>-47.13</Avg>
          <Std>1.38299071457</Std>
          <Max>-46</Max>
          <Min>-51</Min>
        </Measure>
      </Stats>
    </Log>
    <Log>Evolving generation 109</Log>
    <Log>Applying main-loop operators to the 1st deme</Log>
    <Log>
      <Stats type="Stats" id="deme0" generation="109" popsize="200">
        <Item key="processed">100</Item>
        <Item key="total-processed">11100</Item>
        <Measure id="fitness">
          <Avg>-47.19</Avg>
          <Std>1.45757422215</Std>
          <Max>-46</Max>
          <Min>-51</Min>
        </Measure>
      </Stats>
    </Log>
    <Log>
      <Stats type="Stats" id="vivarium" generation="109" popsize="200">
        <Item key="processed">100</Item>
        <Item key="total-processed">11100</Item>
        <Measure id="fitness">
          <Avg>-47.19</Avg>
          <Std>1.45757422215</Std>
          <Max>-46</Max>
          <Min>-51</Min>
        </Measure>
      </Stats>
    </Log>
    <Log>Evolving generation 110</Log>
    <Log>Applying main-loop operators to the 1st deme</Log>
    <Log>
      <Stats type="Stats" id="deme0" generation="110" popsize="200">
        <Item key="processed">100</Item>
        <Item key="total-processed">11200</Item>
        <Measure id="fitness">
          <Avg>-47.255</Avg>
          <Std>1.55630505594</Std>
          <Max>-46</Max>
          <Min>-51</Min>
        </Measure>
      </Stats>
    </Log>
    <Log>
      <Stats type="Stats" id="vivarium" generation="110" popsize="200">
        <Item key="processed">100</Item>
        <Item key="total-processed">11200</Item>
        <Measure id="fitness">
          <Avg>-47.255</Avg>
          <Std>1.55630505594</Std>
          <Max>-46</Max>
          <Min>-51</Min>
        </Measure>
      </Stats>
    </Log>
    <Log>Evolving generation 111</Log>
    <Log>Applying main-loop operators to the 1st deme</Log>
    <Log>
      <Stats type="Stats" id="deme0" generation="111" popsize="200">
        <Item key="processed">100</Item>
        <Item key="total-processed">11300</Item>
        <Measure id="fitness">
          <Avg>-47.07</Avg>
          <Std>1.34317556671</Std>
          <Max>-46</Max>
          <Min>-51</Min>
        </Measure>
      </Stats>
    </Log>
    <Log>
      <Stats type="Stats" id="vivarium" generation="111" popsize="200">
        <Item key="processed">100</Item>
        <Item key="total-processed">11300</Item>
        <Measure id="fitness">
          <Avg>-47.07</Avg>
          <Std>1.34317556671</Std>
          <Max>-46</Max>
          <Min>-51</Min>
        </Measure>
      </Stats>
    </Log>
    <Log>Evolving generation 112</Log>
    <Log>Applying main-loop operators to the 1st deme</Log>
    <Log>
      <Stats type="Stats" id="deme0" generation="112" popsize="200">
        <Item key="processed">100</Item>
        <Item key="total-processed">11400</Item>
        <Measure id="fitness">
          <Avg>-47.18</Avg>
          <Std>1.48615046886</Std>
          <Max>-46</Max>
          <Min>-53</Min>
        </Measure>
      </Stats>
    </Log>
    <Log>
      <Stats type="Stats" id="vivarium" generation="112" popsize="200">
        <Item key="processed">100</Item>
        <Item key="total-processed">11400</Item>
        <Measure id="fitness">
          <Avg>-47.18</Avg>
          <Std>1.48615046886</Std>
          <Max>-46</Max>
          <Min>-53</Min>
        </Measure>
      </Stats>
    </Log>
    <Log>Evolving generation 113</Log>
    <Log>Applying main-loop operators to the 1st deme</Log>
    <Log>
      <Stats type="Stats" id="deme0" generation="113" popsize="200">
        <Item key="processed">100</Item>
        <Item key="total-processed">11500</Item>
        <Measure id="fitness">
          <Avg>-47.13</Avg>
          <Std>1.37570447919</Std>
          <Max>-46</Max>
          <Min>-51</Min>
        </Measure>
      </Stats>
    </Log>
    <Log>
      <Stats type="Stats" id="vivarium" generation="113" popsize="200">
        <Item key="processed">100</Item>
        <Item key="total-processed">11500</Item>
        <Measure id="fitness">
          <Avg>-47.13</Avg>
          <Std>1.37570447919</Std>
          <Max>-46</Max>
          <Min>-51</Min>
        </Measure>
      </Stats>
    </Log>
    <Log>Evolving generation 114</Log>
    <Log>Applying main-loop operators to the 1st deme</Log>
    <Log>
      <Stats type="Stats" id="deme0" generation="114" popsize="200">
        <Item key="processed">100</Item>
        <Item key="total-processed">11600</Item>
        <Measure id="fitness">
          <Avg>-47.225</Avg>
          <Std>1.44735940465</Std>
          <Max>-46</Max>
          <Min>-51</Min>
        </Measure>
      </Stats>
    </Log>
    <Log>
      <Stats type="Stats" id="vivarium" generation="114" popsize="200">
        <Item key="processed">100</Item>
        <Item key="total-processed">11600</Item>
        <Measure id="fitness">
          <Avg>-47.225</Avg>
          <Std>1.44735940465</Std>
          <Max>-46</Max>
          <Min>-51</Min>
        </Measure>
      </Stats>
    </Log>
    <Log>Evolving generation 115</Log>
    <Log>Applying main-loop operators to the 1st deme</Log>
    <Log>
      <Stats type="Stats" id="deme0" generation="115" popsize="200">
        <Item key="processed">100</Item>
        <Item key="total-processed">11700</Item>
        <Measure id="fitness">
          <Avg>-47.055</Avg>
          <Std>1.41135915818</Std>
          <Max>-46</Max>
          <Min>-51</Min>
        </Measure>
      </Stats>
    </Log>
    <Log>
      <Stats type="Stats" id="vivarium" generation="115" popsize="200">
        <Item key="processed">100</Item>
        <Item key="total-processed">11700</Item>
        <Measure id="fitness">
          <Avg>-47.055</Avg>
          <Std>1.41135915818</Std>
          <Max>-46</Max>
          <Min>-51</Min>
        </Measure>
      </Stats>
    </Log>
    <Log>Evolving generation 116</Log>
    <Log>Applying main-loop operators to the 1st deme</Log>
    <Log>
      <Stats type="Stats" id="deme0" generation="116" popsize="200">
        <Item key="processed">100</Item>
        <Item key="total-processed">11800</Item>
        <Measure id="fitness">
          <Avg>-47.165</Avg>
          <Std>1.46920653388</Std>
          <Max>-46</Max>
          <Min>-51</Min>
        </Measure>
      </Stats>
    </Log>
    <Log>
      <Stats type="Stats" id="vivarium" generation="116" popsize="200">
        <Item key="processed">100</Item>
        <Item key="total-processed">11800</Item>
        <Measure id="fitness">
          <Avg>-47.165</Avg>
          <Std>1.46920653388</Std>
          <Max>-46</Max>
          <Min>-51</Min>
        </Measure>
      </Stats>
    </Log>
    <Log>Evolving generation 117</Log>
    <Log>Applying main-loop operators to the 1st deme</Log>
    <Log>
      <Stats type="Stats" id="deme0" generation="117" popsize="200">
        <Item key="processed">100</Item>
        <Item key="total-processed">11900</Item>
        <Measure id="fitness">
          <Avg>-47.12</Avg>
          <Std>1.43733421592</Std>
          <Max>-46</Max>
          <Min>-52</Min>
        </Measure>
      </Stats>
    </Log>
    <Log>
      <Stats type="Stats" id="vivarium" generation="117" popsize="200">
        <Item key="processed">100</Item>
        <Item key="total-processed">11900</Item>
        <Measure id="fitness">
          <Avg>-47.12</Avg>
          <Std>1.43733421592</Std>
          <Max>-46</Max>
          <Min>-52</Min>
        </Measure>
      </Stats>
    </Log>
    <Log>Evolving generation 118</Log>
    <Log>Applying main-loop operators to the 1st deme</Log>
    <Log>
      <Stats type="Stats" id="deme0" generation="118" popsize="200">
        <Item key="processed">100</Item>
        <Item key="total-processed">12000</Item>
        <Measure id="fitness">
          <Avg>-47.09</Avg>
          <Std>1.42197399774</Std>
          <Max>-46</Max>
          <Min>-51</Min>
        </Measure>
      </Stats>
    </Log>
    <Log>
      <Stats type="Stats" id="vivarium" generation="118" popsize="200">
        <Item key="processed">100</Item>
        <Item key="total-processed">12000</Item>
        <Measure id="fitness">
          <Avg>-47.09</Avg>
          <Std>1.42197399774</Std>
          <Max>-46</Max>
          <Min>-51</Min>
        </Measure>
      </Stats>
    </Log>
    <Log>Evolving generation 119</Log>
    <Log>Applying main-loop operators to the 1st deme</Log>
    <Log>
      <Stats type="Stats" id="deme0" generation="119" popsize="200">
        <Item key="processed">100</Item>
        <Item key="total-processed">12100</Item>
        <Measure id="fitness">
          <Avg>-47.125</Avg>
          <Std>1.41754086733</Std>
          <Max>-46</Max>
          <Min>-51</Min>
        </Measure>
      </Stats>
    </Log>
    <Log>
      <Stats type="Stats" id="vivarium" generation="119" popsize="200">
        <Item key="processed">100</Item>
        <Item key="total-processed">12100</Item>
        <Measure id="fitness">
          <Avg>-47.125</Avg>
          <Std>1.41754086733</Std>
          <Max>-46</Max>
          <Min>-51</Min>
        </Measure>
      </Stats>
    </Log>
    <Log>Evolving generation 120</Log>
    <Log>Applying main-loop operators to the 1st deme</Log>
    <Log>
      <Stats type="Stats" id="deme0" generation="120" popsize="200">
        <Item key="processed">100</Item>
        <Item key="total-processed">12200</Item>
        <Measure id="fitness">
          <Avg>-47.18</Avg>
          <Std>1.40623164421</Std>
          <Max>-46</Max>
          <Min>-50</Min>
        </Measure>
      </Stats>
    </Log>
    <Log>
      <Stats type="Stats" id="vivarium" generation="120" popsize="200">
        <Item key="processed">100</Item>
        <Item key="total-processed">12200</Item>
        <Measure id="fitness">
          <Avg>-47.18</Avg>
          <Std>1.40623164421</Std>
          <Max>-46</Max>
          <Min>-50</Min>
        </Measure>
      </Stats>
    </Log>
    <Log>Evolving generation 121</Log>
    <Log>Applying main-loop operators to the 1st deme</Log>
    <Log>
      <Stats type="Stats" id="deme0" generation="121" popsize="200">
        <Item key="processed">100</Item>
        <Item key="total-processed">12300</Item>
        <Measure id="fitness">
          <Avg>-47.11</Avg>
          <Std>1.42055973114</Std>
          <Max>-46</Max>
          <Min>-51</Min>
        </Measure>
      </Stats>
    </Log>
    <Log>
      <Stats type="Stats" id="vivarium" generation="121" popsize="200">
        <Item key="processed">100</Item>
        <Item key="total-processed">12300</Item>
        <Measure id="fitness">
          <Avg>-47.11</Avg>
          <Std>1.42055973114</Std>
          <Max>-46</Max>
          <Min>-51</Min>
        </Measure>
      </Stats>
    </Log>
    <Log>Evolving generation 122</Log>
    <Log>Applying main-loop operators to the 1st deme</Log>
    <Log>
      <Stats type="Stats" id="deme0" generation="122" popsize="200">
        <Item key="processed">100</Item>
        <Item key="total-processed">12400</Item>
        <Measure id="fitness">
          <Avg>-47.125</Avg>
          <Std>1.37068189024</Std>
          <Max>-46</Max>
          <Min>-51</Min>
        </Measure>
      </Stats>
    </Log>
    <Log>
      <Stats type="Stats" id="vivarium" generation="122" popsize="200">
        <Item key="processed">100</Item>
        <Item key="total-processed">12400</Item>
        <Measure id="fitness">
          <Avg>-47.125</Avg>
          <Std>1.37068189024</Std>
          <Max>-46</Max>
          <Min>-51</Min>
        </Measure>
      </Stats>
    </Log>
    <Log>Evolving generation 123</Log>
    <Log>Applying main-loop operators to the 1st deme</Log>
    <Log>
      <Stats type="Stats" id="deme0" generation="123" popsize="200">
        <Item key="processed">100</Item>
        <Item key="total-processed">12500</Item>
        <Measure id="fitness">
          <Avg>-47.265</Avg>
          <Std>1.51865286773</Std>
          <Max>-46</Max>
          <Min>-51</Min>
        </Measure>
      </Stats>
    </Log>
    <Log>
      <Stats type="Stats" id="vivarium" generation="123" popsize="200">
        <Item key="processed">100</Item>
        <Item key="total-processed">12500</Item>
        <Measure id="fitness">
          <Avg>-47.265</Avg>
          <Std>1.51865286773</Std>
          <Max>-46</Max>
          <Min>-51</Min>
        </Measure>
      </Stats>
    </Log>
    <Log>Evolving generation 124</Log>
    <Log>Applying main-loop operators to the 1st deme</Log>
    <Log>
      <Stats type="Stats" id="deme0" generation="124" popsize="200">
        <Item key="processed">100</Item>
        <Item key="total-processed">12600</Item>
        <Measure id="fitness">
          <Avg>-47.13</Avg>
          <Std>1.41175965611</Std>
          <Max>-46</Max>
          <Min>-52</Min>
        </Measure>
      </Stats>
    </Log>
    <Log>
      <Stats type="Stats" id="vivarium" generation="124" popsize="200">
        <Item key="processed">100</Item>
        <Item key="total-processed">12600</Item>
        <Measure id="fitness">
          <Avg>-47.13</Avg>
          <Std>1.41175965611</Std>
          <Max>-46</Max>
          <Min>-52</Min>
        </Measure>
      </Stats>
    </Log>
    <Log>Evolving generation 125</Log>
    <Log>Applying main-loop operators to the 1st deme</Log>
    <Log>
      <Stats type="Stats" id="deme0" generation="125" popsize="200">
        <Item key="processed">100</Item>
        <Item key="total-processed">12700</Item>
        <Measure id="fitness">
          <Avg>-47</Avg>
          <Std>1.29940071227</Std>
          <Max>-46</Max>
          <Min>-51</Min>
        </Measure>
      </Stats>
    </Log>
    <Log>
      <Stats type="Stats" id="vivarium" generation="125" popsize="200">
        <Item key="processed">100</Item>
        <Item key="total-processed">12700</Item>
        <Measure id="fitness">
          <Avg>-47</Avg>
          <Std>1.29940071227</Std>
          <Max>-46</Max>
          <Min>-51</Min>
        </Measure>
      </Stats>
    </Log>
    <Log>Evolving generation 126</Log>
    <Log>Applying main-loop operators to the 1st deme</Log>
    <Log>
      <Stats type="Stats" id="deme0" generation="126" popsize="200">
        <Item key="processed">100</Item>
        <Item key="total-processed">12800</Item>
        <Measure id="fitness">
          <Avg>-47.155</Avg>
          <Std>1.41455996674</Std>
          <Max>-46</Max>
          <Min>-51</Min>
        </Measure>
      </Stats>
    </Log>
    <Log>
      <Stats type="Stats" id="vivarium" generation="126" popsize="200">
        <Item key="processed">100</Item>
        <Item key="total-processed">12800</Item>
        <Measure id="fitness">
          <Avg>-47.155</Avg>
          <Std>1.41455996674</Std>
          <Max>-46</Max>
          <Min>-51</Min>
        </Measure>
      </Stats>
    </Log>
    <Log>Evolving generation 127</Log>
    <Log>Applying main-loop operators to the 1st deme</Log>
    <Log>
      <Stats type="Stats" id="deme0" generation="127" popsize="200">
        <Item key="processed">100</Item>
        <Item key="total-processed">12900</Item>
        <Measure id="fitness">
          <Avg>-47.145</Avg>
          <Std>1.41917061206</Std>
          <Max>-46</Max>
          <Min>-51</Min>
        </Measure>
      </Stats>
    </Log>
    <Log>
      <Stats type="Stats" id="vivarium" generation="127" popsize="200">
        <Item key="processed">100</Item>
        <Item key="total-processed">12900</Item>
        <Measure id="fitness">
          <Avg>-47.145</Avg>
          <Std>1.41917061206</Std>
          <Max>-46</Max>
          <Min>-51</Min>
        </Measure>
      </Stats>
    </Log>
    <Log>Evolving generation 128</Log>
    <Log>Applying main-loop operators to the 1st deme</Log>
    <Log>
      <Stats type="Stats" id="deme0" generation="128" popsize="200">
        <Item key="processed">100</Item>
        <Item key="total-processed">13000</Item>
        <Measure id="fitness">
          <Avg>-47.135</Avg>
          <Std>1.44819242732</Std>
          <Max>-46</Max>
          <Min>-51</Min>
        </Measure>
      </Stats>
    </Log>
    <Log>
      <Stats type="Stats" id="vivarium" generation="128" popsize="200">
        <Item key="processed">100</Item>
        <Item key="total-processed">13000</Item>
        <Measure id="fitness">
          <Avg>-47.135</Avg>
          <Std>1.44819242732</Std>
          <Max>-46</Max>
          <Min>-51</Min>
        </Measure>
      </Stats>
    </Log>
    <Log>Evolving generation 129</Log>
    <Log>Applying main-loop operators to the 1st deme</Log>
    <Log>
      <Stats type="Stats" id="deme0" generation="129" popsize="200">
        <Item key="processed">100</Item>
        <Item key="total-processed">13100</Item>
        <Measure id="fitness">
          <Avg>-47.195</Avg>
          <Std>1.44478789457</Std>
          <Max>-46</Max>
          <Min>-51</Min>
        </Measure>
      </Stats>
    </Log>
    <Log>
      <Stats type="Stats" id="vivarium" generation="129" popsize="200">
        <Item key="processed">100</Item>
        <Item key="total-processed">13100</Item>
        <Measure id="fitness">
          <Avg>-47.195</Avg>
          <Std>1.44478789457</Std>
          <Max>-46</Max>
          <Min>-51</Min>
        </Measure>
      </Stats>
    </Log>
    <Log>Evolving generation 130</Log>
    <Log>Applying main-loop operators to the 1st deme</Log>
    <Log>
      <Stats type="Stats" id="deme0" generation="130" popsize="200">
        <Item key="processed">100</Item>
        <Item key="total-processed">13200</Item>
        <Measure id="fitness">
          <Avg>-47.225</Avg>
          <Std>1.51520766608</Std>
          <Max>-46</Max>
          <Min>-51</Min>
        </Measure>
      </Stats>
    </Log>
    <Log>
      <Stats type="Stats" id="vivarium" generation="130" popsize="200">
        <Item key="processed">100</Item>
        <Item key="total-processed">13200</Item>
        <Measure id="fitness">
          <Avg>-47.225</Avg>
          <Std>1.51520766608</Std>
          <Max>-46</Max>
          <Min>-51</Min>
        </Measure>
      </Stats>
    </Log>
    <Log>Evolving generation 131</Log>
    <Log>Applying main-loop operators to the 1st deme</Log>
    <Log>
      <Stats type="Stats" id="deme0" generation="131" popsize="200">
        <Item key="processed">100</Item>
        <Item key="total-processed">13300</Item>
        <Measure id="fitness">
          <Avg>-47.19</Avg>
          <Std>1.4049088384</Std>
          <Max>-46</Max>
          <Min>-51</Min>
        </Measure>
      </Stats>
    </Log>
    <Log>
      <Stats type="Stats" id="vivarium" generation="131" popsize="200">
        <Item key="processed">100</Item>
        <Item key="total-processed">13300</Item>
        <Measure id="fitness">
          <Avg>-47.19</Avg>
          <Std>1.4049088384</Std>
          <Max>-46</Max>
          <Min>-51</Min>
        </Measure>
      </Stats>
    </Log>
    <Log>Evolving generation 132</Log>
    <Log>Applying main-loop operators to the 1st deme</Log>
    <Log>
      <Stats type="Stats" id="deme0" generation="132" popsize="200">
        <Item key="processed">100</Item>
        <Item key="total-processed">13400</Item>
        <Measure id="fitness">
          <Avg>-47.14</Avg>
          <Std>1.39287490555</Std>
          <Max>-46</Max>
          <Min>-51</Min>
        </Measure>
      </Stats>
    </Log>
    <Log>
      <Stats type="Stats" id="vivarium" generation="132" popsize="200">
        <Item key="processed">100</Item>
        <Item key="total-processed">13400</Item>
        <Measure id="fitness">
          <Avg>-47.14</Avg>
          <Std>1.39287490555</Std>
          <Max>-46</Max>
          <Min>-51</Min>
        </Measure>
      </Stats>
    </Log>
    <Log>Evolving generation 133</Log>
    <Log>Applying main-loop operators to the 1st deme</Log>
    <Log>
      <Stats type="Stats" id="deme0" generation="133" popsize="200">
        <Item key="processed">100</Item>
        <Item key="total-processed">13500</Item>
        <Measure id="fitness">
          <Avg>-47.035</Avg>
          <Std>1.32003311973</Std>
          <Max>-46</Max>
          <Min>-51</Min>
        </Measure>
      </Stats>
    </Log>
    <Log>
      <Stats type="Stats" id="vivarium" generation="133" popsize="200">
        <Item key="processed">100</Item>
        <Item key="total-processed">13500</Item>
        <Measure id="fitness">
          <Avg>-47.035</Avg>
          <Std>1.32003311973</Std>
          <Max>-46</Max>
          <Min>-51</Min>
        </Measure>
      </Stats>
    </Log>
    <Log>Evolving generation 134</Log>
    <Log>Applying main-loop operators to the 1st deme</Log>
    <Log>
      <Stats type="Stats" id="deme0" generation="134" popsize="200">
        <Item key="processed">100</Item>
        <Item key="total-processed">13600</Item>
        <Measure id="fitness">
          <Avg>-46.985</Avg>
          <Std>1.29349940221</Std>
          <Max>-46</Max>
          <Min>-51</Min>
        </Measure>
      </Stats>
    </Log>
    <Log>
      <Stats type="Stats" id="vivarium" generation="134" popsize="200">
        <Item key="processed">100</Item>
        <Item key="total-processed">13600</Item>
        <Measure id="fitness">
          <Avg>-46.985</Avg>
          <Std>1.29349940221</Std>
          <Max>-46</Max>
          <Min>-51</Min>
        </Measure>
      </Stats>
    </Log>
    <Log>Evolving generation 135</Log>
    <Log>Applying main-loop operators to the 1st deme</Log>
    <Log>
      <Stats type="Stats" id="deme0" generation="135" popsize="200">
        <Item key="processed">100</Item>
        <Item key="total-processed">13700</Item>
        <Measure id="fitness">
          <Avg>-47.005</Avg>
          <Std>1.2581293444</Std>
          <Max>-46</Max>
          <Min>-50</Min>
        </Measure>
      </Stats>
    </Log>
    <Log>
      <Stats type="Stats" id="vivarium" generation="135" popsize="200">
        <Item key="processed">100</Item>
        <Item key="total-processed">13700</Item>
        <Measure id="fitness">
          <Avg>-47.005</Avg>
          <Std>1.2581293444</Std>
          <Max>-46</Max>
          <Min>-50</Min>
        </Measure>
      </Stats>
    </Log>
    <Log>Evolving generation 136</Log>
    <Log>Applying main-loop operators to the 1st deme</Log>
    <Log>
      <Stats type="Stats" id="deme0" generation="136" popsize="200">
        <Item key="processed">100</Item>
        <Item key="total-processed">13800</Item>
        <Measure id="fitness">
          <Avg>-47.025</Avg>
          <Std>1.3010915402</Std>
          <Max>-46</Max>
          <Min>-51</Min>
        </Measure>
      </Stats>
    </Log>
    <Log>
      <Stats type="Stats" id="vivarium" generation="136" popsize="200">
        <Item key="processed">100</Item>
        <Item key="total-processed">13800</Item>
        <Measure id="fitness">
          <Avg>-47.025</Avg>
          <Std>1.3010915402</Std>
          <Max>-46</Max>
          <Min>-51</Min>
        </Measure>
      </Stats>
    </Log>
    <Log>Evolving generation 137</Log>
    <Log>Applying main-loop operators to the 1st deme</Log>
    <Log>
      <Stats type="Stats" id="deme0" generation="137" popsize="200">
        <Item key="processed">100</Item>
        <Item key="total-processed">13900</Item>
        <Measure id="fitness">
          <Avg>-47.075</Avg>
          <Std>1.40328938766</Std>
          <Max>-46</Max>
          <Min>-52</Min>
        </Measure>
      </Stats>
    </Log>
    <Log>
      <Stats type="Stats" id="vivarium" generation="137" popsize="200">
        <Item key="processed">100</Item>
        <Item key="total-processed">13900</Item>
        <Measure id="fitness">
          <Avg>-47.075</Avg>
          <Std>1.40328938766</Std>
          <Max>-46</Max>
          <Min>-52</Min>
        </Measure>
      </Stats>
    </Log>
    <Log>Evolving generation 138</Log>
    <Log>Applying main-loop operators to the 1st deme</Log>
    <Log>
      <Stats type="Stats" id="deme0" generation="138" popsize="200">
        <Item key="processed">100</Item>
        <Item key="total-processed">14000</Item>
        <Measure id="fitness">
          <Avg>-47.13</Avg>
          <Std>1.45729838845</Std>
          <Max>-46</Max>
          <Min>-51</Min>
        </Measure>
      </Stats>
    </Log>
    <Log>
      <Stats type="Stats" id="vivarium" generation="138" popsize="200">
        <Item key="processed">100</Item>
        <Item key="total-processed">14000</Item>
        <Measure id="fitness">
          <Avg>-47.13</Avg>
          <Std>1.45729838845</Std>
          <Max>-46</Max>
          <Min>-51</Min>
        </Measure>
      </Stats>
    </Log>
    <Log>Evolving generation 139</Log>
    <Log>Applying main-loop operators to the 1st deme</Log>
    <Log>
      <Stats type="Stats" id="deme0" generation="139" popsize="200">
        <Item key="processed">100</Item>
        <Item key="total-processed">14100</Item>
        <Measure id="fitness">
          <Avg>-47.195</Avg>
          <Std>1.47575889684</Std>
          <Max>-46</Max>
          <Min>-52</Min>
        </Measure>
      </Stats>
    </Log>
    <Log>
      <Stats type="Stats" id="vivarium" generation="139" popsize="200">
        <Item key="processed">100</Item>
        <Item key="total-processed">14100</Item>
        <Measure id="fitness">
          <Avg>-47.195</Avg>
          <Std>1.47575889684</Std>
          <Max>-46</Max>
          <Min>-52</Min>
        </Measure>
      </Stats>
    </Log>
    <Log>Evolving generation 140</Log>
    <Log>Applying main-loop operators to the 1st deme</Log>
    <Log>
      <Stats type="Stats" id="deme0" generation="140" popsize="200">
        <Item key="processed">100</Item>
        <Item key="total-processed">14200</Item>
        <Measure id="fitness">
          <Avg>-47.125</Avg>
          <Std>1.43515621687</Std>
          <Max>-46</Max>
          <Min>-51</Min>
        </Measure>
      </Stats>
    </Log>
    <Log>
      <Stats type="Stats" id="vivarium" generation="140" popsize="200">
        <Item key="processed">100</Item>
        <Item key="total-processed">14200</Item>
        <Measure id="fitness">
          <Avg>-47.125</Avg>
          <Std>1.43515621687</Std>
          <Max>-46</Max>
          <Min>-51</Min>
        </Measure>
      </Stats>
    </Log>
    <Log>Evolving generation 141</Log>
    <Log>Applying main-loop operators to the 1st deme</Log>
    <Log>
      <Stats type="Stats" id="deme0" generation="141" popsize="200">
        <Item key="processed">100</Item>
        <Item key="total-processed">14300</Item>
        <Measure id="fitness">
          <Avg>-47.07</Avg>
          <Std>1.36543843162</Std>
          <Max>-46</Max>
          <Min>-51</Min>
        </Measure>
      </Stats>
    </Log>
    <Log>
      <Stats type="Stats" id="vivarium" generation="141" popsize="200">
        <Item key="processed">100</Item>
        <Item key="total-processed">14300</Item>
        <Measure id="fitness">
          <Avg>-47.07</Avg>
          <Std>1.36543843162</Std>
          <Max>-46</Max>
          <Min>-51</Min>
        </Measure>
      </Stats>
    </Log>
    <Log>Evolving generation 142</Log>
    <Log>Applying main-loop operators to the 1st deme</Log>
    <Log>
      <Stats type="Stats" id="deme0" generation="142" popsize="200">
        <Item key="processed">100</Item>
        <Item key="total-processed">14400</Item>
        <Measure id="fitness">
          <Avg>-47.035</Avg>
          <Std>1.32003311973</Std>
          <Max>-46</Max>
          <Min>-51</Min>
        </Measure>
      </Stats>
    </Log>
    <Log>
      <Stats type="Stats" id="vivarium" generation="142" popsize="200">
        <Item key="processed">100</Item>
        <Item key="total-processed">14400</Item>
        <Measure id="fitness">
          <Avg>-47.035</Avg>
          <Std>1.32003311973</Std>
          <Max>-46</Max>
          <Min>-51</Min>
        </Measure>
      </Stats>
    </Log>
    <Log>Evolving generation 143</Log>
    <Log>Applying main-loop operators to the 1st deme</Log>
    <Log>
      <Stats type="Stats" id="deme0" generation="143" popsize="200">
        <Item key="processed">100</Item>
        <Item key="total-processed">14500</Item>
        <Measure id="fitness">
          <Avg>-47.15</Avg>
          <Std>1.40619590907</Std>
          <Max>-46</Max>
          <Min>-51</Min>
        </Measure>
      </Stats>
    </Log>
    <Log>
      <Stats type="Stats" id="vivarium" generation="143" popsize="200">
        <Item key="processed">100</Item>
        <Item key="total-processed">14500</Item>
        <Measure id="fitness">
          <Avg>-47.15</Avg>
          <Std>1.40619590907</Std>
          <Max>-46</Max>
          <Min>-51</Min>
        </Measure>
      </Stats>
    </Log>
    <Log>Evolving generation 144</Log>
    <Log>Applying main-loop operators to the 1st deme</Log>
    <Log>
      <Stats type="Stats" id="deme0" generation="144" popsize="200">
        <Item key="processed">100</Item>
        <Item key="total-processed">14600</Item>
        <Measure id="fitness">
          <Avg>-47.085</Avg>
          <Std>1.37375800463</Std>
          <Max>-46</Max>
          <Min>-51</Min>
        </Measure>
      </Stats>
    </Log>
    <Log>
      <Stats type="Stats" id="vivarium" generation="144" popsize="200">
        <Item key="processed">100</Item>
        <Item key="total-processed">14600</Item>
        <Measure id="fitness">
          <Avg>-47.085</Avg>
          <Std>1.37375800463</Std>
          <Max>-46</Max>
          <Min>-51</Min>
        </Measure>
      </Stats>
    </Log>
    <Log>Evolving generation 145</Log>
    <Log>Applying main-loop operators to the 1st deme</Log>
    <Log>
      <Stats type="Stats" id="deme0" generation="145" popsize="200">
        <Item key="processed">100</Item>
        <Item key="total-processed">14700</Item>
        <Measure id="fitness">
          <Avg>-47.11</Avg>
          <Std>1.38835791079</Std>
          <Max>-46</Max>
          <Min>-51</Min>
        </Measure>
      </Stats>
    </Log>
    <Log>
      <Stats type="Stats" id="vivarium" generation="145" popsize="200">
        <Item key="processed">100</Item>
        <Item key="total-processed">14700</Item>
        <Measure id="fitness">
          <Avg>-47.11</Avg>
          <Std>1.38835791079</Std>
          <Max>-46</Max>
          <Min>-51</Min>
        </Measure>
      </Stats>
    </Log>
    <Log>Evolving generation 146</Log>
    <Log>Applying main-loop operators to the 1st deme</Log>
    <Log>
      <Stats type="Stats" id="deme0" generation="146" popsize="200">
        <Item key="processed">100</Item>
        <Item key="total-processed">14800</Item>
        <Measure id="fitness">
          <Avg>-47.245</Avg>
          <Std>1.49873480981</Std>
          <Max>-46</Max>
          <Min>-51</Min>
        </Measure>
      </Stats>
    </Log>
    <Log>
      <Stats type="Stats" id="vivarium" generation="146" popsize="200">
        <Item key="processed">100</Item>
        <Item key="total-processed">14800</Item>
        <Measure id="fitness">
          <Avg>-47.245</Avg>
          <Std>1.49873480981</Std>
          <Max>-46</Max>
          <Min>-51</Min>
        </Measure>
      </Stats>
    </Log>
    <Log>Evolving generation 147</Log>
    <Log>Applying main-loop operators to the 1st deme</Log>
    <Log>
      <Stats type="Stats" id="deme0" generation="147" popsize="200">
        <Item key="processed">100</Item>
        <Item key="total-processed">14900</Item>
        <Measure id="fitness">
          <Avg>-47.055</Avg>
          <Std>1.3752934817</Std>
          <Max>-46</Max>
          <Min>-51</Min>
        </Measure>
      </Stats>
    </Log>
    <Log>
      <Stats type="Stats" id="vivarium" generation="147" popsize="200">
        <Item key="processed">100</Item>
        <Item key="total-processed">14900</Item>
        <Measure id="fitness">
          <Avg>-47.055</Avg>
          <Std>1.3752934817</Std>
          <Max>-46</Max>
          <Min>-51</Min>
        </Measure>
      </Stats>
    </Log>
    <Log>Evolving generation 148</Log>
    <Log>Applying main-loop operators to the 1st deme</Log>
    <Log>
      <Stats type="Stats" id="deme0" generation="148" popsize="200">
        <Item key="processed">100</Item>
        <Item key="total-processed">15000</Item>
        <Measure id="fitness">
          <Avg>-47.275</Avg>
          <Std>1.53333970576</Std>
          <Max>-46</Max>
          <Min>-52</Min>
        </Measure>
      </Stats>
    </Log>
    <Log>
      <Stats type="Stats" id="vivarium" generation="148" popsize="200">
        <Item key="processed">100</Item>
        <Item key="total-processed">15000</Item>
        <Measure id="fitness">
          <Avg>-47.275</Avg>
          <Std>1.53333970576</Std>
          <Max>-46</Max>
          <Min>-52</Min>
        </Measure>
      </Stats>
    </Log>
    <Log>Evolving generation 149</Log>
    <Log>Applying main-loop operators to the 1st deme</Log>
    <Log>
      <Stats type="Stats" id="deme0" generation="149" popsize="200">
        <Item key="processed">100</Item>
        <Item key="total-processed">15100</Item>
        <Measure id="fitness">
          <Avg>-47.055</Avg>
          <Std>1.33825619679</Std>
          <Max>-46</Max>
          <Min>-51</Min>
        </Measure>
      </Stats>
    </Log>
    <Log>
      <Stats type="Stats" id="vivarium" generation="149" popsize="200">
        <Item key="processed">100</Item>
        <Item key="total-processed">15100</Item>
        <Measure id="fitness">
          <Avg>-47.055</Avg>
          <Std>1.33825619679</Std>
          <Max>-46</Max>
          <Min>-51</Min>
        </Measure>
      </Stats>
    </Log>
    <Log>Evolving generation 150</Log>
    <Log>Applying main-loop operators to the 1st deme</Log>
    <Log>
      <Stats type="Stats" id="deme0" generation="150" popsize="200">
        <Item key="processed">100</Item>
        <Item key="total-processed">15200</Item>
        <Measure id="fitness">
          <Avg>-47.11</Avg>
          <Std>1.38835791079</Std>
          <Max>-46</Max>
          <Min>-51</Min>
        </Measure>
      </Stats>
    </Log>
    <Log>
      <Stats type="Stats" id="vivarium" generation="150" popsize="200">
        <Item key="processed">100</Item>
        <Item key="total-processed">15200</Item>
        <Measure id="fitness">
          <Avg>-47.11</Avg>
          <Std>1.38835791079</Std>
          <Max>-46</Max>
          <Min>-51</Min>
        </Measure>
      </Stats>
    </Log>
    <Log>Evolving generation 151</Log>
    <Log>Applying main-loop operators to the 1st deme</Log>
    <Log>
      <Stats type="Stats" id="deme0" generation="151" popsize="200">
        <Item key="processed">100</Item>
        <Item key="total-processed">15300</Item>
        <Measure id="fitness">
          <Avg>-47.185</Avg>
          <Std>1.47023226552</Std>
          <Max>-46</Max>
          <Min>-52</Min>
        </Measure>
      </Stats>
    </Log>
    <Log>
      <Stats type="Stats" id="vivarium" generation="151" popsize="200">
        <Item key="processed">100</Item>
        <Item key="total-processed">15300</Item>
        <Measure id="fitness">
          <Avg>-47.185</Avg>
          <Std>1.47023226552</Std>
          <Max>-46</Max>
          <Min>-52</Min>
        </Measure>
      </Stats>
    </Log>
    <Log>Evolving generation 152</Log>
    <Log>Applying main-loop operators to the 1st deme</Log>
    <Log>
      <Stats type="Stats" id="deme0" generation="152" popsize="200">
        <Item key="processed">100</Item>
        <Item key="total-processed">15400</Item>
        <Measure id="fitness">
          <Avg>-47.205</Avg>
          <Std>1.47439622256</Std>
          <Max>-46</Max>
          <Min>-51</Min>
        </Measure>
      </Stats>
    </Log>
    <Log>
      <Stats type="Stats" id="vivarium" generation="152" popsize="200">
        <Item key="processed">100</Item>
        <Item key="total-processed">15400</Item>
        <Measure id="fitness">
          <Avg>-47.205</Avg>
          <Std>1.47439622256</Std>
          <Max>-46</Max>
          <Min>-51</Min>
        </Measure>
      </Stats>
    </Log>
    <Log>Evolving generation 153</Log>
    <Log>Applying main-loop operators to the 1st deme</Log>
    <Log>
      <Stats type="Stats" id="deme0" generation="153" popsize="200">
        <Item key="processed">100</Item>
        <Item key="total-processed">15500</Item>
        <Measure id="fitness">
          <Avg>-47.08</Avg>
          <Std>1.34261426528</Std>
          <Max>-46</Max>
          <Min>-51</Min>
        </Measure>
      </Stats>
    </Log>
    <Log>
      <Stats type="Stats" id="vivarium" generation="153" popsize="200">
        <Item key="processed">100</Item>
        <Item key="total-processed">15500</Item>
        <Measure id="fitness">
          <Avg>-47.08</Avg>
          <Std>1.34261426528</Std>
          <Max>-46</Max>
          <Min>-51</Min>
        </Measure>
      </Stats>
    </Log>
    <Log>Evolving generation 154</Log>
    <Log>Applying main-loop operators to the 1st deme</Log>
    <Log>
      <Stats type="Stats" id="deme0" generation="154" popsize="200">
        <Item key="processed">100</Item>
        <Item key="total-processed">15600</Item>
        <Measure id="fitness">
          <Avg>-47.195</Avg>
          <Std>1.51938065933</Std>
          <Max>-46</Max>
          <Min>-51</Min>
        </Measure>
      </Stats>
    </Log>
    <Log>
      <Stats type="Stats" id="vivarium" generation="154" popsize="200">
        <Item key="processed">100</Item>
        <Item key="total-processed">15600</Item>
        <Measure id="fitness">
          <Avg>-47.195</Avg>
          <Std>1.51938065933</Std>
          <Max>-46</Max>
          <Min>-51</Min>
        </Measure>
      </Stats>
    </Log>
    <Log>Evolving generation 155</Log>
    <Log>Applying main-loop operators to the 1st deme</Log>
    <Log>
      <Stats type="Stats" id="deme0" generation="155" popsize="200">
        <Item key="processed">100</Item>
        <Item key="total-processed">15700</Item>
        <Measure id="fitness">
          <Avg>-47.08</Avg>
          <Std>1.35379607737</Std>
          <Max>-46</Max>
          <Min>-51</Min>
        </Measure>
      </Stats>
    </Log>
    <Log>
      <Stats type="Stats" id="vivarium" generation="155" popsize="200">
        <Item key="processed">100</Item>
        <Item key="total-processed">15700</Item>
        <Measure id="fitness">
          <Avg>-47.08</Avg>
          <Std>1.35379607737</Std>
          <Max>-46</Max>
          <Min>-51</Min>
        </Measure>
      </Stats>
    </Log>
    <Log>Evolving generation 156</Log>
    <Log>Applying main-loop operators to the 1st deme</Log>
    <Log>
      <Stats type="Stats" id="deme0" generation="156" popsize="200">
        <Item key="processed">100</Item>
        <Item key="total-processed">15800</Item>
        <Measure id="fitness">
          <Avg>-47.155</Avg>
          <Std>1.46344915084</Std>
          <Max>-46</Max>
          <Min>-52</Min>
        </Measure>
      </Stats>
    </Log>
    <Log>
      <Stats type="Stats" id="vivarium" generation="156" popsize="200">
        <Item key="processed">100</Item>
        <Item key="total-processed">15800</Item>
        <Measure id="fitness">
          <Avg>-47.155</Avg>
          <Std>1.46344915084</Std>
          <Max>-46</Max>
          <Min>-52</Min>
        </Measure>
      </Stats>
    </Log>
    <Log>Evolving generation 157</Log>
    <Log>Applying main-loop operators to the 1st deme</Log>
    <Log>
      <Stats type="Stats" id="deme0" generation="157" popsize="200">
        <Item key="processed">100</Item>
        <Item key="total-processed">15900</Item>
        <Measure id="fitness">
          <Avg>-47.085</Avg>
          <Std>1.37009518064</Std>
          <Max>-46</Max>
          <Min>-51</Min>
        </Measure>
      </Stats>
    </Log>
    <Log>
      <Stats type="Stats" id="vivarium" generation="157" popsize="200">
        <Item key="processed">100</Item>
        <Item key="total-processed">15900</Item>
        <Measure id="fitness">
          <Avg>-47.085</Avg>
          <Std>1.37009518064</Std>
          <Max>-46</Max>
          <Min>-51</Min>
        </Measure>
      </Stats>
    </Log>
    <Log>Evolving generation 158</Log>
    <Log>Applying main-loop operators to the 1st deme</Log>
    <Log>
      <Stats type="Stats" id="deme0" generation="158" popsize="200">
        <Item key="processed">100</Item>
        <Item key="total-processed">16000</Item>
        <Measure id="fitness">
          <Avg>-47.215</Avg>
          <Std>1.48316346683</Std>
          <Max>-46</Max>
          <Min>-51</Min>
        </Measure>
      </Stats>
    </Log>
    <Log>
      <Stats type="Stats" id="vivarium" generation="158" popsize="200">
        <Item key="processed">100</Item>
        <Item key="total-processed">16000</Item>
        <Measure id="fitness">
          <Avg>-47.215</Avg>
          <Std>1.48316346683</Std>
          <Max>-46</Max>
          <Min>-51</Min>
        </Measure>
      </Stats>
    </Log>
    <Log>Evolving generation 159</Log>
    <Log>Applying main-loop operators to the 1st deme</Log>
    <Log>
      <Stats type="Stats" id="deme0" generation="159" popsize="200">
        <Item key="processed">100</Item>
        <Item key="total-processed">16100</Item>
        <Measure id="fitness">
          <Avg>-47.24</Avg>
          <Std>1.47078757147</Std>
          <Max>-46</Max>
          <Min>-51</Min>
        </Measure>
      </Stats>
    </Log>
    <Log>
      <Stats type="Stats" id="vivarium" generation="159" popsize="200">
        <Item key="processed">100</Item>
        <Item key="total-processed">16100</Item>
        <Measure id="fitness">
          <Avg>-47.24</Avg>
          <Std>1.47078757147</Std>
          <Max>-46</Max>
          <Min>-51</Min>
        </Measure>
      </Stats>
    </Log>
    <Log>Evolving generation 160</Log>
    <Log>Applying main-loop operators to the 1st deme</Log>
    <Log>
      <Stats type="Stats" id="deme0" generation="160" popsize="200">
        <Item key="processed">100</Item>
        <Item key="total-processed">16200</Item>
        <Measure id="fitness">
          <Avg>-47.06</Avg>
          <Std>1.38781488346</Std>
          <Max>-46</Max>
          <Min>-52</Min>
        </Measure>
      </Stats>
    </Log>
    <Log>
      <Stats type="Stats" id="vivarium" generation="160" popsize="200">
        <Item key="processed">100</Item>
        <Item key="total-processed">16200</Item>
        <Measure id="fitness">
          <Avg>-47.06</Avg>
          <Std>1.38781488346</Std>
          <Max>-46</Max>
          <Min>-52</Min>
        </Measure>
      </Stats>
    </Log>
    <Log>Evolving generation 161</Log>
    <Log>Applying main-loop operators to the 1st deme</Log>
    <Log>
      <Stats type="Stats" id="deme0" generation="161" popsize="200">
        <Item key="processed">100</Item>
        <Item key="total-processed">16300</Item>
        <Measure id="fitness">
          <Avg>-47.165</Avg>
          <Std>1.46920653388</Std>
          <Max>-46</Max>
          <Min>-52</Min>
        </Measure>
      </Stats>
    </Log>
    <Log>
      <Stats type="Stats" id="vivarium" generation="161" popsize="200">
        <Item key="processed">100</Item>
        <Item key="total-processed">16300</Item>
        <Measure id="fitness">
          <Avg>-47.165</Avg>
          <Std>1.46920653388</Std>
          <Max>-46</Max>
          <Min>-52</Min>
        </Measure>
      </Stats>
    </Log>
    <Log>Evolving generation 162</Log>
    <Log>Applying main-loop operators to the 1st deme</Log>
    <Log>
      <Stats type="Stats" id="deme0" generation="162" popsize="200">
        <Item key="processed">100</Item>
        <Item key="total-processed">16400</Item>
        <Measure id="fitness">
          <Avg>-47.13</Avg>
          <Std>1.42592648186</Std>
          <Max>-46</Max>
          <Min>-51</Min>
        </Measure>
      </Stats>
    </Log>
    <Log>
      <Stats type="Stats" id="vivarium" generation="162" popsize="200">
        <Item key="processed">100</Item>
        <Item key="total-processed">16400</Item>
        <Measure id="fitness">
          <Avg>-47.13</Avg>
          <Std>1.42592648186</Std>
          <Max>-46</Max>
          <Min>-51</Min>
        </Measure>
      </Stats>
    </Log>
    <Log>Evolving generation 163</Log>
    <Log>Applying main-loop operators to the 1st deme</Log>
    <Log>
      <Stats type="Stats" id="deme0" generation="163" popsize="200">
        <Item key="processed">100</Item>
        <Item key="total-processed">16500</Item>
        <Measure id="fitness">
          <Avg>-47.185</Avg>
          <Std>1.44262985707</Std>
          <Max>-46</Max>
          <Min>-52</Min>
        </Measure>
      </Stats>
    </Log>
    <Log>
      <Stats type="Stats" id="vivarium" generation="163" popsize="200">
        <Item key="processed">100</Item>
        <Item key="total-processed">16500</Item>
        <Measure id="fitness">
          <Avg>-47.185</Avg>
          <Std>1.44262985707</Std>
          <Max>-46</Max>
          <Min>-52</Min>
        </Measure>
      </Stats>
    </Log>
    <Log>Evolving generation 164</Log>
    <Log>Applying main-loop operators to the 1st deme</Log>
    <Log>
      <Stats type="Stats" id="deme0" generation="164" popsize="200">
        <Item key="processed">100</Item>
        <Item key="total-processed">16600</Item>
        <Measure id="fitness">
          <Avg>-47.095</Avg>
          <Std>1.40207133203</Std>
          <Max>-46</Max>
          <Min>-51</Min>
        </Measure>
      </Stats>
    </Log>
    <Log>
      <Stats type="Stats" id="vivarium" generation="164" popsize="200">
        <Item key="processed">100</Item>
        <Item key="total-processed">16600</Item>
        <Measure id="fitness">
          <Avg>-47.095</Avg>
          <Std>1.40207133203</Std>
          <Max>-46</Max>
          <Min>-51</Min>
        </Measure>
      </Stats>
    </Log>
    <Log>Evolving generation 165</Log>
    <Log>Applying main-loop operators to the 1st deme</Log>
    <Log>
      <Stats type="Stats" id="deme0" generation="165" popsize="200">
        <Item key="processed">100</Item>
        <Item key="total-processed">16700</Item>
        <Measure id="fitness">
          <Avg>-47.115</Avg>
          <Std>1.40414855547</Std>
          <Max>-46</Max>
          <Min>-52</Min>
        </Measure>
      </Stats>
    </Log>
    <Log>
      <Stats type="Stats" id="vivarium" generation="165" popsize="200">
        <Item key="processed">100</Item>
        <Item key="total-processed">16700</Item>
        <Measure id="fitness">
          <Avg>-47.115</Avg>
          <Std>1.40414855547</Std>
          <Max>-46</Max>
          <Min>-52</Min>
        </Measure>
      </Stats>
    </Log>
    <Log>Evolving generation 166</Log>
    <Log>Applying main-loop operators to the 1st deme</Log>
    <Log>
      <Stats type="Stats" id="deme0" generation="166" popsize="200">
        <Item key="processed">100</Item>
        <Item key="total-processed">16800</Item>
        <Measure id="fitness">
          <Avg>-47.225</Avg>
          <Std>1.47146219966</Std>
          <Max>-46</Max>
          <Min>-51</Min>
        </Measure>
      </Stats>
    </Log>
    <Log>
      <Stats type="Stats" id="vivarium" generation="166" popsize="200">
        <Item key="processed">100</Item>
        <Item key="total-processed">16800</Item>
        <Measure id="fitness">
          <Avg>-47.225</Avg>
          <Std>1.47146219966</Std>
          <Max>-46</Max>
          <Min>-51</Min>
        </Measure>
      </Stats>
    </Log>
    <Log>Evolving generation 167</Log>
    <Log>Applying main-loop operators to the 1st deme</Log>
    <Log>
      <Stats type="Stats" id="deme0" generation="167" popsize="200">
        <Item key="processed">100</Item>
        <Item key="total-processed">16900</Item>
        <Measure id="fitness">
          <Avg>-47.145</Avg>
          <Std>1.47132559108</Std>
          <Max>-46</Max>
          <Min>-51</Min>
        </Measure>
      </Stats>
    </Log>
    <Log>
      <Stats type="Stats" id="vivarium" generation="167" popsize="200">
        <Item key="processed">100</Item>
        <Item key="total-processed">16900</Item>
        <Measure id="fitness">
          <Avg>-47.145</Avg>
          <Std>1.47132559108</Std>
          <Max>-46</Max>
          <Min>-51</Min>
        </Measure>
      </Stats>
    </Log>
    <Log>Evolving generation 168</Log>
    <Log>Applying main-loop operators to the 1st deme</Log>
    <Log>
      <Stats type="Stats" id="deme0" generation="168" popsize="200">
        <Item key="processed">100</Item>
        <Item key="total-processed">17000</Item>
        <Measure id="fitness">
          <Avg>-47.15</Avg>
          <Std>1.45536608874</Std>
          <Max>-46</Max>
          <Min>-51</Min>
        </Measure>
      </Stats>
    </Log>
    <Log>
      <Stats type="Stats" id="vivarium" generation="168" popsize="200">
        <Item key="processed">100</Item>
        <Item key="total-processed">17000</Item>
        <Measure id="fitness">
          <Avg>-47.15</Avg>
          <Std>1.45536608874</Std>
          <Max>-46</Max>
          <Min>-51</Min>
        </Measure>
      </Stats>
    </Log>
    <Log>Evolving generation 169</Log>
    <Log>Applying main-loop operators to the 1st deme</Log>
    <Log>
      <Stats type="Stats" id="deme0" generation="169" popsize="200">
        <Item key="processed">100</Item>
        <Item key="total-processed">17100</Item>
        <Measure id="fitness">
          <Avg>-47.095</Avg>
          <Std>1.41278263504</Std>
          <Max>-46</Max>
          <Min>-51</Min>
        </Measure>
      </Stats>
    </Log>
    <Log>
      <Stats type="Stats" id="vivarium" generation="169" popsize="200">
        <Item key="processed">100</Item>
        <Item key="total-processed">17100</Item>
        <Measure id="fitness">
          <Avg>-47.095</Avg>
          <Std>1.41278263504</Std>
          <Max>-46</Max>
          <Min>-51</Min>
        </Measure>
      </Stats>
    </Log>
    <Log>Evolving generation 170</Log>
    <Log>Applying main-loop operators to the 1st deme</Log>
    <Log>
      <Stats type="Stats" id="deme0" generation="170" popsize="200">
        <Item key="processed">100</Item>
        <Item key="total-processed">17200</Item>
        <Measure id="fitness">
          <Avg>-47.06</Avg>
          <Std>1.37325494564</Std>
          <Max>-46</Max>
          <Min>-52</Min>
        </Measure>
      </Stats>
    </Log>
    <Log>
      <Stats type="Stats" id="vivarium" generation="170" popsize="200">
        <Item key="processed">100</Item>
        <Item key="total-processed">17200</Item>
        <Measure id="fitness">
          <Avg>-47.06</Avg>
          <Std>1.37325494564</Std>
          <Max>-46</Max>
          <Min>-52</Min>
        </Measure>
      </Stats>
    </Log>
    <Log>Evolving generation 171</Log>
    <Log>Applying main-loop operators to the 1st deme</Log>
    <Log>
      <Stats type="Stats" id="deme0" generation="171" popsize="200">
        <Item key="processed">100</Item>
        <Item key="total-processed">17300</Item>
        <Measure id="fitness">
          <Avg>-47.075</Avg>
          <Std>1.32595845679</Std>
          <Max>-46</Max>
          <Min>-51</Min>
        </Measure>
      </Stats>
    </Log>
    <Log>
      <Stats type="Stats" id="vivarium" generation="171" popsize="200">
        <Item key="processed">100</Item>
        <Item key="total-processed">17300</Item>
        <Measure id="fitness">
          <Avg>-47.075</Avg>
          <Std>1.32595845679</Std>
          <Max>-46</Max>
          <Min>-51</Min>
        </Measure>
      </Stats>
    </Log>
    <Log>Evolving generation 172</Log>
    <Log>Applying main-loop operators to the 1st deme</Log>
    <Log>
      <Stats type="Stats" id="deme0" generation="172" popsize="200">
        <Item key="processed">100</Item>
        <Item key="total-processed">17400</Item>
        <Measure id="fitness">
          <Avg>-47.185</Avg>
          <Std>1.42862867796</Std>
          <Max>-46</Max>
          <Min>-51</Min>
        </Measure>
      </Stats>
    </Log>
    <Log>
      <Stats type="Stats" id="vivarium" generation="172" popsize="200">
        <Item key="processed">100</Item>
        <Item key="total-processed">17400</Item>
        <Measure id="fitness">
          <Avg>-47.185</Avg>
          <Std>1.42862867796</Std>
          <Max>-46</Max>
          <Min>-51</Min>
        </Measure>
      </Stats>
    </Log>
    <Log>Evolving generation 173</Log>
    <Log>Applying main-loop operators to the 1st deme</Log>
    <Log>
      <Stats type="Stats" id="deme0" generation="173" popsize="200">
        <Item key="processed">100</Item>
        <Item key="total-processed">17500</Item>
        <Measure id="fitness">
          <Avg>-47.165</Avg>
          <Std>1.45200433295</Std>
          <Max>-46</Max>
          <Min>-51</Min>
        </Measure>
      </Stats>
    </Log>
    <Log>
      <Stats type="Stats" id="vivarium" generation="173" popsize="200">
        <Item key="processed">100</Item>
        <Item key="total-processed">17500</Item>
        <Measure id="fitness">
          <Avg>-47.165</Avg>
          <Std>1.45200433295</Std>
          <Max>-46</Max>
          <Min>-51</Min>
        </Measure>
      </Stats>
    </Log>
    <Log>Evolving generation 174</Log>
    <Log>Applying main-loop operators to the 1st deme</Log>
    <Log>
      <Stats type="Stats" id="deme0" generation="174" popsize="200">
        <Item key="processed">100</Item>
        <Item key="total-processed">17600</Item>
        <Measure id="fitness">
          <Avg>-47.225</Avg>
          <Std>1.4985336216</Std>
          <Max>-46</Max>
          <Min>-51</Min>
        </Measure>
      </Stats>
    </Log>
    <Log>
      <Stats type="Stats" id="vivarium" generation="174" popsize="200">
        <Item key="processed">100</Item>
        <Item key="total-processed">17600</Item>
        <Measure id="fitness">
          <Avg>-47.225</Avg>
          <Std>1.4985336216</Std>
          <Max>-46</Max>
          <Min>-51</Min>
        </Measure>
      </Stats>
    </Log>
    <Log>Evolving generation 175</Log>
    <Log>Applying main-loop operators to the 1st deme</Log>
    <Log>
      <Stats type="Stats" id="deme0" generation="175" popsize="200">
        <Item key="processed">100</Item>
        <Item key="total-processed">17700</Item>
        <Measure id="fitness">
          <Avg>-47.085</Avg>
          <Std>1.38468834365</Std>
          <Max>-46</Max>
          <Min>-52</Min>
        </Measure>
      </Stats>
    </Log>
    <Log>
      <Stats type="Stats" id="vivarium" generation="175" popsize="200">
        <Item key="processed">100</Item>
        <Item key="total-processed">17700</Item>
        <Measure id="fitness">
          <Avg>-47.085</Avg>
          <Std>1.38468834365</Std>
          <Max>-46</Max>
          <Min>-52</Min>
        </Measure>
      </Stats>
    </Log>
    <Log>Evolving generation 176</Log>
    <Log>Applying main-loop operators to the 1st deme</Log>
    <Log>
      <Stats type="Stats" id="deme0" generation="176" popsize="200">
        <Item key="processed">100</Item>
        <Item key="total-processed">17800</Item>
        <Measure id="fitness">
          <Avg>-47.12</Avg>
          <Std>1.36562243066</Std>
          <Max>-46</Max>
          <Min>-51</Min>
        </Measure>
      </Stats>
    </Log>
    <Log>
      <Stats type="Stats" id="vivarium" generation="176" popsize="200">
        <Item key="processed">100</Item>
        <Item key="total-processed">17800</Item>
        <Measure id="fitness">
          <Avg>-47.12</Avg>
          <Std>1.36562243066</Std>
          <Max>-46</Max>
          <Min>-51</Min>
        </Measure>
      </Stats>
    </Log>
    <Log>Evolving generation 177</Log>
    <Log>Applying main-loop operators to the 1st deme</Log>
    <Log>
      <Stats type="Stats" id="deme0" generation="177" popsize="200">
        <Item key="processed">100</Item>
        <Item key="total-processed">17900</Item>
        <Measure id="fitness">
          <Avg>-47.075</Avg>
          <Std>1.37068189024</Std>
          <Max>-46</Max>
          <Min>-52</Min>
        </Measure>
      </Stats>
    </Log>
    <Log>
      <Stats type="Stats" id="vivarium" generation="177" popsize="200">
        <Item key="processed">100</Item>
        <Item key="total-processed">17900</Item>
        <Measure id="fitness">
          <Avg>-47.075</Avg>
          <Std>1.37068189024</Std>
          <Max>-46</Max>
          <Min>-52</Min>
        </Measure>
      </Stats>
    </Log>
    <Log>Evolving generation 178</Log>
    <Log>Applying main-loop operators to the 1st deme</Log>
    <Log>
      <Stats type="Stats" id="deme0" generation="178" popsize="200">
        <Item key="processed">100</Item>
        <Item key="total-processed">18000</Item>
        <Measure id="fitness">
          <Avg>-47.045</Avg>
          <Std>1.32732208585</Std>
          <Max>-46</Max>
          <Min>-51</Min>
        </Measure>
      </Stats>
    </Log>
    <Log>
      <Stats type="Stats" id="vivarium" generation="178" popsize="200">
        <Item key="processed">100</Item>
        <Item key="total-processed">18000</Item>
        <Measure id="fitness">
          <Avg>-47.045</Avg>
          <Std>1.32732208585</Std>
          <Max>-46</Max>
          <Min>-51</Min>
        </Measure>
      </Stats>
    </Log>
    <Log>Evolving generation 179</Log>
    <Log>Applying main-loop operators to the 1st deme</Log>
    <Log>
      <Stats type="Stats" id="deme0" generation="179" popsize="200">
        <Item key="processed">100</Item>
        <Item key="total-processed">18100</Item>
        <Measure id="fitness">
          <Avg>-47.055</Avg>
          <Std>1.32694344057</Std>
          <Max>-46</Max>
          <Min>-50</Min>
        </Measure>
      </Stats>
    </Log>
    <Log>
      <Stats type="Stats" id="vivarium" generation="179" popsize="200">
        <Item key="processed">100</Item>
        <Item key="total-processed">18100</Item>
        <Measure id="fitness">
          <Avg>-47.055</Avg>
          <Std>1.32694344057</Std>
          <Max>-46</Max>
          <Min>-50</Min>
        </Measure>
      </Stats>
    </Log>
    <Log>Evolving generation 180</Log>
    <Log>Applying main-loop operators to the 1st deme</Log>
    <Log>
      <Stats type="Stats" id="deme0" generation="180" popsize="200">
        <Item key="processed">100</Item>
        <Item key="total-processed">18200</Item>
        <Measure id="fitness">
          <Avg>-47.155</Avg>
          <Std>1.50074520852</Std>
          <Max>-46</Max>
          <Min>-51</Min>
        </Measure>
      </Stats>
    </Log>
    <Log>
      <Stats type="Stats" id="vivarium" generation="180" popsize="200">
        <Item key="processed">100</Item>
        <Item key="total-processed">18200</Item>
        <Measure id="fitness">
          <Avg>-47.155</Avg>
          <Std>1.50074520852</Std>
          <Max>-46</Max>
          <Min>-51</Min>
        </Measure>
      </Stats>
    </Log>
    <Log>Evolving generation 181</Log>
    <Log>Applying main-loop operators to the 1st deme</Log>
    <Log>
      <Stats type="Stats" id="deme0" generation="181" popsize="200">
        <Item key="processed">100</Item>
        <Item key="total-processed">18300</Item>
        <Measure id="fitness">
          <Avg>-47.135</Avg>
          <Std>1.38795066021</Std>
          <Max>-46</Max>
          <Min>-51</Min>
        </Measure>
      </Stats>
    </Log>
    <Log>
      <Stats type="Stats" id="vivarium" generation="181" popsize="200">
        <Item key="processed">100</Item>
        <Item key="total-processed">18300</Item>
        <Measure id="fitness">
          <Avg>-47.135</Avg>
          <Std>1.38795066021</Std>
          <Max>-46</Max>
          <Min>-51</Min>
        </Measure>
      </Stats>
    </Log>
    <Log>Evolving generation 182</Log>
    <Log>Applying main-loop operators to the 1st deme</Log>
    <Log>
      <Stats type="Stats" id="deme0" generation="182" popsize="200">
        <Item key="processed">100</Item>
        <Item key="total-processed">18400</Item>
        <Measure id="fitness">
          <Avg>-47.105</Avg>
          <Std>1.36133802049</Std>
          <Max>-46</Max>
          <Min>-51</Min>
        </Measure>
      </Stats>
    </Log>
    <Log>
      <Stats type="Stats" id="vivarium" generation="182" popsize="200">
        <Item key="processed">100</Item>
        <Item key="total-processed">18400</Item>
        <Measure id="fitness">
          <Avg>-47.105</Avg>
          <Std>1.36133802049</Std>
          <Max>-46</Max>
          <Min>-51</Min>
        </Measure>
      </Stats>
    </Log>
    <Log>Evolving generation 183</Log>
    <Log>Applying main-loop operators to the 1st deme</Log>
    <Log>
      <Stats type="Stats" id="deme0" generation="183" popsize="200">
        <Item key="processed">100</Item>
        <Item key="total-processed">18500</Item>
        <Measure id="fitness">
          <Avg>-46.985</Avg>
          <Std>1.31660252584</Std>
          <Max>-46</Max>
          <Min>-51</Min>
        </Measure>
      </Stats>
    </Log>
    <Log>
      <Stats type="Stats" id="vivarium" generation="183" popsize="200">
        <Item key="processed">100</Item>
        <Item key="total-processed">18500</Item>
        <Measure id="fitness">
          <Avg>-46.985</Avg>
          <Std>1.31660252584</Std>
          <Max>-46</Max>
          <Min>-51</Min>
        </Measure>
      </Stats>
    </Log>
    <Log>Evolving generation 184</Log>
    <Log>Applying main-loop operators to the 1st deme</Log>
    <Log>
      <Stats type="Stats" id="deme0" generation="184" popsize="200">
        <Item key="processed">100</Item>
        <Item key="total-processed">18600</Item>
        <Measure id="fitness">
          <Avg>-47.2</Avg>
          <Std>1.46654484038</Std>
          <Max>-46</Max>
          <Min>-51</Min>
        </Measure>
      </Stats>
    </Log>
    <Log>
      <Stats type="Stats" id="vivarium" generation="184" popsize="200">
        <Item key="processed">100</Item>
        <Item key="total-processed">18600</Item>
        <Measure id="fitness">
          <Avg>-47.2</Avg>
          <Std>1.46654484038</Std>
          <Max>-46</Max>
          <Min>-51</Min>
        </Measure>
      </Stats>
    </Log>
    <Log>Evolving generation 185</Log>
    <Log>Applying main-loop operators to the 1st deme</Log>
    <Log>
      <Stats type="Stats" id="deme0" generation="185" popsize="200">
        <Item key="processed">100</Item>
        <Item key="total-processed">18700</Item>
        <Measure id="fitness">
          <Avg>-47.135</Avg>
          <Std>1.44123585995</Std>
          <Max>-46</Max>
          <Min>-51</Min>
        </Measure>
      </Stats>
    </Log>
    <Log>
      <Stats type="Stats" id="vivarium" generation="185" popsize="200">
        <Item key="processed">100</Item>
        <Item key="total-processed">18700</Item>
        <Measure id="fitness">
          <Avg>-47.135</Avg>
          <Std>1.44123585995</Std>
          <Max>-46</Max>
          <Min>-51</Min>
        </Measure>
      </Stats>
    </Log>
    <Log>Evolving generation 186</Log>
    <Log>Applying main-loop operators to the 1st deme</Log>
    <Log>
      <Stats type="Stats" id="deme0" generation="186" popsize="200">
        <Item key="processed">100</Item>
        <Item key="total-processed">18800</Item>
        <Measure id="fitness">
          <Avg>-47.2</Avg>
          <Std>1.5104327311</Std>
          <Max>-46</Max>
          <Min>-53</Min>
        </Measure>
      </Stats>
    </Log>
    <Log>
      <Stats type="Stats" id="vivarium" generation="186" popsize="200">
        <Item key="processed">100</Item>
        <Item key="total-processed">18800</Item>
        <Measure id="fitness">
          <Avg>-47.2</Avg>
          <Std>1.5104327311</Std>
          <Max>-46</Max>
          <Min>-53</Min>
        </Measure>
      </Stats>
    </Log>
    <Log>Evolving generation 187</Log>
    <Log>Applying main-loop operators to the 1st deme</Log>
    <Log>
      <Stats type="Stats" id="deme0" generation="187" popsize="200">
        <Item key="processed">100</Item>
        <Item key="total-processed">18900</Item>
        <Measure id="fitness">
          <Avg>-47.215</Avg>
          <Std>1.47637168993</Std>
          <Max>-46</Max>
          <Min>-51</Min>
        </Measure>
      </Stats>
    </Log>
    <Log>
      <Stats type="Stats" id="vivarium" generation="187" popsize="200">
        <Item key="processed">100</Item>
        <Item key="total-processed">18900</Item>
        <Measure id="fitness">
          <Avg>-47.215</Avg>
          <Std>1.47637168993</Std>
          <Max>-46</Max>
          <Min>-51</Min>
        </Measure>
      </Stats>
    </Log>
    <Log>Evolving generation 188</Log>
    <Log>Applying main-loop operators to the 1st deme</Log>
    <Log>
      <Stats type="Stats" id="deme0" generation="188" popsize="200">
        <Item key="processed">100</Item>
        <Item key="total-processed">19000</Item>
        <Measure id="fitness">
          <Avg>-47.17</Avg>
          <Std>1.48733345421</Std>
          <Max>-46</Max>
          <Min>-51</Min>
        </Measure>
      </Stats>
    </Log>
    <Log>
      <Stats type="Stats" id="vivarium" generation="188" popsize="200">
        <Item key="processed">100</Item>
        <Item key="total-processed">19000</Item>
        <Measure id="fitness">
          <Avg>-47.17</Avg>
          <Std>1.48733345421</Std>
          <Max>-46</Max>
          <Min>-51</Min>
        </Measure>
      </Stats>
    </Log>
    <Log>Evolving generation 189</Log>
    <Log>Applying main-loop operators to the 1st deme</Log>
    <Log>
      <Stats type="Stats" id="deme0" generation="189" popsize="200">
        <Item key="processed">100</Item>
        <Item key="total-processed">19100</Item>
        <Measure id="fitness">
          <Avg>-47.06</Avg>
          <Std>1.39143106262</Std>
          <Max>-46</Max>
          <Min>-52</Min>
        </Measure>
      </Stats>
    </Log>
    <Log>
      <Stats type="Stats" id="vivarium" generation="189" popsize="200">
        <Item key="processed">100</Item>
        <Item key="total-processed">19100</Item>
        <Measure id="fitness">
          <Avg>-47.06</Avg>
          <Std>1.39143106262</Std>
          <Max>-46</Max>
          <Min>-52</Min>
        </Measure>
      </Stats>
    </Log>
    <Log>Evolving generation 190</Log>
    <Log>Applying main-loop operators to the 1st deme</Log>
    <Log>
      <Stats type="Stats" id="deme0" generation="190" popsize="200">
        <Item key="processed">100</Item>
        <Item key="total-processed">19200</Item>
        <Measure id="fitness">
          <Avg>-47.015</Avg>
          <Std>1.30124602056</Std>
          <Max>-46</Max>
          <Min>-51</Min>
        </Measure>
      </Stats>
    </Log>
    <Log>
      <Stats type="Stats" id="vivarium" generation="190" popsize="200">
        <Item key="processed">100</Item>
        <Item key="total-processed">19200</Item>
        <Measure id="fitness">
          <Avg>-47.015</Avg>
          <Std>1.30124602056</Std>
          <Max>-46</Max>
          <Min>-51</Min>
        </Measure>
      </Stats>
    </Log>
    <Log>Evolving generation 191</Log>
    <Log>Applying main-loop operators to the 1st deme</Log>
    <Log>
      <Stats type="Stats" id="deme0" generation="191" popsize="200">
        <Item key="processed">100</Item>
        <Item key="total-processed">19300</Item>
        <Measure id="fitness">
          <Avg>-47.085</Avg>
          <Std>1.34043231607</Std>
          <Max>-46</Max>
          <Min>-51</Min>
        </Measure>
      </Stats>
    </Log>
    <Log>
      <Stats type="Stats" id="vivarium" generation="191" popsize="200">
        <Item key="processed">100</Item>
        <Item key="total-processed">19300</Item>
        <Measure id="fitness">
          <Avg>-47.085</Avg>
          <Std>1.34043231607</Std>
          <Max>-46</Max>
          <Min>-51</Min>
        </Measure>
      </Stats>
    </Log>
    <Log>Evolving generation 192</Log>
    <Log>Applying main-loop operators to the 1st deme</Log>
    <Log>
      <Stats type="Stats" id="deme0" generation="192" popsize="200">
        <Item key="processed">100</Item>
        <Item key="total-processed">19400</Item>
        <Measure id="fitness">
          <Avg>-47.06</Avg>
          <Std>1.39503786804</Std>
          <Max>-46</Max>
          <Min>-52</Min>
        </Measure>
      </Stats>
    </Log>
    <Log>
      <Stats type="Stats" id="vivarium" generation="192" popsize="200">
        <Item key="processed">100</Item>
        <Item key="total-processed">19400</Item>
        <Measure id="fitness">
          <Avg>-47.06</Avg>
          <Std>1.39503786804</Std>
          <Max>-46</Max>
          <Min>-52</Min>
        </Measure>
      </Stats>
    </Log>
    <Log>Evolving generation 193</Log>
    <Log>Applying main-loop operators to the 1st deme</Log>
    <Log>
      <Stats type="Stats" id="deme0" generation="193" popsize="200">
        <Item key="processed">100</Item>
        <Item key="total-processed">19500</Item>
        <Measure id="fitness">
          <Avg>-47.05</Avg>
          <Std>1.35894579301</Std>
          <Max>-46</Max>
          <Min>-50</Min>
        </Measure>
      </Stats>
    </Log>
    <Log>
      <Stats type="Stats" id="vivarium" generation="193" popsize="200">
        <Item key="processed">100</Item>
        <Item key="total-processed">19500</Item>
        <Measure id="fitness">
          <Avg>-47.05</Avg>
          <Std>1.35894579301</Std>
          <Max>-46</Max>
          <Min>-50</Min>
        </Measure>
      </Stats>
    </Log>
    <Log>Evolving generation 194</Log>
    <Log>Applying main-loop operators to the 1st deme</Log>
    <Log>
      <Stats type="Stats" id="deme0" generation="194" popsize="200">
        <Item key="processed">100</Item>
        <Item key="total-processed">19600</Item>
        <Measure id="fitness">
          <Avg>-47.185</Avg>
          <Std>1.47023226552</Std>
          <Max>-46</Max>
          <Min>-51</Min>
        </Measure>
      </Stats>
    </Log>
    <Log>
      <Stats type="Stats" id="vivarium" generation="194" popsize="200">
        <Item key="processed">100</Item>
        <Item key="total-processed">19600</Item>
        <Measure id="fitness">
          <Avg>-47.185</Avg>
          <Std>1.47023226552</Std>
          <Max>-46</Max>
          <Min>-51</Min>
        </Measure>
      </Stats>
    </Log>
    <Log>Evolving generation 195</Log>
    <Log>Applying main-loop operators to the 1st deme</Log>
    <Log>
      <Stats type="Stats" id="deme0" generation="195" popsize="200">
        <Item key="processed">100</Item>
        <Item key="total-processed">19700</Item>
        <Measure id="fitness">
          <Avg>-47.025</Avg>
          <Std>1.35778973513</Std>
          <Max>-46</Max>
          <Min>-51</Min>
        </Measure>
      </Stats>
    </Log>
    <Log>
      <Stats type="Stats" id="vivarium" generation="195" popsize="200">
        <Item key="processed">100</Item>
        <Item key="total-processed">19700</Item>
        <Measure id="fitness">
          <Avg>-47.025</Avg>
          <Std>1.35778973513</Std>
          <Max>-46</Max>
          <Min>-51</Min>
        </Measure>
      </Stats>
    </Log>
    <Log>Evolving generation 196</Log>
    <Log>Applying main-loop operators to the 1st deme</Log>
    <Log>
      <Stats type="Stats" id="deme0" generation="196" popsize="200">
        <Item key="processed">100</Item>
        <Item key="total-processed">19800</Item>
        <Measure id="fitness">
          <Avg>-47.05</Avg>
          <Std>1.38821312427</Std>
          <Max>-46</Max>
          <Min>-51</Min>
        </Measure>
      </Stats>
    </Log>
    <Log>
      <Stats type="Stats" id="vivarium" generation="196" popsize="200">
        <Item key="processed">100</Item>
        <Item key="total-processed">19800</Item>
        <Measure id="fitness">
          <Avg>-47.05</Avg>
          <Std>1.38821312427</Std>
          <Max>-46</Max>
          <Min>-51</Min>
        </Measure>
      </Stats>
    </Log>
    <Log>Evolving generation 197</Log>
    <Log>Applying main-loop operators to the 1st deme</Log>
    <Log>
      <Stats type="Stats" id="deme0" generation="197" popsize="200">
        <Item key="processed">100</Item>
        <Item key="total-processed">19900</Item>
        <Measure id="fitness">
          <Avg>-47.135</Avg>
          <Std>1.37339216182</Std>
          <Max>-46</Max>
          <Min>-50</Min>
        </Measure>
      </Stats>
    </Log>
    <Log>
      <Stats type="Stats" id="vivarium" generation="197" popsize="200">
        <Item key="processed">100</Item>
        <Item key="total-processed">19900</Item>
        <Measure id="fitness">
          <Avg>-47.135</Avg>
          <Std>1.37339216182</Std>
          <Max>-46</Max>
          <Min>-50</Min>
        </Measure>
      </Stats>
    </Log>
    <Log>Evolving generation 198</Log>
    <Log>Applying main-loop operators to the 1st deme</Log>
    <Log>
      <Stats type="Stats" id="deme0" generation="198" popsize="200">
        <Item key="processed">100</Item>
        <Item key="total-processed">20000</Item>
        <Measure id="fitness">
          <Avg>-47.18</Avg>
          <Std>1.4793724053</Std>
          <Max>-46</Max>
          <Min>-52</Min>
        </Measure>
      </Stats>
    </Log>
    <Log>
      <Stats type="Stats" id="vivarium" generation="198" popsize="200">
        <Item key="processed">100</Item>
        <Item key="total-processed">20000</Item>
        <Measure id="fitness">
          <Avg>-47.18</Avg>
          <Std>1.4793724053</Std>
          <Max>-46</Max>
          <Min>-52</Min>
        </Measure>
      </Stats>
    </Log>
    <Log>Evolving generation 199</Log>
    <Log>Applying main-loop operators to the 1st deme</Log>
    <Log>
      <Stats type="Stats" id="deme0" generation="199" popsize="200">
        <Item key="processed">100</Item>
        <Item key="total-processed">20100</Item>
        <Measure id="fitness">
          <Avg>-47.06</Avg>
          <Std>1.46531077877</Std>
          <Max>-46</Max>
          <Min>-51</Min>
        </Measure>
      </Stats>
    </Log>
    <Log>
      <Stats type="Stats" id="vivarium" generation="199" popsize="200">
        <Item key="processed">100</Item>
        <Item key="total-processed">20100</Item>
        <Measure id="fitness">
          <Avg>-47.06</Avg>
          <Std>1.46531077877</Std>
          <Max>-46</Max>
          <Min>-51</Min>
        </Measure>
      </Stats>
    </Log>
    <Log>Evolving generation 200</Log>
    <Log>Applying main-loop operators to the 1st deme</Log>
    <Log>
      <Stats type="Stats" id="deme0" generation="200" popsize="200">
        <Item key="processed">100</Item>
        <Item key="total-processed">20200</Item>
        <Measure id="fitness">
          <Avg>-47.135</Avg>
          <Std>1.44819242732</Std>
          <Max>-46</Max>
          <Min>-51</Min>
        </Measure>
      </Stats>
    </Log>
    <Log>
      <Stats type="Stats" id="vivarium" generation="200" popsize="200">
        <Item key="processed">100</Item>
        <Item key="total-processed">20200</Item>
        <Measure id="fitness">
          <Avg>-47.135</Avg>
          <Std>1.44819242732</Std>
          <Max>-46</Max>
          <Min>-51</Min>
        </Measure>
      </Stats>
    </Log>
    <Log>Evolving generation 201</Log>
    <Log>Applying main-loop operators to the 1st deme</Log>
    <Log>
      <Stats type="Stats" id="deme0" generation="201" popsize="200">
        <Item key="processed">100</Item>
        <Item key="total-processed">20300</Item>
        <Measure id="fitness">
          <Avg>-47.085</Avg>
          <Std>1.37009518064</Std>
          <Max>-46</Max>
          <Min>-52</Min>
        </Measure>
      </Stats>
    </Log>
    <Log>
      <Stats type="Stats" id="vivarium" generation="201" popsize="200">
        <Item key="processed">100</Item>
        <Item key="total-processed">20300</Item>
        <Measure id="fitness">
          <Avg>-47.085</Avg>
          <Std>1.37009518064</Std>
          <Max>-46</Max>
          <Min>-52</Min>
        </Measure>
      </Stats>
    </Log>
    <Log>Evolving generation 202</Log>
    <Log>Applying main-loop operators to the 1st deme</Log>
    <Log>
      <Stats type="Stats" id="deme0" generation="202" popsize="200">
        <Item key="processed">100</Item>
        <Item key="total-processed">20400</Item>
        <Measure id="fitness">
          <Avg>-47.095</Avg>
          <Std>1.40565083551</Std>
          <Max>-46</Max>
          <Min>-51</Min>
        </Measure>
      </Stats>
    </Log>
    <Log>
      <Stats type="Stats" id="vivarium" generation="202" popsize="200">
        <Item key="processed">100</Item>
        <Item key="total-processed">20400</Item>
        <Measure id="fitness">
          <Avg>-47.095</Avg>
          <Std>1.40565083551</Std>
          <Max>-46</Max>
          <Min>-51</Min>
        </Measure>
      </Stats>
    </Log>
    <Log>Evolving generation 203</Log>
    <Log>Applying main-loop operators to the 1st deme</Log>
    <Log>
      <Stats type="Stats" id="deme0" generation="203" popsize="200">
        <Item key="processed">100</Item>
        <Item key="total-processed">20500</Item>
        <Measure id="fitness">
          <Avg>-47.04</Avg>
          <Std>1.37398660691</Std>
          <Max>-46</Max>
          <Min>-51</Min>
        </Measure>
      </Stats>
    </Log>
    <Log>
      <Stats type="Stats" id="vivarium" generation="203" popsize="200">
        <Item key="processed">100</Item>
        <Item key="total-processed">20500</Item>
        <Measure id="fitness">
          <Avg>-47.04</Avg>
          <Std>1.37398660691</Std>
          <Max>-46</Max>
          <Min>-51</Min>
        </Measure>
      </Stats>
    </Log>
    <Log>Evolving generation 204</Log>
    <Log>Applying main-loop operators to the 1st deme</Log>
    <Log>
      <Stats type="Stats" id="deme0" generation="204" popsize="200">
        <Item key="processed">100</Item>
        <Item key="total-processed">20600</Item>
        <Measure id="fitness">
          <Avg>-47.235</Avg>
          <Std>1.51699749737</Std>
          <Max>-46</Max>
          <Min>-51</Min>
        </Measure>
      </Stats>
    </Log>
    <Log>
      <Stats type="Stats" id="vivarium" generation="204" popsize="200">
        <Item key="processed">100</Item>
        <Item key="total-processed">20600</Item>
        <Measure id="fitness">
          <Avg>-47.235</Avg>
          <Std>1.51699749737</Std>
          <Max>-46</Max>
          <Min>-51</Min>
        </Measure>
      </Stats>
    </Log>
    <Log>Evolving generation 205</Log>
    <Log>Applying main-loop operators to the 1st deme</Log>
    <Log>
      <Stats type="Stats" id="deme0" generation="205" popsize="200">
        <Item key="processed">100</Item>
        <Item key="total-processed">20700</Item>
        <Measure id="fitness">
          <Avg>-47.065</Avg>
          <Std>1.43564633598</Std>
          <Max>-46</Max>
          <Min>-51</Min>
        </Measure>
      </Stats>
    </Log>
    <Log>
      <Stats type="Stats" id="vivarium" generation="205" popsize="200">
        <Item key="processed">100</Item>
        <Item key="total-processed">20700</Item>
        <Measure id="fitness">
          <Avg>-47.065</Avg>
          <Std>1.43564633598</Std>
          <Max>-46</Max>
          <Min>-51</Min>
        </Measure>
      </Stats>
    </Log>
    <Log>Evolving generation 206</Log>
    <Log>Applying main-loop operators to the 1st deme</Log>
    <Log>
      <Stats type="Stats" id="deme0" generation="206" popsize="200">
        <Item key="processed">100</Item>
        <Item key="total-processed">20800</Item>
        <Measure id="fitness">
          <Avg>-47.09</Avg>
          <Std>1.4637667387</Std>
          <Max>-46</Max>
          <Min>-51</Min>
        </Measure>
      </Stats>
    </Log>
    <Log>
      <Stats type="Stats" id="vivarium" generation="206" popsize="200">
        <Item key="processed">100</Item>
        <Item key="total-processed">20800</Item>
        <Measure id="fitness">
          <Avg>-47.09</Avg>
          <Std>1.4637667387</Std>
          <Max>-46</Max>
          <Min>-51</Min>
        </Measure>
      </Stats>
    </Log>
    <Log>Evolving generation 207</Log>
    <Log>Applying main-loop operators to the 1st deme</Log>
    <Log>
      <Stats type="Stats" id="deme0" generation="207" popsize="200">
        <Item key="processed">100</Item>
        <Item key="total-processed">20900</Item>
        <Measure id="fitness">
          <Avg>-47.14</Avg>
          <Std>1.40365638825</Std>
          <Max>-46</Max>
          <Min>-51</Min>
        </Measure>
      </Stats>
    </Log>
    <Log>
      <Stats type="Stats" id="vivarium" generation="207" popsize="200">
        <Item key="processed">100</Item>
        <Item key="total-processed">20900</Item>
        <Measure id="fitness">
          <Avg>-47.14</Avg>
          <Std>1.40365638825</Std>
          <Max>-46</Max>
          <Min>-51</Min>
        </Measure>
      </Stats>
    </Log>
    <Log>Evolving generation 208</Log>
    <Log>Applying main-loop operators to the 1st deme</Log>
    <Log>
      <Stats type="Stats" id="deme0" generation="208" popsize="200">
        <Item key="processed">100</Item>
        <Item key="total-processed">21000</Item>
        <Measure id="fitness">
          <Avg>-47.155</Avg>
          <Std>1.45311137334</Std>
          <Max>-46</Max>
          <Min>-51</Min>
        </Measure>
      </Stats>
    </Log>
    <Log>
      <Stats type="Stats" id="vivarium" generation="208" popsize="200">
        <Item key="processed">100</Item>
        <Item key="total-processed">21000</Item>
        <Measure id="fitness">
          <Avg>-47.155</Avg>
          <Std>1.45311137334</Std>
          <Max>-46</Max>
          <Min>-51</Min>
        </Measure>
      </Stats>
    </Log>
    <Log>Evolving generation 209</Log>
    <Log>Applying main-loop operators to the 1st deme</Log>
    <Log>
      <Stats type="Stats" id="deme0" generation="209" popsize="200">
        <Item key="processed">100</Item>
        <Item key="total-processed">21100</Item>
        <Measure id="fitness">
          <Avg>-47.135</Avg>
          <Std>1.40235802854</Std>
          <Max>-46</Max>
          <Min>-52</Min>
        </Measure>
      </Stats>
    </Log>
    <Log>
      <Stats type="Stats" id="vivarium" generation="209" popsize="200">
        <Item key="processed">100</Item>
        <Item key="total-processed">21100</Item>
        <Measure id="fitness">
          <Avg>-47.135</Avg>
          <Std>1.40235802854</Std>
          <Max>-46</Max>
          <Min>-52</Min>
        </Measure>
      </Stats>
    </Log>
    <Log>Evolving generation 210</Log>
    <Log>Applying main-loop operators to the 1st deme</Log>
    <Log>
      <Stats type="Stats" id="deme0" generation="210" popsize="200">
        <Item key="processed">100</Item>
        <Item key="total-processed">21200</Item>
        <Measure id="fitness">
          <Avg>-47.195</Avg>
          <Std>1.49268736777</Std>
          <Max>-46</Max>
          <Min>-52</Min>
        </Measure>
      </Stats>
    </Log>
    <Log>
      <Stats type="Stats" id="vivarium" generation="210" popsize="200">
        <Item key="processed">100</Item>
        <Item key="total-processed">21200</Item>
        <Measure id="fitness">
          <Avg>-47.195</Avg>
          <Std>1.49268736777</Std>
          <Max>-46</Max>
          <Min>-52</Min>
        </Measure>
      </Stats>
    </Log>
    <Log>Evolving generation 211</Log>
    <Log>Applying main-loop operators to the 1st deme</Log>
    <Log>
      <Stats type="Stats" id="deme0" generation="211" popsize="200">
        <Item key="processed">100</Item>
        <Item key="total-processed">21300</Item>
        <Measure id="fitness">
          <Avg>-47.145</Avg>
          <Std>1.42623480838</Std>
          <Max>-46</Max>
          <Min>-52</Min>
        </Measure>
      </Stats>
    </Log>
    <Log>
      <Stats type="Stats" id="vivarium" generation="211" popsize="200">
        <Item key="processed">100</Item>
        <Item key="total-processed">21300</Item>
        <Measure id="fitness">
          <Avg>-47.145</Avg>
          <Std>1.42623480838</Std>
          <Max>-46</Max>
          <Min>-52</Min>
        </Measure>
      </Stats>
    </Log>
    <Log>Evolving generation 212</Log>
    <Log>Applying main-loop operators to the 1st deme</Log>
    <Log>
      <Stats type="Stats" id="deme0" generation="212" popsize="200">
        <Item key="processed">100</Item>
        <Item key="total-processed">21400</Item>
        <Measure id="fitness">
          <Avg>-47.115</Avg>
          <Std>1.39337088101</Std>
          <Max>-46</Max>
          <Min>-51</Min>
        </Measure>
      </Stats>
    </Log>
    <Log>
      <Stats type="Stats" id="vivarium" generation="212" popsize="200">
        <Item key="processed">100</Item>
        <Item key="total-processed">21400</Item>
        <Measure id="fitness">
          <Avg>-47.115</Avg>
          <Std>1.39337088101</Std>
          <Max>-46</Max>
          <Min>-51</Min>
        </Measure>
      </Stats>
    </Log>
    <Log>Evolving generation 213</Log>
    <Log>Applying main-loop operators to the 1st deme</Log>
    <Log>
      <Stats type="Stats" id="deme0" generation="213" popsize="200">
        <Item key="processed">100</Item>
        <Item key="total-processed">21500</Item>
        <Measure id="fitness">
          <Avg>-47.185</Avg>
          <Std>1.46338047413</Std>
          <Max>-46</Max>
          <Min>-51</Min>
        </Measure>
      </Stats>
    </Log>
    <Log>
      <Stats type="Stats" id="vivarium" generation="213" popsize="200">
        <Item key="processed">100</Item>
        <Item key="total-processed">21500</Item>
        <Measure id="fitness">
          <Avg>-47.185</Avg>
          <Std>1.46338047413</Std>
          <Max>-46</Max>
          <Min>-51</Min>
        </Measure>
      </Stats>
    </Log>
    <Log>Evolving generation 214</Log>
    <Log>Applying main-loop operators to the 1st deme</Log>
    <Log>
      <Stats type="Stats" id="deme0" generation="214" popsize="200">
        <Item key="processed">100</Item>
        <Item key="total-processed">21600</Item>
        <Measure id="fitness">
          <Avg>-47.08</Avg>
          <Std>1.36119958919</Std>
          <Max>-46</Max>
          <Min>-50</Min>
        </Measure>
      </Stats>
    </Log>
    <Log>
      <Stats type="Stats" id="vivarium" generation="214" popsize="200">
        <Item key="processed">100</Item>
        <Item key="total-processed">21600</Item>
        <Measure id="fitness">
          <Avg>-47.08</Avg>
          <Std>1.36119958919</Std>
          <Max>-46</Max>
          <Min>-50</Min>
        </Measure>
      </Stats>
    </Log>
    <Log>Evolving generation 215</Log>
    <Log>Applying main-loop operators to the 1st deme</Log>
    <Log>
      <Stats type="Stats" id="deme0" generation="215" popsize="200">
        <Item key="processed">100</Item>
        <Item key="total-processed">21700</Item>
        <Measure id="fitness">
          <Avg>-47.175</Avg>
          <Std>1.4918118221</Std>
          <Max>-46</Max>
          <Min>-51</Min>
        </Measure>
      </Stats>
    </Log>
    <Log>
      <Stats type="Stats" id="vivarium" generation="215" popsize="200">
        <Item key="processed">100</Item>
        <Item key="total-processed">21700</Item>
        <Measure id="fitness">
          <Avg>-47.175</Avg>
          <Std>1.4918118221</Std>
          <Max>-46</Max>
          <Min>-51</Min>
        </Measure>
      </Stats>
    </Log>
    <Log>Evolving generation 216</Log>
    <Log>Applying main-loop operators to the 1st deme</Log>
    <Log>
      <Stats type="Stats" id="deme0" generation="216" popsize="200">
        <Item key="processed">100</Item>
        <Item key="total-processed">21800</Item>
        <Measure id="fitness">
          <Avg>-47.04</Avg>
          <Std>1.41008570964</Std>
          <Max>-46</Max>
          <Min>-51</Min>
        </Measure>
      </Stats>
    </Log>
    <Log>
      <Stats type="Stats" id="vivarium" generation="216" popsize="200">
        <Item key="processed">100</Item>
        <Item key="total-processed">21800</Item>
        <Measure id="fitness">
          <Avg>-47.04</Avg>
          <Std>1.41008570964</Std>
          <Max>-46</Max>
          <Min>-51</Min>
        </Measure>
      </Stats>
    </Log>
    <Log>Evolving generation 217</Log>
    <Log>Applying main-loop operators to the 1st deme</Log>
    <Log>
      <Stats type="Stats" id="deme0" generation="217" popsize="200">
        <Item key="processed">100</Item>
        <Item key="total-processed">21900</Item>
        <Measure id="fitness">
          <Avg>-47.16</Avg>
          <Std>1.45774659171</Std>
          <Max>-46</Max>
          <Min>-52</Min>
        </Measure>
      </Stats>
    </Log>
    <Log>
      <Stats type="Stats" id="vivarium" generation="217" popsize="200">
        <Item key="processed">100</Item>
        <Item key="total-processed">21900</Item>
        <Measure id="fitness">
          <Avg>-47.16</Avg>
          <Std>1.45774659171</Std>
          <Max>-46</Max>
          <Min>-52</Min>
        </Measure>
      </Stats>
    </Log>
    <Log>Evolving generation 218</Log>
    <Log>Applying main-loop operators to the 1st deme</Log>
    <Log>
      <Stats type="Stats" id="deme0" generation="218" popsize="200">
        <Item key="processed">100</Item>
        <Item key="total-processed">22000</Item>
        <Measure id="fitness">
          <Avg>-47.035</Avg>
          <Std>1.33517356258</Std>
          <Max>-46</Max>
          <Min>-50</Min>
        </Measure>
      </Stats>
    </Log>
    <Log>
      <Stats type="Stats" id="vivarium" generation="218" popsize="200">
        <Item key="processed">100</Item>
        <Item key="total-processed">22000</Item>
        <Measure id="fitness">
          <Avg>-47.035</Avg>
          <Std>1.33517356258</Std>
          <Max>-46</Max>
          <Min>-50</Min>
        </Measure>
      </Stats>
    </Log>
    <Log>Evolving generation 219</Log>
    <Log>Applying main-loop operators to the 1st deme</Log>
    <Log>
      <Stats type="Stats" id="deme0" generation="219" popsize="200">
        <Item key="processed">100</Item>
        <Item key="total-processed">22100</Item>
        <Measure id="fitness">
          <Avg>-47.065</Avg>
          <Std>1.3930101891</Std>
          <Max>-46</Max>
          <Min>-51</Min>
        </Measure>
      </Stats>
    </Log>
    <Log>
      <Stats type="Stats" id="vivarium" generation="219" popsize="200">
        <Item key="processed">100</Item>
        <Item key="total-processed">22100</Item>
        <Measure id="fitness">
          <Avg>-47.065</Avg>
          <Std>1.3930101891</Std>
          <Max>-46</Max>
          <Min>-51</Min>
        </Measure>
      </Stats>
    </Log>
    <Log>Evolving generation 220</Log>
    <Log>Applying main-loop operators to the 1st deme</Log>
    <Log>
      <Stats type="Stats" id="deme0" generation="220" popsize="200">
        <Item key="processed">100</Item>
        <Item key="total-processed">22200</Item>
        <Measure id="fitness">
          <Avg>-47.16</Avg>
          <Std>1.46805172913</Std>
          <Max>-46</Max>
          <Min>-51</Min>
        </Measure>
      </Stats>
    </Log>
    <Log>
      <Stats type="Stats" id="vivarium" generation="220" popsize="200">
        <Item key="processed">100</Item>
        <Item key="total-processed">22200</Item>
        <Measure id="fitness">
          <Avg>-47.16</Avg>
          <Std>1.46805172913</Std>
          <Max>-46</Max>
          <Min>-51</Min>
        </Measure>
      </Stats>
    </Log>
    <Log>Evolving generation 221</Log>
    <Log>Applying main-loop operators to the 1st deme</Log>
    <Log>
      <Stats type="Stats" id="deme0" generation="221" popsize="200">
        <Item key="processed">100</Item>
        <Item key="total-processed">22300</Item>
        <Measure id="fitness">
          <Avg>-47.155</Avg>
          <Std>1.42164707365</Std>
          <Max>-46</Max>
          <Min>-51</Min>
        </Measure>
      </Stats>
    </Log>
    <Log>
      <Stats type="Stats" id="vivarium" generation="221" popsize="200">
        <Item key="processed">100</Item>
        <Item key="total-processed">22300</Item>
        <Measure id="fitness">
          <Avg>-47.155</Avg>
          <Std>1.42164707365</Std>
          <Max>-46</Max>
          <Min>-51</Min>
        </Measure>
      </Stats>
    </Log>
    <Log>Evolving generation 222</Log>
    <Log>Applying main-loop operators to the 1st deme</Log>
    <Log>
      <Stats type="Stats" id="deme0" generation="222" popsize="200">
        <Item key="processed">100</Item>
        <Item key="total-processed">22400</Item>
        <Measure id="fitness">
          <Avg>-47.185</Avg>
          <Std>1.52063693346</Std>
          <Max>-46</Max>
          <Min>-51</Min>
        </Measure>
      </Stats>
    </Log>
    <Log>
      <Stats type="Stats" id="vivarium" generation="222" popsize="200">
        <Item key="processed">100</Item>
        <Item key="total-processed">22400</Item>
        <Measure id="fitness">
          <Avg>-47.185</Avg>
          <Std>1.52063693346</Std>
          <Max>-46</Max>
          <Min>-51</Min>
        </Measure>
      </Stats>
    </Log>
    <Log>Evolving generation 223</Log>
    <Log>Applying main-loop operators to the 1st deme</Log>
    <Log>
      <Stats type="Stats" id="deme0" generation="223" popsize="200">
        <Item key="processed">100</Item>
        <Item key="total-processed">22500</Item>
        <Measure id="fitness">
          <Avg>-47.07</Avg>
          <Std>1.38734408785</Std>
          <Max>-46</Max>
          <Min>-51</Min>
        </Measure>
      </Stats>
    </Log>
    <Log>
      <Stats type="Stats" id="vivarium" generation="223" popsize="200">
        <Item key="processed">100</Item>
        <Item key="total-processed">22500</Item>
        <Measure id="fitness">
          <Avg>-47.07</Avg>
          <Std>1.38734408785</Std>
          <Max>-46</Max>
          <Min>-51</Min>
        </Measure>
      </Stats>
    </Log>
    <Log>Evolving generation 224</Log>
    <Log>Applying main-loop operators to the 1st deme</Log>
    <Log>
      <Stats type="Stats" id="deme0" generation="224" popsize="200">
        <Item key="processed">100</Item>
        <Item key="total-processed">22600</Item>
        <Measure id="fitness">
          <Avg>-47.115</Avg>
          <Std>1.39697267809</Std>
          <Max>-46</Max>
          <Min>-52</Min>
        </Measure>
      </Stats>
    </Log>
    <Log>
      <Stats type="Stats" id="vivarium" generation="224" popsize="200">
        <Item key="processed">100</Item>
        <Item key="total-processed">22600</Item>
        <Measure id="fitness">
          <Avg>-47.115</Avg>
          <Std>1.39697267809</Std>
          <Max>-46</Max>
          <Min>-52</Min>
        </Measure>
      </Stats>
    </Log>
    <Log>Evolving generation 225</Log>
    <Log>Applying main-loop operators to the 1st deme</Log>
    <Log>
      <Stats type="Stats" id="deme0" generation="225" popsize="200">
        <Item key="processed">100</Item>
        <Item key="total-processed">22700</Item>
        <Measure id="fitness">
          <Avg>-47.115</Avg>
          <Std>1.4219298232</Std>
          <Max>-46</Max>
          <Min>-52</Min>
        </Measure>
      </Stats>
    </Log>
    <Log>
      <Stats type="Stats" id="vivarium" generation="225" popsize="200">
        <Item key="processed">100</Item>
        <Item key="total-processed">22700</Item>
        <Measure id="fitness">
          <Avg>-47.115</Avg>
          <Std>1.4219298232</Std>
          <Max>-46</Max>
          <Min>-52</Min>
        </Measure>
      </Stats>
    </Log>
    <Log>Evolving generation 226</Log>
    <Log>Applying main-loop operators to the 1st deme</Log>
    <Log>
      <Stats type="Stats" id="deme0" generation="226" popsize="200">
        <Item key="processed">100</Item>
        <Item key="total-processed">22800</Item>
        <Measure id="fitness">
          <Avg>-47.175</Avg>
          <Std>1.51520766608</Std>
          <Max>-46</Max>
          <Min>-52</Min>
        </Measure>
      </Stats>
    </Log>
    <Log>
      <Stats type="Stats" id="vivarium" generation="226" popsize="200">
        <Item key="processed">100</Item>
        <Item key="total-processed">22800</Item>
        <Measure id="fitness">
          <Avg>-47.175</Avg>
          <Std>1.51520766608</Std>
          <Max>-46</Max>
          <Min>-52</Min>
        </Measure>
      </Stats>
    </Log>
    <Log>Evolving generation 227</Log>
    <Log>Applying main-loop operators to the 1st deme</Log>
    <Log>
      <Stats type="Stats" id="deme0" generation="227" popsize="200">
        <Item key="processed">100</Item>
        <Item key="total-processed">22900</Item>
        <Measure id="fitness">
          <Avg>-47.095</Avg>
          <Std>1.4163350681</Std>
          <Max>-46</Max>
          <Min>-51</Min>
        </Measure>
      </Stats>
    </Log>
    <Log>
      <Stats type="Stats" id="vivarium" generation="227" popsize="200">
        <Item key="processed">100</Item>
        <Item key="total-processed">22900</Item>
        <Measure id="fitness">
          <Avg>-47.095</Avg>
          <Std>1.4163350681</Std>
          <Max>-46</Max>
          <Min>-51</Min>
        </Measure>
      </Stats>
    </Log>
    <Log>Evolving generation 228</Log>
    <Log>Applying main-loop operators to the 1st deme</Log>
    <Log>
      <Stats type="Stats" id="deme0" generation="228" popsize="200">
        <Item key="processed">100</Item>
        <Item key="total-processed">23000</Item>
        <Measure id="fitness">
          <Avg>-47.075</Avg>
          <Std>1.32974286251</Std>
          <Max>-46</Max>
          <Min>-51</Min>
        </Measure>
      </Stats>
    </Log>
    <Log>
      <Stats type="Stats" id="vivarium" generation="228" popsize="200">
        <Item key="processed">100</Item>
        <Item key="total-processed">23000</Item>
        <Measure id="fitness">
          <Avg>-47.075</Avg>
          <Std>1.32974286251</Std>
          <Max>-46</Max>
          <Min>-51</Min>
        </Measure>
      </Stats>
    </Log>
    <Log>Evolving generation 229</Log>
    <Log>Applying main-loop operators to the 1st deme</Log>
    <Log>
      <Stats type="Stats" id="deme0" generation="229" popsize="200">
        <Item key="processed">100</Item>
        <Item key="total-processed">23100</Item>
        <Measure id="fitness">
          <Avg>-47.05</Avg>
          <Std>1.32524767762</Std>
          <Max>-46</Max>
          <Min>-51</Min>
        </Measure>
      </Stats>
    </Log>
    <Log>
      <Stats type="Stats" id="vivarium" generation="229" popsize="200">
        <Item key="processed">100</Item>
        <Item key="total-processed">23100</Item>
        <Measure id="fitness">
          <Avg>-47.05</Avg>
          <Std>1.32524767762</Std>
          <Max>-46</Max>
          <Min>-51</Min>
        </Measure>
      </Stats>
    </Log>
    <Log>Evolving generation 230</Log>
    <Log>Applying main-loop operators to the 1st deme</Log>
    <Log>
      <Stats type="Stats" id="deme0" generation="230" popsize="200">
        <Item key="processed">100</Item>
        <Item key="total-processed">23200</Item>
        <Measure id="fitness">
          <Avg>-47.095</Avg>
          <Std>1.38403495759</Std>
          <Max>-46</Max>
          <Min>-52</Min>
        </Measure>
      </Stats>
    </Log>
    <Log>
      <Stats type="Stats" id="vivarium" generation="230" popsize="200">
        <Item key="processed">100</Item>
        <Item key="total-processed">23200</Item>
        <Measure id="fitness">
          <Avg>-47.095</Avg>
          <Std>1.38403495759</Std>
          <Max>-46</Max>
          <Min>-52</Min>
        </Measure>
      </Stats>
    </Log>
    <Log>Evolving generation 231</Log>
    <Log>Applying main-loop operators to the 1st deme</Log>
    <Log>
      <Stats type="Stats" id="deme0" generation="231" popsize="200">
        <Item key="processed">100</Item>
        <Item key="total-processed">23300</Item>
        <Measure id="fitness">
          <Avg>-47.13</Avg>
          <Std>1.40819568078</Std>
          <Max>-46</Max>
          <Min>-50</Min>
        </Measure>
      </Stats>
    </Log>
    <Log>
      <Stats type="Stats" id="vivarium" generation="231" popsize="200">
        <Item key="processed">100</Item>
        <Item key="total-processed">23300</Item>
        <Measure id="fitness">
          <Avg>-47.13</Avg>
          <Std>1.40819568078</Std>
          <Max>-46</Max>
          <Min>-50</Min>
        </Measure>
      </Stats>
    </Log>
    <Log>Evolving generation 232</Log>
    <Log>Applying main-loop operators to the 1st deme</Log>
    <Log>
      <Stats type="Stats" id="deme0" generation="232" popsize="200">
        <Item key="processed">100</Item>
        <Item key="total-processed">23400</Item>
        <Measure id="fitness">
          <Avg>-47.01</Avg>
          <Std>1.29936203906</Std>
          <Max>-46</Max>
          <Min>-52</Min>
        </Measure>
      </Stats>
    </Log>
    <Log>
      <Stats type="Stats" id="vivarium" generation="232" popsize="200">
        <Item key="processed">100</Item>
        <Item key="total-processed">23400</Item>
        <Measure id="fitness">
          <Avg>-47.01</Avg>
          <Std>1.29936203906</Std>
          <Max>-46</Max>
          <Min>-52</Min>
        </Measure>
      </Stats>
    </Log>
    <Log>Evolving generation 233</Log>
    <Log>Applying main-loop operators to the 1st deme</Log>
    <Log>
      <Stats type="Stats" id="deme0" generation="233" popsize="200">
        <Item key="processed">100</Item>
        <Item key="total-processed">23500</Item>
        <Measure id="fitness">
          <Avg>-46.985</Avg>
          <Std>1.2460087032</Std>
          <Max>-46</Max>
          <Min>-51</Min>
        </Measure>
      </Stats>
    </Log>
    <Log>
      <Stats type="Stats" id="vivarium" generation="233" popsize="200">
        <Item key="processed">100</Item>
        <Item key="total-processed">23500</Item>
        <Measure id="fitness">
          <Avg>-46.985</Avg>
          <Std>1.2460087032</Std>
          <Max>-46</Max>
          <Min>-51</Min>
        </Measure>
      </Stats>
    </Log>
    <Log>Evolving generation 234</Log>
    <Log>Applying main-loop operators to the 1st deme</Log>
    <Log>
      <Stats type="Stats" id="deme0" generation="234" popsize="200">
        <Item key="processed">100</Item>
        <Item key="total-processed">23600</Item>
        <Measure id="fitness">
          <Avg>-47.215</Avg>
          <Std>1.49329321405</Std>
          <Max>-46</Max>
          <Min>-52</Min>
        </Measure>
      </Stats>
    </Log>
    <Log>
      <Stats type="Stats" id="vivarium" generation="234" popsize="200">
        <Item key="processed">100</Item>
        <Item key="total-processed">23600</Item>
        <Measure id="fitness">
          <Avg>-47.215</Avg>
          <Std>1.49329321405</Std>
          <Max>-46</Max>
          <Min>-52</Min>
        </Measure>
      </Stats>
    </Log>
    <Log>Evolving generation 235</Log>
    <Log>Applying main-loop operators to the 1st deme</Log>
    <Log>
      <Stats type="Stats" id="deme0" generation="235" popsize="200">
        <Item key="processed">100</Item>
        <Item key="total-processed">23700</Item>
        <Measure id="fitness">
          <Avg>-47.135</Avg>
          <Std>1.42016171491</Std>
          <Max>-46</Max>
          <Min>-51</Min>
        </Measure>
      </Stats>
    </Log>
    <Log>
      <Stats type="Stats" id="vivarium" generation="235" popsize="200">
        <Item key="processed">100</Item>
        <Item key="total-processed">23700</Item>
        <Measure id="fitness">
          <Avg>-47.135</Avg>
          <Std>1.42016171491</Std>
          <Max>-46</Max>
          <Min>-51</Min>
        </Measure>
      </Stats>
    </Log>
    <Log>Evolving generation 236</Log>
    <Log>Applying main-loop operators to the 1st deme</Log>
    <Log>
      <Stats type="Stats" id="deme0" generation="236" popsize="200">
        <Item key="processed">100</Item>
        <Item key="total-processed">23800</Item>
        <Measure id="fitness">
          <Avg>-47.115</Avg>
          <Std>1.43249264427</Std>
          <Max>-46</Max>
          <Min>-51</Min>
        </Measure>
      </Stats>
    </Log>
    <Log>
      <Stats type="Stats" id="vivarium" generation="236" popsize="200">
        <Item key="processed">100</Item>
        <Item key="total-processed">23800</Item>
        <Measure id="fitness">
          <Avg>-47.115</Avg>
          <Std>1.43249264427</Std>
          <Max>-46</Max>
          <Min>-51</Min>
        </Measure>
      </Stats>
    </Log>
    <Log>Evolving generation 237</Log>
    <Log>Applying main-loop operators to the 1st deme</Log>
    <Log>
      <Stats type="Stats" id="deme0" generation="237" popsize="200">
        <Item key="processed">100</Item>
        <Item key="total-processed">23900</Item>
        <Measure id="fitness">
          <Avg>-46.935</Avg>
          <Std>1.25244484527</Std>
          <Max>-46</Max>
          <Min>-51</Min>
        </Measure>
      </Stats>
    </Log>
    <Log>
      <Stats type="Stats" id="vivarium" generation="237" popsize="200">
        <Item key="processed">100</Item>
        <Item key="total-processed">23900</Item>
        <Measure id="fitness">
          <Avg>-46.935</Avg>
          <Std>1.25244484527</Std>
          <Max>-46</Max>
          <Min>-51</Min>
        </Measure>
      </Stats>
    </Log>
    <Log>Evolving generation 238</Log>
    <Log>Applying main-loop operators to the 1st deme</Log>
    <Log>
      <Stats type="Stats" id="deme0" generation="238" popsize="200">
        <Item key="processed">100</Item>
        <Item key="total-processed">24000</Item>
        <Measure id="fitness">
          <Avg>-47.075</Avg>
          <Std>1.36332987267</Std>
          <Max>-46</Max>
          <Min>-50</Min>
        </Measure>
      </Stats>
    </Log>
    <Log>
      <Stats type="Stats" id="vivarium" generation="238" popsize="200">
        <Item key="processed">100</Item>
        <Item key="total-processed">24000</Item>
        <Measure id="fitness">
          <Avg>-47.075</Avg>
          <Std>1.36332987267</Std>
          <Max>-46</Max>
          <Min>-50</Min>
        </Measure>
      </Stats>
    </Log>
    <Log>Evolving generation 239</Log>
    <Log>Applying main-loop operators to the 1st deme</Log>
    <Log>
      <Stats type="Stats" id="deme0" generation="239" popsize="200">
        <Item key="processed">100</Item>
        <Item key="total-processed">24100</Item>
        <Measure id="fitness">
          <Avg>-47.2</Avg>
          <Std>1.49706580689</Std>
          <Max>-46</Max>
          <Min>-51</Min>
        </Measure>
      </Stats>
    </Log>
    <Log>
      <Stats type="Stats" id="vivarium" generation="239" popsize="200">
        <Item key="processed">100</Item>
        <Item key="total-processed">24100</Item>
        <Measure id="fitness">
          <Avg>-47.2</Avg>
          <Std>1.49706580689</Std>
          <Max>-46</Max>
          <Min>-51</Min>
        </Measure>
      </Stats>
    </Log>
    <Log>Evolving generation 240</Log>
    <Log>Applying main-loop operators to the 1st deme</Log>
    <Log>
      <Stats type="Stats" id="deme0" generation="240" popsize="200">
        <Item key="processed">100</Item>
        <Item key="total-processed">24200</Item>
        <Measure id="fitness">
          <Avg>-47.1</Avg>
          <Std>1.32619529853</Std>
          <Max>-46</Max>
          <Min>-51</Min>
        </Measure>
      </Stats>
    </Log>
    <Log>
      <Stats type="Stats" id="vivarium" generation="240" popsize="200">
        <Item key="processed">100</Item>
        <Item key="total-processed">24200</Item>
        <Measure id="fitness">
          <Avg>-47.1</Avg>
          <Std>1.32619529853</Std>
          <Max>-46</Max>
          <Min>-51</Min>
        </Measure>
      </Stats>
    </Log>
    <Log>Evolving generation 241</Log>
    <Log>Applying main-loop operators to the 1st deme</Log>
    <Log>
      <Stats type="Stats" id="deme0" generation="241" popsize="200">
        <Item key="processed">100</Item>
        <Item key="total-processed">24300</Item>
        <Measure id="fitness">
          <Avg>-47.125</Avg>
          <Std>1.44562239904</Std>
          <Max>-46</Max>
          <Min>-52</Min>
        </Measure>
      </Stats>
    </Log>
    <Log>
      <Stats type="Stats" id="vivarium" generation="241" popsize="200">
        <Item key="processed">100</Item>
        <Item key="total-processed">24300</Item>
        <Measure id="fitness">
          <Avg>-47.125</Avg>
          <Std>1.44562239904</Std>
          <Max>-46</Max>
          <Min>-52</Min>
        </Measure>
      </Stats>
    </Log>
    <Log>Evolving generation 242</Log>
    <Log>Applying main-loop operators to the 1st deme</Log>
    <Log>
      <Stats type="Stats" id="deme0" generation="242" popsize="200">
        <Item key="processed">100</Item>
        <Item key="total-processed">24400</Item>
        <Measure id="fitness">
          <Avg>-46.975</Avg>
          <Std>1.29334399657</Std>
          <Max>-46</Max>
          <Min>-50</Min>
        </Measure>
      </Stats>
    </Log>
    <Log>
      <Stats type="Stats" id="vivarium" generation="242" popsize="200">
        <Item key="processed">100</Item>
        <Item key="total-processed">24400</Item>
        <Measure id="fitness">
          <Avg>-46.975</Avg>
          <Std>1.29334399657</Std>
          <Max>-46</Max>
          <Min>-50</Min>
        </Measure>
      </Stats>
    </Log>
    <Log>Evolving generation 243</Log>
    <Log>Applying main-loop operators to the 1st deme</Log>
    <Log>
      <Stats type="Stats" id="deme0" generation="243" popsize="200">
        <Item key="processed">100</Item>
        <Item key="total-processed">24500</Item>
        <Measure id="fitness">
          <Avg>-47</Avg>
          <Std>1.32240074054</Std>
          <Max>-46</Max>
          <Min>-51</Min>
        </Measure>
      </Stats>
    </Log>
    <Log>
      <Stats type="Stats" id="vivarium" generation="243" popsize="200">
        <Item key="processed">100</Item>
        <Item key="total-processed">24500</Item>
        <Measure id="fitness">
          <Avg>-47</Avg>
          <Std>1.32240074054</Std>
          <Max>-46</Max>
          <Min>-51</Min>
        </Measure>
      </Stats>
    </Log>
    <Log>Evolving generation 244</Log>
    <Log>Applying main-loop operators to the 1st deme</Log>
    <Log>
      <Stats type="Stats" id="deme0" generation="244" popsize="200">
        <Item key="processed">100</Item>
        <Item key="total-processed">24600</Item>
        <Measure id="fitness">
          <Avg>-47.06</Avg>
          <Std>1.36959077628</Std>
          <Max>-46</Max>
          <Min>-51</Min>
        </Measure>
      </Stats>
    </Log>
    <Log>
      <Stats type="Stats" id="vivarium" generation="244" popsize="200">
        <Item key="processed">100</Item>
        <Item key="total-processed">24600</Item>
        <Measure id="fitness">
          <Avg>-47.06</Avg>
          <Std>1.36959077628</Std>
          <Max>-46</Max>
          <Min>-51</Min>
        </Measure>
      </Stats>
    </Log>
    <Log>Evolving generation 245</Log>
    <Log>Applying main-loop operators to the 1st deme</Log>
    <Log>
      <Stats type="Stats" id="deme0" generation="245" popsize="200">
        <Item key="processed">100</Item>
        <Item key="total-processed">24700</Item>
        <Measure id="fitness">
          <Avg>-47.025</Avg>
          <Std>1.33915708882</Std>
          <Max>-46</Max>
          <Min>-52</Min>
        </Measure>
      </Stats>
    </Log>
    <Log>
      <Stats type="Stats" id="vivarium" generation="245" popsize="200">
        <Item key="processed">100</Item>
        <Item key="total-processed">24700</Item>
        <Measure id="fitness">
          <Avg>-47.025</Avg>
          <Std>1.33915708882</Std>
          <Max>-46</Max>
          <Min>-52</Min>
        </Measure>
      </Stats>
    </Log>
    <Log>Evolving generation 246</Log>
    <Log>Applying main-loop operators to the 1st deme</Log>
    <Log>
      <Stats type="Stats" id="deme0" generation="246" popsize="200">
        <Item key="processed">100</Item>
        <Item key="total-processed">24800</Item>
        <Measure id="fitness">
          <Avg>-47.135</Avg>
          <Std>1.41306715834</Std>
          <Max>-46</Max>
          <Min>-51</Min>
        </Measure>
      </Stats>
    </Log>
    <Log>
      <Stats type="Stats" id="vivarium" generation="246" popsize="200">
        <Item key="processed">100</Item>
        <Item key="total-processed">24800</Item>
        <Measure id="fitness">
          <Avg>-47.135</Avg>
          <Std>1.41306715834</Std>
          <Max>-46</Max>
          <Min>-51</Min>
        </Measure>
      </Stats>
    </Log>
    <Log>Evolving generation 247</Log>
    <Log>Applying main-loop operators to the 1st deme</Log>
    <Log>
      <Stats type="Stats" id="deme0" generation="247" popsize="200">
        <Item key="processed">100</Item>
        <Item key="total-processed">24900</Item>
        <Measure id="fitness">
          <Avg>-47.16</Avg>
          <Std>1.43691461754</Std>
          <Max>-46</Max>
          <Min>-51</Min>
        </Measure>
      </Stats>
    </Log>
    <Log>
      <Stats type="Stats" id="vivarium" generation="247" popsize="200">
        <Item key="processed">100</Item>
        <Item key="total-processed">24900</Item>
        <Measure id="fitness">
          <Avg>-47.16</Avg>
          <Std>1.43691461754</Std>
          <Max>-46</Max>
          <Min>-51</Min>
        </Measure>
      </Stats>
    </Log>
    <Log>Evolving generation 248</Log>
    <Log>Applying main-loop operators to the 1st deme</Log>
    <Log>
      <Stats type="Stats" id="deme0" generation="248" popsize="200">
        <Item key="processed">100</Item>
        <Item key="total-processed">25000</Item>
        <Measure id="fitness">
          <Avg>-47.125</Avg>
          <Std>1.39610909424</Std>
          <Max>-46</Max>
          <Min>-52</Min>
        </Measure>
      </Stats>
    </Log>
    <Log>
      <Stats type="Stats" id="vivarium" generation="248" popsize="200">
        <Item key="processed">100</Item>
        <Item key="total-processed">25000</Item>
        <Measure id="fitness">
          <Avg>-47.125</Avg>
          <Std>1.39610909424</Std>
          <Max>-46</Max>
          <Min>-52</Min>
        </Measure>
      </Stats>
    </Log>
    <Log>Evolving generation 249</Log>
    <Log>Applying main-loop operators to the 1st deme</Log>
    <Log>
      <Stats type="Stats" id="deme0" generation="249" popsize="200">
        <Item key="processed">100</Item>
        <Item key="total-processed">25100</Item>
        <Measure id="fitness">
          <Avg>-47.045</Avg>
          <Std>1.34984644576</Std>
          <Max>-46</Max>
          <Min>-51</Min>
        </Measure>
      </Stats>
    </Log>
    <Log>
      <Stats type="Stats" id="vivarium" generation="249" popsize="200">
        <Item key="processed">100</Item>
        <Item key="total-processed">25100</Item>
        <Measure id="fitness">
          <Avg>-47.045</Avg>
          <Std>1.34984644576</Std>
          <Max>-46</Max>
          <Min>-51</Min>
        </Measure>
      </Stats>
    </Log>
    <Log>Evolving generation 250</Log>
    <Log>Applying main-loop operators to the 1st deme</Log>
    <Log>
      <Stats type="Stats" id="deme0" generation="250" popsize="200">
        <Item key="processed">100</Item>
        <Item key="total-processed">25200</Item>
        <Measure id="fitness">
          <Avg>-47.08</Avg>
          <Std>1.37222996447</Std>
          <Max>-46</Max>
          <Min>-51</Min>
        </Measure>
      </Stats>
    </Log>
    <Log>
      <Stats type="Stats" id="vivarium" generation="250" popsize="200">
        <Item key="processed">100</Item>
        <Item key="total-processed">25200</Item>
        <Measure id="fitness">
          <Avg>-47.08</Avg>
          <Std>1.37222996447</Std>
          <Max>-46</Max>
          <Min>-51</Min>
        </Measure>
      </Stats>
    </Log>
    <Log>Evolving generation 251</Log>
    <Log>Applying main-loop operators to the 1st deme</Log>
    <Log>
      <Stats type="Stats" id="deme0" generation="251" popsize="200">
        <Item key="processed">100</Item>
        <Item key="total-processed">25300</Item>
        <Measure id="fitness">
          <Avg>-47.2</Avg>
          <Std>1.50041870203</Std>
          <Max>-46</Max>
          <Min>-51</Min>
        </Measure>
      </Stats>
    </Log>
    <Log>
      <Stats type="Stats" id="vivarium" generation="251" popsize="200">
        <Item key="processed">100</Item>
        <Item key="total-processed">25300</Item>
        <Measure id="fitness">
          <Avg>-47.2</Avg>
          <Std>1.50041870203</Std>
          <Max>-46</Max>
          <Min>-51</Min>
        </Measure>
      </Stats>
    </Log>
    <Log>Evolving generation 252</Log>
    <Log>Applying main-loop operators to the 1st deme</Log>
    <Log>
      <Stats type="Stats" id="deme0" generation="252" popsize="200">
        <Item key="processed">100</Item>
        <Item key="total-processed">25400</Item>
        <Measure id="fitness">
          <Avg>-47.065</Avg>
          <Std>1.36752536654</Std>
          <Max>-46</Max>
          <Min>-51</Min>
        </Measure>
      </Stats>
    </Log>
    <Log>
      <Stats type="Stats" id="vivarium" generation="252" popsize="200">
        <Item key="processed">100</Item>
        <Item key="total-processed">25400</Item>
        <Measure id="fitness">
          <Avg>-47.065</Avg>
          <Std>1.36752536654</Std>
          <Max>-46</Max>
          <Min>-51</Min>
        </Measure>
      </Stats>
    </Log>
    <Log>Evolving generation 253</Log>
    <Log>Applying main-loop operators to the 1st deme</Log>
    <Log>
      <Stats type="Stats" id="deme0" generation="253" popsize="200">
        <Item key="processed">100</Item>
        <Item key="total-processed">25500</Item>
        <Measure id="fitness">
          <Avg>-47.15</Avg>
          <Std>1.41687603143</Std>
          <Max>-46</Max>
          <Min>-51</Min>
        </Measure>
      </Stats>
    </Log>
    <Log>
      <Stats type="Stats" id="vivarium" generation="253" popsize="200">
        <Item key="processed">100</Item>
        <Item key="total-processed">25500</Item>
        <Measure id="fitness">
          <Avg>-47.15</Avg>
          <Std>1.41687603143</Std>
          <Max>-46</Max>
          <Min>-51</Min>
        </Measure>
      </Stats>
    </Log>
    <Log>Evolving generation 254</Log>
    <Log>Applying main-loop operators to the 1st deme</Log>
    <Log>
      <Stats type="Stats" id="deme0" generation="254" popsize="200">
        <Item key="processed">100</Item>
        <Item key="total-processed">25600</Item>
        <Measure id="fitness">
          <Avg>-47.145</Avg>
          <Std>1.46104354528</Std>
          <Max>-46</Max>
          <Min>-51</Min>
        </Measure>
      </Stats>
    </Log>
    <Log>
      <Stats type="Stats" id="vivarium" generation="254" popsize="200">
        <Item key="processed">100</Item>
        <Item key="total-processed">25600</Item>
        <Measure id="fitness">
          <Avg>-47.145</Avg>
          <Std>1.46104354528</Std>
          <Max>-46</Max>
          <Min>-51</Min>
        </Measure>
      </Stats>
    </Log>
    <Log>Evolving generation 255</Log>
    <Log>Applying main-loop operators to the 1st deme</Log>
    <Log>
      <Stats type="Stats" id="deme0" generation="255" popsize="200">
        <Item key="processed">100</Item>
        <Item key="total-processed">25700</Item>
        <Measure id="fitness">
          <Avg>-47.145</Avg>
          <Std>1.4049356644</Std>
          <Max>-46</Max>
          <Min>-51</Min>
        </Measure>
      </Stats>
    </Log>
    <Log>
      <Stats type="Stats" id="vivarium" generation="255" popsize="200">
        <Item key="processed">100</Item>
        <Item key="total-processed">25700</Item>
        <Measure id="fitness">
          <Avg>-47.145</Avg>
          <Std>1.4049356644</Std>
          <Max>-46</Max>
          <Min>-51</Min>
        </Measure>
      </Stats>
    </Log>
    <Log>Evolving generation 256</Log>
    <Log>Applying main-loop operators to the 1st deme</Log>
    <Log>
      <Stats type="Stats" id="deme0" generation="256" popsize="200">
        <Item key="processed">100</Item>
        <Item key="total-processed">25800</Item>
        <Measure id="fitness">
          <Avg>-47.08</Avg>
          <Std>1.38680066354</Std>
          <Max>-46</Max>
          <Min>-51</Min>
        </Measure>
      </Stats>
    </Log>
    <Log>
      <Stats type="Stats" id="vivarium" generation="256" popsize="200">
        <Item key="processed">100</Item>
        <Item key="total-processed">25800</Item>
        <Measure id="fitness">
          <Avg>-47.08</Avg>
          <Std>1.38680066354</Std>
          <Max>-46</Max>
          <Min>-51</Min>
        </Measure>
      </Stats>
    </Log>
    <Log>Evolving generation 257</Log>
    <Log>Applying main-loop operators to the 1st deme</Log>
    <Log>
      <Stats type="Stats" id="deme0" generation="257" popsize="200">
        <Item key="processed">100</Item>
        <Item key="total-processed">25900</Item>
        <Measure id="fitness">
          <Avg>-47.03</Avg>
          <Std>1.29517853487</Std>
          <Max>-46</Max>
          <Min>-50</Min>
        </Measure>
      </Stats>
    </Log>
    <Log>
      <Stats type="Stats" id="vivarium" generation="257" popsize="200">
        <Item key="processed">100</Item>
        <Item key="total-processed">25900</Item>
        <Measure id="fitness">
          <Avg>-47.03</Avg>
          <Std>1.29517853487</Std>
          <Max>-46</Max>
          <Min>-50</Min>
        </Measure>
      </Stats>
    </Log>
    <Log>Evolving generation 258</Log>
    <Log>Applying main-loop operators to the 1st deme</Log>
    <Log>
      <Stats type="Stats" id="deme0" generation="258" popsize="200">
        <Item key="processed">100</Item>
        <Item key="total-processed">26000</Item>
        <Measure id="fitness">
          <Avg>-47.2</Avg>
          <Std>1.47678858426</Std>
          <Max>-46</Max>
          <Min>-52</Min>
        </Measure>
      </Stats>
    </Log>
    <Log>
      <Stats type="Stats" id="vivarium" generation="258" popsize="200">
        <Item key="processed">100</Item>
        <Item key="total-processed">26000</Item>
        <Measure id="fitness">
          <Avg>-47.2</Avg>
          <Std>1.47678858426</Std>
          <Max>-46</Max>
          <Min>-52</Min>
        </Measure>
      </Stats>
    </Log>
    <Log>Evolving generation 259</Log>
    <Log>Applying main-loop operators to the 1st deme</Log>
    <Log>
      <Stats type="Stats" id="deme0" generation="259" popsize="200">
        <Item key="processed">100</Item>
        <Item key="total-processed">26100</Item>
        <Measure id="fitness">
          <Avg>-47.125</Avg>
          <Std>1.3997038452</Std>
          <Max>-46</Max>
          <Min>-52</Min>
        </Measure>
      </Stats>
    </Log>
    <Log>
      <Stats type="Stats" id="vivarium" generation="259" popsize="200">
        <Item key="processed">100</Item>
        <Item key="total-processed">26100</Item>
        <Measure id="fitness">
          <Avg>-47.125</Avg>
          <Std>1.3997038452</Std>
          <Max>-46</Max>
          <Min>-52</Min>
        </Measure>
      </Stats>
    </Log>
    <Log>Evolving generation 260</Log>
    <Log>Applying main-loop operators to the 1st deme</Log>
    <Log>
      <Stats type="Stats" id="deme0" generation="260" popsize="200">
        <Item key="processed">100</Item>
        <Item key="total-processed">26200</Item>
        <Measure id="fitness">
          <Avg>-47.045</Avg>
          <Std>1.3938035881</Std>
          <Max>-46</Max>
          <Min>-52</Min>
        </Measure>
      </Stats>
    </Log>
    <Log>
      <Stats type="Stats" id="vivarium" generation="260" popsize="200">
        <Item key="processed">100</Item>
        <Item key="total-processed">26200</Item>
        <Measure id="fitness">
          <Avg>-47.045</Avg>
          <Std>1.3938035881</Std>
          <Max>-46</Max>
          <Min>-52</Min>
        </Measure>
      </Stats>
    </Log>
    <Log>Evolving generation 261</Log>
    <Log>Applying main-loop operators to the 1st deme</Log>
    <Log>
      <Stats type="Stats" id="deme0" generation="261" popsize="200">
        <Item key="processed">100</Item>
        <Item key="total-processed">26300</Item>
        <Measure id="fitness">
          <Avg>-47.02</Avg>
          <Std>1.2992460125</Std>
          <Max>-46</Max>
          <Min>-51</Min>
        </Measure>
      </Stats>
    </Log>
    <Log>
      <Stats type="Stats" id="vivarium" generation="261" popsize="200">
        <Item key="processed">100</Item>
        <Item key="total-processed">26300</Item>
        <Measure id="fitness">
          <Avg>-47.02</Avg>
          <Std>1.2992460125</Std>
          <Max>-46</Max>
          <Min>-51</Min>
        </Measure>
      </Stats>
    </Log>
    <Log>Evolving generation 262</Log>
    <Log>Applying main-loop operators to the 1st deme</Log>
    <Log>
      <Stats type="Stats" id="deme0" generation="262" popsize="200">
        <Item key="processed">100</Item>
        <Item key="total-processed">26400</Item>
        <Measure id="fitness">
          <Avg>-47.05</Avg>
          <Std>1.38821312427</Std>
          <Max>-46</Max>
          <Min>-51</Min>
        </Measure>
      </Stats>
    </Log>
    <Log>
      <Stats type="Stats" id="vivarium" generation="262" popsize="200">
        <Item key="processed">100</Item>
        <Item key="total-processed">26400</Item>
        <Measure id="fitness">
          <Avg>-47.05</Avg>
          <Std>1.38821312427</Std>
          <Max>-46</Max>
          <Min>-51</Min>
        </Measure>
      </Stats>
    </Log>
    <Log>Evolving generation 263</Log>
    <Log>Applying main-loop operators to the 1st deme</Log>
    <Log>
      <Stats type="Stats" id="deme0" generation="263" popsize="200">
        <Item key="processed">100</Item>
        <Item key="total-processed">26500</Item>
        <Measure id="fitness">
          <Avg>-47.035</Avg>
          <Std>1.37595101876</Std>
          <Max>-46</Max>
          <Min>-51</Min>
        </Measure>
      </Stats>
    </Log>
    <Log>
      <Stats type="Stats" id="vivarium" generation="263" popsize="200">
        <Item key="processed">100</Item>
        <Item key="total-processed">26500</Item>
        <Measure id="fitness">
          <Avg>-47.035</Avg>
          <Std>1.37595101876</Std>
          <Max>-46</Max>
          <Min>-51</Min>
        </Measure>
      </Stats>
    </Log>
    <Log>Evolving generation 264</Log>
    <Log>Applying main-loop operators to the 1st deme</Log>
    <Log>
      <Stats type="Stats" id="deme0" generation="264" popsize="200">
        <Item key="processed">100</Item>
        <Item key="total-processed">26600</Item>
        <Measure id="fitness">
          <Avg>-47.08</Avg>
          <Std>1.32376803446</Std>
          <Max>-46</Max>
          <Min>-51</Min>
        </Measure>
      </Stats>
    </Log>
    <Log>
      <Stats type="Stats" id="vivarium" generation="264" popsize="200">
        <Item key="processed">100</Item>
        <Item key="total-processed">26600</Item>
        <Measure id="fitness">
          <Avg>-47.08</Avg>
          <Std>1.32376803446</Std>
          <Max>-46</Max>
          <Min>-51</Min>
        </Measure>
      </Stats>
    </Log>
    <Log>Evolving generation 265</Log>
    <Log>Applying main-loop operators to the 1st deme</Log>
    <Log>
      <Stats type="Stats" id="deme0" generation="265" popsize="200">
        <Item key="processed">100</Item>
        <Item key="total-processed">26700</Item>
        <Measure id="fitness">
          <Avg>-47.095</Avg>
          <Std>1.38766098708</Std>
          <Max>-46</Max>
          <Min>-51</Min>
        </Measure>
      </Stats>
    </Log>
    <Log>
      <Stats type="Stats" id="vivarium" generation="265" popsize="200">
        <Item key="processed">100</Item>
        <Item key="total-processed">26700</Item>
        <Measure id="fitness">
          <Avg>-47.095</Avg>
          <Std>1.38766098708</Std>
          <Max>-46</Max>
          <Min>-51</Min>
        </Measure>
      </Stats>
    </Log>
    <Log>Evolving generation 266</Log>
    <Log>Applying main-loop operators to the 1st deme</Log>
    <Log>
      <Stats type="Stats" id="deme0" generation="266" popsize="200">
        <Item key="processed">100</Item>
        <Item key="total-processed">26800</Item>
        <Measure id="fitness">
          <Avg>-47.055</Avg>
          <Std>1.37163475807</Std>
          <Max>-46</Max>
          <Min>-52</Min>
        </Measure>
      </Stats>
    </Log>
    <Log>
      <Stats type="Stats" id="vivarium" generation="266" popsize="200">
        <Item key="processed">100</Item>
        <Item key="total-processed">26800</Item>
        <Measure id="fitness">
          <Avg>-47.055</Avg>
          <Std>1.37163475807</Std>
          <Max>-46</Max>
          <Min>-52</Min>
        </Measure>
      </Stats>
    </Log>
    <Log>Evolving generation 267</Log>
    <Log>Applying main-loop operators to the 1st deme</Log>
    <Log>
      <Stats type="Stats" id="deme0" generation="267" popsize="200">
        <Item key="processed">100</Item>
        <Item key="total-processed">26900</Item>
        <Measure id="fitness">
          <Avg>-47.055</Avg>
          <Std>1.37894249774</Std>
          <Max>-46</Max>
          <Min>-53</Min>
        </Measure>
      </Stats>
    </Log>
    <Log>
      <Stats type="Stats" id="vivarium" generation="267" popsize="200">
        <Item key="processed">100</Item>
        <Item key="total-processed">26900</Item>
        <Measure id="fitness">
          <Avg>-47.055</Avg>
          <Std>1.37894249774</Std>
          <Max>-46</Max>
          <Min>-53</Min>
        </Measure>
      </Stats>
    </Log>
    <Log>Evolving generation 268</Log>
    <Log>Applying main-loop operators to the 1st deme</Log>
    <Log>
      <Stats type="Stats" id="deme0" generation="268" popsize="200">
        <Item key="processed">100</Item>
        <Item key="total-processed">27000</Item>
        <Measure id="fitness">
          <Avg>-47.1</Avg>
          <Std>1.41421356237</Std>
          <Max>-46</Max>
          <Min>-51</Min>
        </Measure>
      </Stats>
    </Log>
    <Log>
      <Stats type="Stats" id="vivarium" generation="268" popsize="200">
        <Item key="processed">100</Item>
        <Item key="total-processed">27000</Item>
        <Measure id="fitness">
          <Avg>-47.1</Avg>
          <Std>1.41421356237</Std>
          <Max>-46</Max>
          <Min>-51</Min>
        </Measure>
      </Stats>
    </Log>
    <Log>Evolving generation 269</Log>
    <Log>Applying main-loop operators to the 1st deme</Log>
    <Log>
      <Stats type="Stats" id="deme0" generation="269" popsize="200">
        <Item key="processed">100</Item>
        <Item key="total-processed">27100</Item>
        <Measure id="fitness">
          <Avg>-47.11</Avg>
          <Std>1.43463966025</Std>
          <Max>-46</Max>
          <Min>-51</Min>
        </Measure>
      </Stats>
    </Log>
    <Log>
      <Stats type="Stats" id="vivarium" generation="269" popsize="200">
        <Item key="processed">100</Item>
        <Item key="total-processed">27100</Item>
        <Measure id="fitness">
          <Avg>-47.11</Avg>
          <Std>1.43463966025</Std>
          <Max>-46</Max>
          <Min>-51</Min>
        </Measure>
      </Stats>
    </Log>
    <Log>Evolving generation 270</Log>
    <Log>Applying main-loop operators to the 1st deme</Log>
    <Log>
      <Stats type="Stats" id="deme0" generation="270" popsize="200">
        <Item key="processed">100</Item>
        <Item key="total-processed">27200</Item>
        <Measure id="fitness">
          <Avg>-47.06</Avg>
          <Std>1.35853897283</Std>
          <Max>-46</Max>
          <Min>-51</Min>
        </Measure>
      </Stats>
    </Log>
    <Log>
      <Stats type="Stats" id="vivarium" generation="270" popsize="200">
        <Item key="processed">100</Item>
        <Item key="total-processed">27200</Item>
        <Measure id="fitness">
          <Avg>-47.06</Avg>
          <Std>1.35853897283</Std>
          <Max>-46</Max>
          <Min>-51</Min>
        </Measure>
      </Stats>
    </Log>
    <Log>Evolving generation 271</Log>
    <Log>Applying main-loop operators to the 1st deme</Log>
    <Log>
      <Stats type="Stats" id="deme0" generation="271" popsize="200">
        <Item key="processed">100</Item>
        <Item key="total-processed">27300</Item>
        <Measure id="fitness">
          <Avg>-47.245</Avg>
          <Std>1.57715315055</Std>
          <Max>-46</Max>
          <Min>-52</Min>
        </Measure>
      </Stats>
    </Log>
    <Log>
      <Stats type="Stats" id="vivarium" generation="271" popsize="200">
        <Item key="processed">100</Item>
        <Item key="total-processed">27300</Item>
        <Measure id="fitness">
          <Avg>-47.245</Avg>
          <Std>1.57715315055</Std>
          <Max>-46</Max>
          <Min>-52</Min>
        </Measure>
      </Stats>
    </Log>
    <Log>Evolving generation 272</Log>
    <Log>Applying main-loop operators to the 1st deme</Log>
    <Log>
      <Stats type="Stats" id="deme0" generation="272" popsize="200">
        <Item key="processed">100</Item>
        <Item key="total-processed">27400</Item>
        <Measure id="fitness">
          <Avg>-47.065</Avg>
          <Std>1.34902719463</Std>
          <Max>-46</Max>
          <Min>-51</Min>
        </Measure>
      </Stats>
    </Log>
    <Log>
      <Stats type="Stats" id="vivarium" generation="272" popsize="200">
        <Item key="processed">100</Item>
        <Item key="total-processed">27400</Item>
        <Measure id="fitness">
          <Avg>-47.065</Avg>
          <Std>1.34902719463</Std>
          <Max>-46</Max>
          <Min>-51</Min>
        </Measure>
      </Stats>
    </Log>
    <Log>Evolving generation 273</Log>
    <Log>Applying main-loop operators to the 1st deme</Log>
    <Log>
      <Stats type="Stats" id="deme0" generation="273" popsize="200">
        <Item key="processed">100</Item>
        <Item key="total-processed">27500</Item>
        <Measure id="fitness">
          <Avg>-47.15</Avg>
          <Std>1.40619590907</Std>
          <Max>-46</Max>
          <Min>-51</Min>
        </Measure>
      </Stats>
    </Log>
    <Log>
      <Stats type="Stats" id="vivarium" generation="273" popsize="200">
        <Item key="processed">100</Item>
        <Item key="total-processed">27500</Item>
        <Measure id="fitness">
          <Avg>-47.15</Avg>
          <Std>1.40619590907</Std>
          <Max>-46</Max>
          <Min>-51</Min>
        </Measure>
      </Stats>
    </Log>
    <Log>Evolving generation 274</Log>
    <Log>Applying main-loop operators to the 1st deme</Log>
    <Log>
      <Stats type="Stats" id="deme0" generation="274" popsize="200">
        <Item key="processed">100</Item>
        <Item key="total-processed">27600</Item>
        <Measure id="fitness">
          <Avg>-47.115</Avg>
          <Std>1.34567051901</Std>
          <Max>-46</Max>
          <Min>-51</Min>
        </Measure>
      </Stats>
    </Log>
    <Log>
      <Stats type="Stats" id="vivarium" generation="274" popsize="200">
        <Item key="processed">100</Item>
        <Item key="total-processed">27600</Item>
        <Measure id="fitness">
          <Avg>-47.115</Avg>
          <Std>1.34567051901</Std>
          <Max>-46</Max>
          <Min>-51</Min>
        </Measure>
      </Stats>
    </Log>
    <Log>Evolving generation 275</Log>
    <Log>Applying main-loop operators to the 1st deme</Log>
    <Log>
      <Stats type="Stats" id="deme0" generation="275" popsize="200">
        <Item key="processed">100</Item>
        <Item key="total-processed">27700</Item>
        <Measure id="fitness">
          <Avg>-47.255</Avg>
          <Std>1.59772923034</Std>
          <Max>-46</Max>
          <Min>-52</Min>
        </Measure>
      </Stats>
    </Log>
    <Log>
      <Stats type="Stats" id="vivarium" generation="275" popsize="200">
        <Item key="processed">100</Item>
        <Item key="total-processed">27700</Item>
        <Measure id="fitness">
          <Avg>-47.255</Avg>
          <Std>1.59772923034</Std>
          <Max>-46</Max>
          <Min>-52</Min>
        </Measure>
      </Stats>
    </Log>
    <Log>Evolving generation 276</Log>
    <Log>Applying main-loop operators to the 1st deme</Log>
    <Log>
      <Stats type="Stats" id="deme0" generation="276" popsize="200">
        <Item key="processed">100</Item>
        <Item key="total-processed">27800</Item>
        <Measure id="fitness">
          <Avg>-47.03</Avg>
          <Std>1.39960511301</Std>
          <Max>-46</Max>
          <Min>-51</Min>
        </Measure>
      </Stats>
    </Log>
    <Log>
      <Stats type="Stats" id="vivarium" generation="276" popsize="200">
        <Item key="processed">100</Item>
        <Item key="total-processed">27800</Item>
        <Measure id="fitness">
          <Avg>-47.03</Avg>
          <Std>1.39960511301</Std>
          <Max>-46</Max>
          <Min>-51</Min>
        </Measure>
      </Stats>
    </Log>
    <Log>Evolving generation 277</Log>
    <Log>Applying main-loop operators to the 1st deme</Log>
    <Log>
      <Stats type="Stats" id="deme0" generation="277" popsize="200">
        <Item key="processed">100</Item>
        <Item key="total-processed">27900</Item>
        <Measure id="fitness">
          <Avg>-47.195</Avg>
          <Std>1.49940524222</Std>
          <Max>-46</Max>
          <Min>-51</Min>
        </Measure>
      </Stats>
    </Log>
    <Log>
      <Stats type="Stats" id="vivarium" generation="277" popsize="200">
        <Item key="processed">100</Item>
        <Item key="total-processed">27900</Item>
        <Measure id="fitness">
          <Avg>-47.195</Avg>
          <Std>1.49940524222</Std>
          <Max>-46</Max>
          <Min>-51</Min>
        </Measure>
      </Stats>
    </Log>
    <Log>Evolving generation 278</Log>
    <Log>Applying main-loop operators to the 1st deme</Log>
    <Log>
      <Stats type="Stats" id="deme0" generation="278" popsize="200">
        <Item key="processed">100</Item>
        <Item key="total-processed">28000</Item>
        <Measure id="fitness">
          <Avg>-47.095</Avg>
          <Std>1.31706045465</Std>
          <Max>-46</Max>
          <Min>-51</Min>
        </Measure>
      </Stats>
    </Log>
    <Log>
      <Stats type="Stats" id="vivarium" generation="278" popsize="200">
        <Item key="processed">100</Item>
        <Item key="total-processed">28000</Item>
        <Measure id="fitness">
          <Avg>-47.095</Avg>
          <Std>1.31706045465</Std>
          <Max>-46</Max>
          <Min>-51</Min>
        </Measure>
      </Stats>
    </Log>
    <Log>Evolving generation 279</Log>
    <Log>Applying main-loop operators to the 1st deme</Log>
    <Log>
      <Stats type="Stats" id="deme0" generation="279" popsize="200">
        <Item key="processed">100</Item>
        <Item key="total-processed">28100</Item>
        <Measure id="fitness">
          <Avg>-47.17</Avg>
          <Std>1.50746884265</Std>
          <Max>-46</Max>
          <Min>-51</Min>
        </Measure>
      </Stats>
    </Log>
    <Log>
      <Stats type="Stats" id="vivarium" generation="279" popsize="200">
        <Item key="processed">100</Item>
        <Item key="total-processed">28100</Item>
        <Measure id="fitness">
          <Avg>-47.17</Avg>
          <Std>1.50746884265</Std>
          <Max>-46</Max>
          <Min>-51</Min>
        </Measure>
      </Stats>
    </Log>
    <Log>Evolving generation 280</Log>
    <Log>Applying main-loop operators to the 1st deme</Log>
    <Log>
      <Stats type="Stats" id="deme0" generation="280" popsize="200">
        <Item key="processed">100</Item>
        <Item key="total-processed">28200</Item>
        <Measure id="fitness">
          <Avg>-47.04</Avg>
          <Std>1.28712214536</Std>
          <Max>-46</Max>
          <Min>-50</Min>
        </Measure>
      </Stats>
    </Log>
    <Log>
      <Stats type="Stats" id="vivarium" generation="280" popsize="200">
        <Item key="processed">100</Item>
        <Item key="total-processed">28200</Item>
        <Measure id="fitness">
          <Avg>-47.04</Avg>
          <Std>1.28712214536</Std>
          <Max>-46</Max>
          <Min>-50</Min>
        </Measure>
      </Stats>
    </Log>
    <Log>Evolving generation 281</Log>
    <Log>Applying main-loop operators to the 1st deme</Log>
    <Log>
      <Stats type="Stats" id="deme0" generation="281" popsize="200">
        <Item key="processed">100</Item>
        <Item key="total-processed">28300</Item>
        <Measure id="fitness">
          <Avg>-47.06</Avg>
          <Std>1.34366183829</Std>
          <Max>-46</Max>
          <Min>-51</Min>
        </Measure>
      </Stats>
    </Log>
    <Log>
      <Stats type="Stats" id="vivarium" generation="281" popsize="200">
        <Item key="processed">100</Item>
        <Item key="total-processed">28300</Item>
        <Measure id="fitness">
          <Avg>-47.06</Avg>
          <Std>1.34366183829</Std>
          <Max>-46</Max>
          <Min>-51</Min>
        </Measure>
      </Stats>
    </Log>
    <Log>Evolving generation 282</Log>
    <Log>Applying main-loop operators to the 1st deme</Log>
    <Log>
      <Stats type="Stats" id="deme0" generation="282" popsize="200">
        <Item key="processed">100</Item>
        <Item key="total-processed">28400</Item>
        <Measure id="fitness">
          <Avg>-47.19</Avg>
          <Std>1.53482194145</Std>
          <Max>-46</Max>
          <Min>-52</Min>
        </Measure>
      </Stats>
    </Log>
    <Log>
      <Stats type="Stats" id="vivarium" generation="282" popsize="200">
        <Item key="processed">100</Item>
        <Item key="total-processed">28400</Item>
        <Measure id="fitness">
          <Avg>-47.19</Avg>
          <Std>1.53482194145</Std>
          <Max>-46</Max>
          <Min>-52</Min>
        </Measure>
      </Stats>
    </Log>
    <Log>Evolving generation 283</Log>
    <Log>Applying main-loop operators to the 1st deme</Log>
    <Log>
      <Stats type="Stats" id="deme0" generation="283" popsize="200">
        <Item key="processed">100</Item>
        <Item key="total-processed">28500</Item>
        <Measure id="fitness">
          <Avg>-47.13</Avg>
          <Std>1.53455999292</Std>
          <Max>-46</Max>
          <Min>-52</Min>
        </Measure>
      </Stats>
    </Log>
    <Log>
      <Stats type="Stats" id="vivarium" generation="283" popsize="200">
        <Item key="processed">100</Item>
        <Item key="total-processed">28500</Item>
        <Measure id="fitness">
          <Avg>-47.13</Avg>
          <Std>1.53455999292</Std>
          <Max>-46</Max>
          <Min>-52</Min>
        </Measure>
      </Stats>
    </Log>
    <Log>Evolving generation 284</Log>
    <Log>Applying main-loop operators to the 1st deme</Log>
    <Log>
      <Stats type="Stats" id="deme0" generation="284" popsize="200">
        <Item key="processed">100</Item>
        <Item key="total-processed">28600</Item>
        <Measure id="fitness">
          <Avg>-47.065</Avg>
          <Std>1.38214566279</Std>
          <Max>-46</Max>
          <Min>-51</Min>
        </Measure>
      </Stats>
    </Log>
    <Log>
      <Stats type="Stats" id="vivarium" generation="284" popsize="200">
        <Item key="processed">100</Item>
        <Item key="total-processed">28600</Item>
        <Measure id="fitness">
          <Avg>-47.065</Avg>
          <Std>1.38214566279</Std>
          <Max>-46</Max>
          <Min>-51</Min>
        </Measure>
      </Stats>
    </Log>
    <Log>Evolving generation 285</Log>
    <Log>Applying main-loop operators to the 1st deme</Log>
    <Log>
      <Stats type="Stats" id="deme0" generation="285" popsize="200">
        <Item key="processed">100</Item>
        <Item key="total-processed">28700</Item>
        <Measure id="fitness">
          <Avg>-47.04</Avg>
          <Std>1.41364491998</Std>
          <Max>-46</Max>
          <Min>-52</Min>
        </Measure>
      </Stats>
    </Log>
    <Log>
      <Stats type="Stats" id="vivarium" generation="285" popsize="200">
        <Item key="processed">100</Item>
        <Item key="total-processed">28700</Item>
        <Measure id="fitness">
          <Avg>-47.04</Avg>
          <Std>1.41364491998</Std>
          <Max>-46</Max>
          <Min>-52</Min>
        </Measure>
      </Stats>
    </Log>
    <Log>Evolving generation 286</Log>
    <Log>Applying main-loop operators to the 1st deme</Log>
    <Log>
      <Stats type="Stats" id="deme0" generation="286" popsize="200">
        <Item key="processed">100</Item>
        <Item key="total-processed">28800</Item>
        <Measure id="fitness">
          <Avg>-47.145</Avg>
          <Std>1.44025925919</Std>
          <Max>-46</Max>
          <Min>-52</Min>
        </Measure>
      </Stats>
    </Log>
    <Log>
      <Stats type="Stats" id="vivarium" generation="286" popsize="200">
        <Item key="processed">100</Item>
        <Item key="total-processed">28800</Item>
        <Measure id="fitness">
          <Avg>-47.145</Avg>
          <Std>1.44025925919</Std>
          <Max>-46</Max>
          <Min>-52</Min>
        </Measure>
      </Stats>
    </Log>
    <Log>Evolving generation 287</Log>
    <Log>Applying main-loop operators to the 1st deme</Log>
    <Log>
      <Stats type="Stats" id="deme0" generation="287" popsize="200">
        <Item key="processed">100</Item>
        <Item key="total-processed">28900</Item>
        <Measure id="fitness">
          <Avg>-47.11</Avg>
          <Std>1.40276109636</Std>
          <Max>-46</Max>
          <Min>-51</Min>
        </Measure>
      </Stats>
    </Log>
    <Log>
      <Stats type="Stats" id="vivarium" generation="287" popsize="200">
        <Item key="processed">100</Item>
        <Item key="total-processed">28900</Item>
        <Measure id="fitness">
          <Avg>-47.11</Avg>
          <Std>1.40276109636</Std>
          <Max>-46</Max>
          <Min>-51</Min>
        </Measure>
      </Stats>
    </Log>
    <Log>Evolving generation 288</Log>
    <Log>Applying main-loop operators to the 1st deme</Log>
    <Log>
      <Stats type="Stats" id="deme0" generation="288" popsize="200">
        <Item key="processed">100</Item>
        <Item key="total-processed">29000</Item>
        <Measure id="fitness">
          <Avg>-47.145</Avg>
          <Std>1.40850788864</Std>
          <Max>-46</Max>
          <Min>-50</Min>
        </Measure>
      </Stats>
    </Log>
    <Log>
      <Stats type="Stats" id="vivarium" generation="288" popsize="200">
        <Item key="processed">100</Item>
        <Item key="total-processed">29000</Item>
        <Measure id="fitness">
          <Avg>-47.145</Avg>
          <Std>1.40850788864</Std>
          <Max>-46</Max>
          <Min>-50</Min>
        </Measure>
      </Stats>
    </Log>
    <Log>Evolving generation 289</Log>
    <Log>Applying main-loop operators to the 1st deme</Log>
    <Log>
      <Stats type="Stats" id="deme0" generation="289" popsize="200">
        <Item key="processed">100</Item>
        <Item key="total-processed">29100</Item>
        <Measure id="fitness">
          <Avg>-47.14</Avg>
          <Std>1.43901138593</Std>
          <Max>-46</Max>
          <Min>-52</Min>
        </Measure>
      </Stats>
    </Log>
    <Log>
      <Stats type="Stats" id="vivarium" generation="289" popsize="200">
        <Item key="processed">100</Item>
        <Item key="total-processed">29100</Item>
        <Measure id="fitness">
          <Avg>-47.14</Avg>
          <Std>1.43901138593</Std>
          <Max>-46</Max>
          <Min>-52</Min>
        </Measure>
      </Stats>
    </Log>
    <Log>Evolving generation 290</Log>
    <Log>Applying main-loop operators to the 1st deme</Log>
    <Log>
      <Stats type="Stats" id="deme0" generation="290" popsize="200">
        <Item key="processed">100</Item>
        <Item key="total-processed">29200</Item>
        <Measure id="fitness">
          <Avg>-47.07</Avg>
          <Std>1.39816822016</Std>
          <Max>-46</Max>
          <Min>-52</Min>
        </Measure>
      </Stats>
    </Log>
    <Log>
      <Stats type="Stats" id="vivarium" generation="290" popsize="200">
        <Item key="processed">100</Item>
        <Item key="total-processed">29200</Item>
        <Measure id="fitness">
          <Avg>-47.07</Avg>
          <Std>1.39816822016</Std>
          <Max>-46</Max>
          <Min>-52</Min>
        </Measure>
      </Stats>
    </Log>
    <Log>Evolving generation 291</Log>
    <Log>Applying main-loop operators to the 1st deme</Log>
    <Log>
      <Stats type="Stats" id="deme0" generation="291" popsize="200">
        <Item key="processed">100</Item>
        <Item key="total-processed">29300</Item>
        <Measure id="fitness">
          <Avg>-47.115</Avg>
          <Std>1.4219298232</Std>
          <Max>-46</Max>
          <Min>-52</Min>
        </Measure>
      </Stats>
    </Log>
    <Log>
      <Stats type="Stats" id="vivarium" generation="291" popsize="200">
        <Item key="processed">100</Item>
        <Item key="total-processed">29300</Item>
        <Measure id="fitness">
          <Avg>-47.115</Avg>
          <Std>1.4219298232</Std>
          <Max>-46</Max>
          <Min>-52</Min>
        </Measure>
      </Stats>
    </Log>
    <Log>Evolving generation 292</Log>
    <Log>Applying main-loop operators to the 1st deme</Log>
    <Log>
      <Stats type="Stats" id="deme0" generation="292" popsize="200">
        <Item key="processed">100</Item>
        <Item key="total-processed">29400</Item>
        <Measure id="fitness">
          <Avg>-47.105</Avg>
          <Std>1.44374408568</Std>
          <Max>-46</Max>
          <Min>-51</Min>
        </Measure>
      </Stats>
    </Log>
    <Log>
      <Stats type="Stats" id="vivarium" generation="292" popsize="200">
        <Item key="processed">100</Item>
        <Item key="total-processed">29400</Item>
        <Measure id="fitness">
          <Avg>-47.105</Avg>
          <Std>1.44374408568</Std>
          <Max>-46</Max>
          <Min>-51</Min>
        </Measure>
      </Stats>
    </Log>
    <Log>Evolving generation 293</Log>
    <Log>Applying main-loop operators to the 1st deme</Log>
    <Log>
      <Stats type="Stats" id="deme0" generation="293" popsize="200">
        <Item key="processed">100</Item>
        <Item key="total-processed">29500</Item>
        <Measure id="fitness">
          <Avg>-47.015</Avg>
          <Std>1.32800337531</Std>
          <Max>-46</Max>
          <Min>-51</Min>
        </Measure>
      </Stats>
    </Log>
    <Log>
      <Stats type="Stats" id="vivarium" generation="293" popsize="200">
        <Item key="processed">100</Item>
        <Item key="total-processed">29500</Item>
        <Measure id="fitness">
          <Avg>-47.015</Avg>
          <Std>1.32800337531</Std>
          <Max>-46</Max>
          <Min>-51</Min>
        </Measure>
      </Stats>
    </Log>
    <Log>Evolving generation 294</Log>
    <Log>Applying main-loop operators to the 1st deme</Log>
    <Log>
      <Stats type="Stats" id="deme0" generation="294" popsize="200">
        <Item key="processed">100</Item>
        <Item key="total-processed">29600</Item>
        <Measure id="fitness">
          <Avg>-46.99</Avg>
          <Std>1.34122871739</Std>
          <Max>-46</Max>
          <Min>-51</Min>
        </Measure>
      </Stats>
    </Log>
    <Log>
      <Stats type="Stats" id="vivarium" generation="294" popsize="200">
        <Item key="processed">100</Item>
        <Item key="total-processed">29600</Item>
        <Measure id="fitness">
          <Avg>-46.99</Avg>
          <Std>1.34122871739</Std>
          <Max>-46</Max>
          <Min>-51</Min>
        </Measure>
      </Stats>
    </Log>
    <Log>Evolving generation 295</Log>
    <Log>Applying main-loop operators to the 1st deme</Log>
    <Log>
      <Stats type="Stats" id="deme0" generation="295" popsize="200">
        <Item key="processed">100</Item>
        <Item key="total-processed">29700</Item>
        <Measure id="fitness">
          <Avg>-47.085</Avg>
          <Std>1.41697356022</Std>
          <Max>-46</Max>
          <Min>-51</Min>
        </Measure>
      </Stats>
    </Log>
    <Log>
      <Stats type="Stats" id="vivarium" generation="295" popsize="200">
        <Item key="processed">100</Item>
        <Item key="total-processed">29700</Item>
        <Measure id="fitness">
          <Avg>-47.085</Avg>
          <Std>1.41697356022</Std>
          <Max>-46</Max>
          <Min>-51</Min>
        </Measure>
      </Stats>
    </Log>
    <Log>Evolving generation 296</Log>
    <Log>Applying main-loop operators to the 1st deme</Log>
    <Log>
      <Stats type="Stats" id="deme0" generation="296" popsize="200">
        <Item key="processed">100</Item>
        <Item key="total-processed">29800</Item>
        <Measure id="fitness">
          <Avg>-47.105</Avg>
          <Std>1.3905550029</Std>
          <Max>-46</Max>
          <Min>-51</Min>
        </Measure>
      </Stats>
    </Log>
    <Log>
      <Stats type="Stats" id="vivarium" generation="296" popsize="200">
        <Item key="processed">100</Item>
        <Item key="total-processed">29800</Item>
        <Measure id="fitness">
          <Avg>-47.105</Avg>
          <Std>1.3905550029</Std>
          <Max>-46</Max>
          <Min>-51</Min>
        </Measure>
      </Stats>
    </Log>
    <Log>Evolving generation 297</Log>
    <Log>Applying main-loop operators to the 1st deme</Log>
    <Log>
      <Stats type="Stats" id="deme0" generation="297" popsize="200">
        <Item key="processed">100</Item>
        <Item key="total-processed">29900</Item>
        <Measure id="fitness">
          <Avg>-47.03</Avg>
          <Std>1.36322850608</Std>
          <Max>-46</Max>
          <Min>-51</Min>
        </Measure>
      </Stats>
    </Log>
    <Log>
      <Stats type="Stats" id="vivarium" generation="297" popsize="200">
        <Item key="processed">100</Item>
        <Item key="total-processed">29900</Item>
        <Measure id="fitness">
          <Avg>-47.03</Avg>
          <Std>1.36322850608</Std>
          <Max>-46</Max>
          <Min>-51</Min>
        </Measure>
      </Stats>
    </Log>
    <Log>Evolving generation 298</Log>
    <Log>Applying main-loop operators to the 1st deme</Log>
    <Log>
      <Stats type="Stats" id="deme0" generation="298" popsize="200">
        <Item key="processed">100</Item>
        <Item key="total-processed">30000</Item>
        <Measure id="fitness">
          <Avg>-47.075</Avg>
          <Std>1.3997038452</Std>
          <Max>-46</Max>
          <Min>-52</Min>
        </Measure>
      </Stats>
    </Log>
    <Log>
      <Stats type="Stats" id="vivarium" generation="298" popsize="200">
        <Item key="processed">100</Item>
        <Item key="total-processed">30000</Item>
        <Measure id="fitness">
          <Avg>-47.075</Avg>
          <Std>1.3997038452</Std>
          <Max>-46</Max>
          <Min>-52</Min>
        </Measure>
      </Stats>
    </Log>
    <Log>Evolving generation 299</Log>
    <Log>Applying main-loop operators to the 1st deme</Log>
    <Log>
      <Stats type="Stats" id="deme0" generation="299" popsize="200">
        <Item key="processed">100</Item>
        <Item key="total-processed">30100</Item>
        <Measure id="fitness">
          <Avg>-47.12</Avg>
          <Std>1.47188048455</Std>
          <Max>-46</Max>
          <Min>-52</Min>
        </Measure>
      </Stats>
    </Log>
    <Log>
      <Stats type="Stats" id="vivarium" generation="299" popsize="200">
        <Item key="processed">100</Item>
        <Item key="total-processed">30100</Item>
        <Measure id="fitness">
          <Avg>-47.12</Avg>
          <Std>1.47188048455</Std>
          <Max>-46</Max>
          <Min>-52</Min>
        </Measure>
      </Stats>
    </Log>
    <Log>Evolving generation 300</Log>
    <Log>Applying main-loop operators to the 1st deme</Log>
    <Log>
      <Stats type="Stats" id="deme0" generation="300" popsize="200">
        <Item key="processed">100</Item>
        <Item key="total-processed">30200</Item>
        <Measure id="fitness">
          <Avg>-47.125</Avg>
          <Std>1.3997038452</Std>
          <Max>-46</Max>
          <Min>-51</Min>
        </Measure>
      </Stats>
    </Log>
    <Log>
      <Stats type="Stats" id="vivarium" generation="300" popsize="200">
        <Item key="processed">100</Item>
        <Item key="total-processed">30200</Item>
        <Measure id="fitness">
          <Avg>-47.125</Avg>
          <Std>1.3997038452</Std>
          <Max>-46</Max>
          <Min>-51</Min>
        </Measure>
      </Stats>
    </Log>
    <Log>Evolving generation 301</Log>
    <Log>Applying main-loop operators to the 1st deme</Log>
    <Log>
      <Stats type="Stats" id="deme0" generation="301" popsize="200">
        <Item key="processed">100</Item>
        <Item key="total-processed">30300</Item>
        <Measure id="fitness">
          <Avg>-47.065</Avg>
          <Std>1.34902719463</Std>
          <Max>-46</Max>
          <Min>-51</Min>
        </Measure>
      </Stats>
    </Log>
    <Log>
      <Stats type="Stats" id="vivarium" generation="301" popsize="200">
        <Item key="processed">100</Item>
        <Item key="total-processed">30300</Item>
        <Measure id="fitness">
          <Avg>-47.065</Avg>
          <Std>1.34902719463</Std>
          <Max>-46</Max>
          <Min>-51</Min>
        </Measure>
      </Stats>
    </Log>
    <Log>Evolving generation 302</Log>
    <Log>Applying main-loop operators to the 1st deme</Log>
    <Log>
      <Stats type="Stats" id="deme0" generation="302" popsize="200">
        <Item key="processed">100</Item>
        <Item key="total-processed">30400</Item>
        <Measure id="fitness">
          <Avg>-47.135</Avg>
          <Std>1.44819242732</Std>
          <Max>-46</Max>
          <Min>-51</Min>
        </Measure>
      </Stats>
    </Log>
    <Log>
      <Stats type="Stats" id="vivarium" generation="302" popsize="200">
        <Item key="processed">100</Item>
        <Item key="total-processed">30400</Item>
        <Measure id="fitness">
          <Avg>-47.135</Avg>
          <Std>1.44819242732</Std>
          <Max>-46</Max>
          <Min>-51</Min>
        </Measure>
      </Stats>
    </Log>
    <Log>Evolving generation 303</Log>
    <Log>Applying main-loop operators to the 1st deme</Log>
    <Log>
      <Stats type="Stats" id="deme0" generation="303" popsize="200">
        <Item key="processed">100</Item>
        <Item key="total-processed">30500</Item>
        <Measure id="fitness">
          <Avg>-47.125</Avg>
          <Std>1.38526887255</Std>
          <Max>-46</Max>
          <Min>-51</Min>
        </Measure>
      </Stats>
    </Log>
    <Log>
      <Stats type="Stats" id="vivarium" generation="303" popsize="200">
        <Item key="processed">100</Item>
        <Item key="total-processed">30500</Item>
        <Measure id="fitness">
          <Avg>-47.125</Avg>
          <Std>1.38526887255</Std>
          <Max>-46</Max>
          <Min>-51</Min>
        </Measure>
      </Stats>
    </Log>
    <Log>Evolving generation 304</Log>
    <Log>Applying main-loop operators to the 1st deme</Log>
    <Log>
      <Stats type="Stats" id="deme0" generation="304" popsize="200">
        <Item key="processed">100</Item>
        <Item key="total-processed">30600</Item>
        <Measure id="fitness">
          <Avg>-47.06</Avg>
          <Std>1.33616115539</Std>
          <Max>-46</Max>
          <Min>-51</Min>
        </Measure>
      </Stats>
    </Log>
    <Log>
      <Stats type="Stats" id="vivarium" generation="304" popsize="200">
        <Item key="processed">100</Item>
        <Item key="total-processed">30600</Item>
        <Measure id="fitness">
          <Avg>-47.06</Avg>
          <Std>1.33616115539</Std>
          <Max>-46</Max>
          <Min>-51</Min>
        </Measure>
      </Stats>
    </Log>
    <Log>Evolving generation 305</Log>
    <Log>Applying main-loop operators to the 1st deme</Log>
    <Log>
      <Stats type="Stats" id="deme0" generation="305" popsize="200">
        <Item key="processed">100</Item>
        <Item key="total-processed">30700</Item>
        <Measure id="fitness">
          <Avg>-47.105</Avg>
          <Std>1.41917061206</Std>
          <Max>-46</Max>
          <Min>-51</Min>
        </Measure>
      </Stats>
    </Log>
    <Log>
      <Stats type="Stats" id="vivarium" generation="305" popsize="200">
        <Item key="processed">100</Item>
        <Item key="total-processed">30700</Item>
        <Measure id="fitness">
          <Avg>-47.105</Avg>
          <Std>1.41917061206</Std>
          <Max>-46</Max>
          <Min>-51</Min>
        </Measure>
      </Stats>
    </Log>
    <Log>Evolving generation 306</Log>
    <Log>Applying main-loop operators to the 1st deme</Log>
    <Log>
      <Stats type="Stats" id="deme0" generation="306" popsize="200">
        <Item key="processed">100</Item>
        <Item key="total-processed">30800</Item>
        <Measure id="fitness">
          <Avg>-47.17</Avg>
          <Std>1.47375703527</Std>
          <Max>-46</Max>
          <Min>-51</Min>
        </Measure>
      </Stats>
    </Log>
    <Log>
      <Stats type="Stats" id="vivarium" generation="306" popsize="200">
        <Item key="processed">100</Item>
        <Item key="total-processed">30800</Item>
        <Measure id="fitness">
          <Avg>-47.17</Avg>
          <Std>1.47375703527</Std>
          <Max>-46</Max>
          <Min>-51</Min>
        </Measure>
      </Stats>
    </Log>
    <Log>Evolving generation 307</Log>
    <Log>Applying main-loop operators to the 1st deme</Log>
    <Log>
      <Stats type="Stats" id="deme0" generation="307" popsize="200">
        <Item key="processed">100</Item>
        <Item key="total-processed">30900</Item>
        <Measure id="fitness">
          <Avg>-46.995</Avg>
          <Std>1.35059078828</Std>
          <Max>-46</Max>
          <Min>-51</Min>
        </Measure>
      </Stats>
    </Log>
    <Log>
      <Stats type="Stats" id="vivarium" generation="307" popsize="200">
        <Item key="processed">100</Item>
        <Item key="total-processed">30900</Item>
        <Measure id="fitness">
          <Avg>-46.995</Avg>
          <Std>1.35059078828</Std>
          <Max>-46</Max>
          <Min>-51</Min>
        </Measure>
      </Stats>
    </Log>
    <Log>Evolving generation 308</Log>
    <Log>Applying main-loop operators to the 1st deme</Log>
    <Log>
      <Stats type="Stats" id="deme0" generation="308" popsize="200">
        <Item key="processed">100</Item>
        <Item key="total-processed">31000</Item>
        <Measure id="fitness">
          <Avg>-47.01</Avg>
          <Std>1.29160412125</Std>
          <Max>-46</Max>
          <Min>-52</Min>
        </Measure>
      </Stats>
    </Log>
    <Log>
      <Stats type="Stats" id="vivarium" generation="308" popsize="200">
        <Item key="processed">100</Item>
        <Item key="total-processed">31000</Item>
        <Measure id="fitness">
          <Avg>-47.01</Avg>
          <Std>1.29160412125</Std>
          <Max>-46</Max>
          <Min>-52</Min>
        </Measure>
      </Stats>
    </Log>
    <Log>Evolving generation 309</Log>
    <Log>Applying main-loop operators to the 1st deme</Log>
    <Log>
      <Stats type="Stats" id="deme0" generation="309" popsize="200">
        <Item key="processed">100</Item>
        <Item key="total-processed">31100</Item>
        <Measure id="fitness">
          <Avg>-47.185</Avg>
          <Std>1.48045049507</Std>
          <Max>-46</Max>
          <Min>-51</Min>
        </Measure>
      </Stats>
    </Log>
    <Log>
      <Stats type="Stats" id="vivarium" generation="309" popsize="200">
        <Item key="processed">100</Item>
        <Item key="total-processed">31100</Item>
        <Measure id="fitness">
          <Avg>-47.185</Avg>
          <Std>1.48045049507</Std>
          <Max>-46</Max>
          <Min>-51</Min>
        </Measure>
      </Stats>
    </Log>
    <Log>Evolving generation 310</Log>
    <Log>Applying main-loop operators to the 1st deme</Log>
    <Log>
      <Stats type="Stats" id="deme0" generation="310" popsize="200">
        <Item key="processed">100</Item>
        <Item key="total-processed">31200</Item>
        <Measure id="fitness">
          <Avg>-47.05</Avg>
          <Std>1.35152993523</Std>
          <Max>-46</Max>
          <Min>-51</Min>
        </Measure>
      </Stats>
    </Log>
    <Log>
      <Stats type="Stats" id="vivarium" generation="310" popsize="200">
        <Item key="processed">100</Item>
        <Item key="total-processed">31200</Item>
        <Measure id="fitness">
          <Avg>-47.05</Avg>
          <Std>1.35152993523</Std>
          <Max>-46</Max>
          <Min>-51</Min>
        </Measure>
      </Stats>
    </Log>
    <Log>Evolving generation 311</Log>
    <Log>Applying main-loop operators to the 1st deme</Log>
    <Log>
      <Stats type="Stats" id="deme0" generation="311" popsize="200">
        <Item key="processed">100</Item>
        <Item key="total-processed">31300</Item>
        <Measure id="fitness">
          <Avg>-47.13</Avg>
          <Std>1.43295737347</Std>
          <Max>-46</Max>
          <Min>-52</Min>
        </Measure>
      </Stats>
    </Log>
    <Log>
      <Stats type="Stats" id="vivarium" generation="311" popsize="200">
        <Item key="processed">100</Item>
        <Item key="total-processed">31300</Item>
        <Measure id="fitness">
          <Avg>-47.13</Avg>
          <Std>1.43295737347</Std>
          <Max>-46</Max>
          <Min>-52</Min>
        </Measure>
      </Stats>
    </Log>
    <Log>Evolving generation 312</Log>
    <Log>Applying main-loop operators to the 1st deme</Log>
    <Log>
      <Stats type="Stats" id="deme0" generation="312" popsize="200">
        <Item key="processed">100</Item>
        <Item key="total-processed">31400</Item>
        <Measure id="fitness">
          <Avg>-47.07</Avg>
          <Std>1.34691159854</Std>
          <Max>-46</Max>
          <Min>-51</Min>
        </Measure>
      </Stats>
    </Log>
    <Log>
      <Stats type="Stats" id="vivarium" generation="312" popsize="200">
        <Item key="processed">100</Item>
        <Item key="total-processed">31400</Item>
        <Measure id="fitness">
          <Avg>-47.07</Avg>
          <Std>1.34691159854</Std>
          <Max>-46</Max>
          <Min>-51</Min>
        </Measure>
      </Stats>
    </Log>
    <Log>Evolving generation 313</Log>
    <Log>Applying main-loop operators to the 1st deme</Log>
    <Log>
      <Stats type="Stats" id="deme0" generation="313" popsize="200">
        <Item key="processed">100</Item>
        <Item key="total-processed">31500</Item>
        <Measure id="fitness">
          <Avg>-47.18</Avg>
          <Std>1.48615046886</Std>
          <Max>-46</Max>
          <Min>-51</Min>
        </Measure>
      </Stats>
    </Log>
    <Log>
      <Stats type="Stats" id="vivarium" generation="313" popsize="200">
        <Item key="processed">100</Item>
        <Item key="total-processed">31500</Item>
        <Measure id="fitness">
          <Avg>-47.18</Avg>
          <Std>1.48615046886</Std>
          <Max>-46</Max>
          <Min>-51</Min>
        </Measure>
      </Stats>
    </Log>
    <Log>Evolving generation 314</Log>
    <Log>Applying main-loop operators to the 1st deme</Log>
    <Log>
      <Stats type="Stats" id="deme0" generation="314" popsize="200">
        <Item key="processed">100</Item>
        <Item key="total-processed">31600</Item>
        <Measure id="fitness">
          <Avg>-46.98</Avg>
          <Std>1.2639572539</Std>
          <Max>-46</Max>
          <Min>-50</Min>
        </Measure>
      </Stats>
    </Log>
    <Log>
      <Stats type="Stats" id="vivarium" generation="314" popsize="200">
        <Item key="processed">100</Item>
        <Item key="total-processed">31600</Item>
        <Measure id="fitness">
          <Avg>-46.98</Avg>
          <Std>1.2639572539</Std>
          <Max>-46</Max>
          <Min>-50</Min>
        </Measure>
      </Stats>
    </Log>
    <Log>Evolving generation 315</Log>
    <Log>Applying main-loop operators to the 1st deme</Log>
    <Log>
      <Stats type="Stats" id="deme0" generation="315" popsize="200">
        <Item key="processed">100</Item>
        <Item key="total-processed">31700</Item>
        <Measure id="fitness">
          <Avg>-47.015</Avg>
          <Std>1.33554987452</Std>
          <Max>-46</Max>
          <Min>-51</Min>
        </Measure>
      </Stats>
    </Log>
    <Log>
      <Stats type="Stats" id="vivarium" generation="315" popsize="200">
        <Item key="processed">100</Item>
        <Item key="total-processed">31700</Item>
        <Measure id="fitness">
          <Avg>-47.015</Avg>
          <Std>1.33554987452</Std>
          <Max>-46</Max>
          <Min>-51</Min>
        </Measure>
      </Stats>
    </Log>
    <Log>Evolving generation 316</Log>
    <Log>Applying main-loop operators to the 1st deme</Log>
    <Log>
      <Stats type="Stats" id="deme0" generation="316" popsize="200">
        <Item key="processed">100</Item>
        <Item key="total-processed">31800</Item>
        <Measure id="fitness">
          <Avg>-47.085</Avg>
          <Std>1.37375800463</Std>
          <Max>-46</Max>
          <Min>-52</Min>
        </Measure>
      </Stats>
    </Log>
    <Log>
      <Stats type="Stats" id="vivarium" generation="316" popsize="200">
        <Item key="processed">100</Item>
        <Item key="total-processed">31800</Item>
        <Measure id="fitness">
          <Avg>-47.085</Avg>
          <Std>1.37375800463</Std>
          <Max>-46</Max>
          <Min>-52</Min>
        </Measure>
      </Stats>
    </Log>
    <Log>Evolving generation 317</Log>
    <Log>Applying main-loop operators to the 1st deme</Log>
    <Log>
      <Stats type="Stats" id="deme0" generation="317" popsize="200">
        <Item key="processed">100</Item>
        <Item key="total-processed">31900</Item>
        <Measure id="fitness">
          <Avg>-47.035</Avg>
          <Std>1.36126419221</Std>
          <Max>-46</Max>
          <Min>-51</Min>
        </Measure>
      </Stats>
    </Log>
    <Log>
      <Stats type="Stats" id="vivarium" generation="317" popsize="200">
        <Item key="processed">100</Item>
        <Item key="total-processed">31900</Item>
        <Measure id="fitness">
          <Avg>-47.035</Avg>
          <Std>1.36126419221</Std>
          <Max>-46</Max>
          <Min>-51</Min>
        </Measure>
      </Stats>
    </Log>
    <Log>Evolving generation 318</Log>
    <Log>Applying main-loop operators to the 1st deme</Log>
    <Log>
      <Stats type="Stats" id="deme0" generation="318" popsize="200">
        <Item key="processed">100</Item>
        <Item key="total-processed">32000</Item>
        <Measure id="fitness">
          <Avg>-47.1</Avg>
          <Std>1.42835604981</Std>
          <Max>-46</Max>
          <Min>-51</Min>
        </Measure>
      </Stats>
    </Log>
    <Log>
      <Stats type="Stats" id="vivarium" generation="318" popsize="200">
        <Item key="processed">100</Item>
        <Item key="total-processed">32000</Item>
        <Measure id="fitness">
          <Avg>-47.1</Avg>
          <Std>1.42835604981</Std>
          <Max>-46</Max>
          <Min>-51</Min>
        </Measure>
      </Stats>
    </Log>
    <Log>Evolving generation 319</Log>
    <Log>Applying main-loop operators to the 1st deme</Log>
    <Log>
      <Stats type="Stats" id="deme0" generation="319" popsize="200">
        <Item key="processed">100</Item>
        <Item key="total-processed">32100</Item>
        <Measure id="fitness">
          <Avg>-47.065</Avg>
          <Std>1.38577663583</Std>
          <Max>-46</Max>
          <Min>-51</Min>
        </Measure>
      </Stats>
    </Log>
    <Log>
      <Stats type="Stats" id="vivarium" generation="319" popsize="200">
        <Item key="processed">100</Item>
        <Item key="total-processed">32100</Item>
        <Measure id="fitness">
          <Avg>-47.065</Avg>
          <Std>1.38577663583</Std>
          <Max>-46</Max>
          <Min>-51</Min>
        </Measure>
      </Stats>
    </Log>
    <Log>Evolving generation 320</Log>
    <Log>Applying main-loop operators to the 1st deme</Log>
    <Log>
      <Stats type="Stats" id="deme0" generation="320" popsize="200">
        <Item key="processed">100</Item>
        <Item key="total-processed">32200</Item>
        <Measure id="fitness">
          <Avg>-47.02</Avg>
          <Std>1.32224873172</Std>
          <Max>-46</Max>
          <Min>-51</Min>
        </Measure>
      </Stats>
    </Log>
    <Log>
      <Stats type="Stats" id="vivarium" generation="320" popsize="200">
        <Item key="processed">100</Item>
        <Item key="total-processed">32200</Item>
        <Measure id="fitness">
          <Avg>-47.02</Avg>
          <Std>1.32224873172</Std>
          <Max>-46</Max>
          <Min>-51</Min>
        </Measure>
      </Stats>
    </Log>
    <Log>Evolving generation 321</Log>
    <Log>Applying main-loop operators to the 1st deme</Log>
    <Log>
      <Stats type="Stats" id="deme0" generation="321" popsize="200">
        <Item key="processed">100</Item>
        <Item key="total-processed">32300</Item>
        <Measure id="fitness">
          <Avg>-47.04</Avg>
          <Std>1.35186452296</Std>
          <Max>-46</Max>
          <Min>-51</Min>
        </Measure>
      </Stats>
    </Log>
    <Log>
      <Stats type="Stats" id="vivarium" generation="321" popsize="200">
        <Item key="processed">100</Item>
        <Item key="total-processed">32300</Item>
        <Measure id="fitness">
          <Avg>-47.04</Avg>
          <Std>1.35186452296</Std>
          <Max>-46</Max>
          <Min>-51</Min>
        </Measure>
      </Stats>
    </Log>
    <Log>Evolving generation 322</Log>
    <Log>Applying main-loop operators to the 1st deme</Log>
    <Log>
      <Stats type="Stats" id="deme0" generation="322" popsize="200">
        <Item key="processed">100</Item>
        <Item key="total-processed">32400</Item>
        <Measure id="fitness">
          <Avg>-47.13</Avg>
          <Std>1.42239800351</Std>
          <Max>-46</Max>
          <Min>-52</Min>
        </Measure>
      </Stats>
    </Log>
    <Log>
      <Stats type="Stats" id="vivarium" generation="322" popsize="200">
        <Item key="processed">100</Item>
        <Item key="total-processed">32400</Item>
        <Measure id="fitness">
          <Avg>-47.13</Avg>
          <Std>1.42239800351</Std>
          <Max>-46</Max>
          <Min>-52</Min>
        </Measure>
      </Stats>
    </Log>
    <Log>Evolving generation 323</Log>
    <Log>Applying main-loop operators to the 1st deme</Log>
    <Log>
      <Stats type="Stats" id="deme0" generation="323" popsize="200">
        <Item key="processed">100</Item>
        <Item key="total-processed">32500</Item>
        <Measure id="fitness">
          <Avg>-47.095</Avg>
          <Std>1.42693930456</Std>
          <Max>-46</Max>
          <Min>-51</Min>
        </Measure>
      </Stats>
    </Log>
    <Log>
      <Stats type="Stats" id="vivarium" generation="323" popsize="200">
        <Item key="processed">100</Item>
        <Item key="total-processed">32500</Item>
        <Measure id="fitness">
          <Avg>-47.095</Avg>
          <Std>1.42693930456</Std>
          <Max>-46</Max>
          <Min>-51</Min>
        </Measure>
      </Stats>
    </Log>
    <Log>Evolving generation 324</Log>
    <Log>Applying main-loop operators to the 1st deme</Log>
    <Log>
      <Stats type="Stats" id="deme0" generation="324" popsize="200">
        <Item key="processed">100</Item>
        <Item key="total-processed">32600</Item>
        <Measure id="fitness">
          <Avg>-47.19</Avg>
          <Std>1.46788056968</Std>
          <Max>-46</Max>
          <Min>-52</Min>
        </Measure>
      </Stats>
    </Log>
    <Log>
      <Stats type="Stats" id="vivarium" generation="324" popsize="200">
        <Item key="processed">100</Item>
        <Item key="total-processed">32600</Item>
        <Measure id="fitness">
          <Avg>-47.19</Avg>
          <Std>1.46788056968</Std>
          <Max>-46</Max>
          <Min>-52</Min>
        </Measure>
      </Stats>
    </Log>
    <Log>Evolving generation 325</Log>
    <Log>Applying main-loop operators to the 1st deme</Log>
    <Log>
      <Stats type="Stats" id="deme0" generation="325" popsize="200">
        <Item key="processed">100</Item>
        <Item key="total-processed">32700</Item>
        <Measure id="fitness">
          <Avg>-46.98</Avg>
          <Std>1.28759055885</Std>
          <Max>-46</Max>
          <Min>-51</Min>
        </Measure>
      </Stats>
    </Log>
    <Log>
      <Stats type="Stats" id="vivarium" generation="325" popsize="200">
        <Item key="processed">100</Item>
        <Item key="total-processed">32700</Item>
        <Measure id="fitness">
          <Avg>-46.98</Avg>
          <Std>1.28759055885</Std>
          <Max>-46</Max>
          <Min>-51</Min>
        </Measure>
      </Stats>
    </Log>
    <Log>Evolving generation 326</Log>
    <Log>Applying main-loop operators to the 1st deme</Log>
    <Log>
      <Stats type="Stats" id="deme0" generation="326" popsize="200">
        <Item key="processed">100</Item>
        <Item key="total-processed">32800</Item>
        <Measure id="fitness">
          <Avg>-47.14</Avg>
          <Std>1.46668189424</Std>
          <Max>-46</Max>
          <Min>-52</Min>
        </Measure>
      </Stats>
    </Log>
    <Log>
      <Stats type="Stats" id="vivarium" generation="326" popsize="200">
        <Item key="processed">100</Item>
        <Item key="total-processed">32800</Item>
        <Measure id="fitness">
          <Avg>-47.14</Avg>
          <Std>1.46668189424</Std>
          <Max>-46</Max>
          <Min>-52</Min>
        </Measure>
      </Stats>
    </Log>
    <Log>Evolving generation 327</Log>
    <Log>Applying main-loop operators to the 1st deme</Log>
    <Log>
      <Stats type="Stats" id="deme0" generation="327" popsize="200">
        <Item key="processed">100</Item>
        <Item key="total-processed">32900</Item>
        <Measure id="fitness">
          <Avg>-47.185</Avg>
          <Std>1.43914233253</Std>
          <Max>-46</Max>
          <Min>-51</Min>
        </Measure>
      </Stats>
    </Log>
    <Log>
      <Stats type="Stats" id="vivarium" generation="327" popsize="200">
        <Item key="processed">100</Item>
        <Item key="total-processed">32900</Item>
        <Measure id="fitness">
          <Avg>-47.185</Avg>
          <Std>1.43914233253</Std>
          <Max>-46</Max>
          <Min>-51</Min>
        </Measure>
      </Stats>
    </Log>
    <Log>Evolving generation 328</Log>
    <Log>Applying main-loop operators to the 1st deme</Log>
    <Log>
      <Stats type="Stats" id="deme0" generation="328" popsize="200">
        <Item key="processed">100</Item>
        <Item key="total-processed">33000</Item>
        <Measure id="fitness">
          <Avg>-47.175</Avg>
          <Std>1.47146219966</Std>
          <Max>-46</Max>
          <Min>-51</Min>
        </Measure>
      </Stats>
    </Log>
    <Log>
      <Stats type="Stats" id="vivarium" generation="328" popsize="200">
        <Item key="processed">100</Item>
        <Item key="total-processed">33000</Item>
        <Measure id="fitness">
          <Avg>-47.175</Avg>
          <Std>1.47146219966</Std>
          <Max>-46</Max>
          <Min>-51</Min>
        </Measure>
      </Stats>
    </Log>
    <Log>Evolving generation 329</Log>
    <Log>Applying main-loop operators to the 1st deme</Log>
    <Log>
      <Stats type="Stats" id="deme0" generation="329" popsize="200">
        <Item key="processed">100</Item>
        <Item key="total-processed">33100</Item>
        <Measure id="fitness">
          <Avg>-47.07</Avg>
          <Std>1.3727791567</Std>
          <Max>-46</Max>
          <Min>-52</Min>
        </Measure>
      </Stats>
    </Log>
    <Log>
      <Stats type="Stats" id="vivarium" generation="329" popsize="200">
        <Item key="processed">100</Item>
        <Item key="total-processed">33100</Item>
        <Measure id="fitness">
          <Avg>-47.07</Avg>
          <Std>1.3727791567</Std>
          <Max>-46</Max>
          <Min>-52</Min>
        </Measure>
      </Stats>
    </Log>
    <Log>Evolving generation 330</Log>
    <Log>Applying main-loop operators to the 1st deme</Log>
    <Log>
      <Stats type="Stats" id="deme0" generation="330" popsize="200">
        <Item key="processed">100</Item>
        <Item key="total-processed">33200</Item>
        <Measure id="fitness">
          <Avg>-47.02</Avg>
          <Std>1.29148739773</Std>
          <Max>-46</Max>
          <Min>-51</Min>
        </Measure>
      </Stats>
    </Log>
    <Log>
      <Stats type="Stats" id="vivarium" generation="330" popsize="200">
        <Item key="processed">100</Item>
        <Item key="total-processed">33200</Item>
        <Measure id="fitness">
          <Avg>-47.02</Avg>
          <Std>1.29148739773</Std>
          <Max>-46</Max>
          <Min>-51</Min>
        </Measure>
      </Stats>
    </Log>
    <Log>Evolving generation 331</Log>
    <Log>Applying main-loop operators to the 1st deme</Log>
    <Log>
      <Stats type="Stats" id="deme0" generation="331" popsize="200">
        <Item key="processed">100</Item>
        <Item key="total-processed">33300</Item>
        <Measure id="fitness">
          <Avg>-47.1</Avg>
          <Std>1.33375202806</Std>
          <Max>-46</Max>
          <Min>-50</Min>
        </Measure>
      </Stats>
    </Log>
    <Log>
      <Stats type="Stats" id="vivarium" generation="331" popsize="200">
        <Item key="processed">100</Item>
        <Item key="total-processed">33300</Item>
        <Measure id="fitness">
          <Avg>-47.1</Avg>
          <Std>1.33375202806</Std>
          <Max>-46</Max>
          <Min>-50</Min>
        </Measure>
      </Stats>
    </Log>
    <Log>Evolving generation 332</Log>
    <Log>Applying main-loop operators to the 1st deme</Log>
    <Log>
      <Stats type="Stats" id="deme0" generation="332" popsize="200">
        <Item key="processed">100</Item>
        <Item key="total-processed">33400</Item>
        <Measure id="fitness">
          <Avg>-47.14</Avg>
          <Std>1.5205130052</Std>
          <Max>-46</Max>
          <Min>-52</Min>
        </Measure>
      </Stats>
    </Log>
    <Log>
      <Stats type="Stats" id="vivarium" generation="332" popsize="200">
        <Item key="processed">100</Item>
        <Item key="total-processed">33400</Item>
        <Measure id="fitness">
          <Avg>-47.14</Avg>
          <Std>1.5205130052</Std>
          <Max>-46</Max>
          <Min>-52</Min>
        </Measure>
      </Stats>
    </Log>
    <Log>Evolving generation 333</Log>
    <Log>Applying main-loop operators to the 1st deme</Log>
    <Log>
      <Stats type="Stats" id="deme0" generation="333" popsize="200">
        <Item key="processed">100</Item>
        <Item key="total-processed">33500</Item>
        <Measure id="fitness">
          <Avg>-47.19</Avg>
          <Std>1.53809253402</Std>
          <Max>-46</Max>
          <Min>-52</Min>
        </Measure>
      </Stats>
    </Log>
    <Log>
      <Stats type="Stats" id="vivarium" generation="333" popsize="200">
        <Item key="processed">100</Item>
        <Item key="total-processed">33500</Item>
        <Measure id="fitness">
          <Avg>-47.19</Avg>
          <Std>1.53809253402</Std>
          <Max>-46</Max>
          <Min>-52</Min>
        </Measure>
      </Stats>
    </Log>
    <Log>Evolving generation 334</Log>
    <Log>Applying main-loop operators to the 1st deme</Log>
    <Log>
      <Stats type="Stats" id="deme0" generation="334" popsize="200">
        <Item key="processed">100</Item>
        <Item key="total-processed">33600</Item>
        <Measure id="fitness">
          <Avg>-47.155</Avg>
          <Std>1.51075707335</Std>
          <Max>-46</Max>
          <Min>-52</Min>
        </Measure>
      </Stats>
    </Log>
    <Log>
      <Stats type="Stats" id="vivarium" generation="334" popsize="200">
        <Item key="processed">100</Item>
        <Item key="total-processed">33600</Item>
        <Measure id="fitness">
          <Avg>-47.155</Avg>
          <Std>1.51075707335</Std>
          <Max>-46</Max>
          <Min>-52</Min>
        </Measure>
      </Stats>
    </Log>
    <Log>Evolving generation 335</Log>
    <Log>Applying main-loop operators to the 1st deme</Log>
    <Log>
      <Stats type="Stats" id="deme0" generation="335" popsize="200">
        <Item key="processed">100</Item>
        <Item key="total-processed">33700</Item>
        <Measure id="fitness">
          <Avg>-47.045</Avg>
          <Std>1.28890705911</Std>
          <Max>-46</Max>
          <Min>-50</Min>
        </Measure>
      </Stats>
    </Log>
    <Log>
      <Stats type="Stats" id="vivarium" generation="335" popsize="200">
        <Item key="processed">100</Item>
        <Item key="total-processed">33700</Item>
        <Measure id="fitness">
          <Avg>-47.045</Avg>
          <Std>1.28890705911</Std>
          <Max>-46</Max>
          <Min>-50</Min>
        </Measure>
      </Stats>
    </Log>
    <Log>Evolving generation 336</Log>
    <Log>Applying main-loop operators to the 1st deme</Log>
    <Log>
      <Stats type="Stats" id="deme0" generation="336" popsize="200">
        <Item key="processed">100</Item>
        <Item key="total-processed">33800</Item>
        <Measure id="fitness">
          <Avg>-47.09</Avg>
          <Std>1.38980494637</Std>
          <Max>-46</Max>
          <Min>-51</Min>
        </Measure>
      </Stats>
    </Log>
    <Log>
      <Stats type="Stats" id="vivarium" generation="336" popsize="200">
        <Item key="processed">100</Item>
        <Item key="total-processed">33800</Item>
        <Measure id="fitness">
          <Avg>-47.09</Avg>
          <Std>1.38980494637</Std>
          <Max>-46</Max>
          <Min>-51</Min>
        </Measure>
      </Stats>
    </Log>
    <Log>Evolving generation 337</Log>
    <Log>Applying main-loop operators to the 1st deme</Log>
    <Log>
      <Stats type="Stats" id="deme0" generation="337" popsize="200">
        <Item key="processed">100</Item>
        <Item key="total-processed">33900</Item>
        <Measure id="fitness">
          <Avg>-47.08</Avg>
          <Std>1.39041948047</Std>
          <Max>-46</Max>
          <Min>-51</Min>
        </Measure>
      </Stats>
    </Log>
    <Log>
      <Stats type="Stats" id="vivarium" generation="337" popsize="200">
        <Item key="processed">100</Item>
        <Item key="total-processed">33900</Item>
        <Measure id="fitness">
          <Avg>-47.08</Avg>
          <Std>1.39041948047</Std>
          <Max>-46</Max>
          <Min>-51</Min>
        </Measure>
      </Stats>
    </Log>
    <Log>Evolving generation 338</Log>
    <Log>Applying main-loop operators to the 1st deme</Log>
    <Log>
      <Stats type="Stats" id="deme0" generation="338" popsize="200">
        <Item key="processed">100</Item>
        <Item key="total-processed">34000</Item>
        <Measure id="fitness">
          <Avg>-46.99</Avg>
          <Std>1.31091283551</Std>
          <Max>-46</Max>
          <Min>-51</Min>
        </Measure>
      </Stats>
    </Log>
    <Log>
      <Stats type="Stats" id="vivarium" generation="338" popsize="200">
        <Item key="processed">100</Item>
        <Item key="total-processed">34000</Item>
        <Measure id="fitness">
          <Avg>-46.99</Avg>
          <Std>1.31091283551</Std>
          <Max>-46</Max>
          <Min>-51</Min>
        </Measure>
      </Stats>
    </Log>
    <Log>Evolving generation 339</Log>
    <Log>Applying main-loop operators to the 1st deme</Log>
    <Log>
      <Stats type="Stats" id="deme0" generation="339" popsize="200">
        <Item key="processed">100</Item>
        <Item key="total-processed">34100</Item>
        <Measure id="fitness">
          <Avg>-47.095</Avg>
          <Std>1.4163350681</Std>
          <Max>-46</Max>
          <Min>-51</Min>
        </Measure>
      </Stats>
    </Log>
    <Log>
      <Stats type="Stats" id="vivarium" generation="339" popsize="200">
        <Item key="processed">100</Item>
        <Item key="total-processed">34100</Item>
        <Measure id="fitness">
          <Avg>-47.095</Avg>
          <Std>1.4163350681</Std>
          <Max>-46</Max>
          <Min>-51</Min>
        </Measure>
      </Stats>
    </Log>
    <Log>Evolving generation 340</Log>
    <Log>Applying main-loop operators to the 1st deme</Log>
    <Log>
      <Stats type="Stats" id="deme0" generation="340" popsize="200">
        <Item key="processed">100</Item>
        <Item key="total-processed">34200</Item>
        <Measure id="fitness">
          <Avg>-47.225</Avg>
          <Std>1.53170020815</Std>
          <Max>-46</Max>
          <Min>-53</Min>
        </Measure>
      </Stats>
    </Log>
    <Log>
      <Stats type="Stats" id="vivarium" generation="340" popsize="200">
        <Item key="processed">100</Item>
        <Item key="total-processed">34200</Item>
        <Measure id="fitness">
          <Avg>-47.225</Avg>
          <Std>1.53170020815</Std>
          <Max>-46</Max>
          <Min>-53</Min>
        </Measure>
      </Stats>
    </Log>
    <Log>Evolving generation 341</Log>
    <Log>Applying main-loop operators to the 1st deme</Log>
    <Log>
      <Stats type="Stats" id="deme0" generation="341" popsize="200">
        <Item key="processed">100</Item>
        <Item key="total-processed">34300</Item>
        <Measure id="fitness">
          <Avg>-47.155</Avg>
          <Std>1.51075707335</Std>
          <Max>-46</Max>
          <Min>-52</Min>
        </Measure>
      </Stats>
    </Log>
    <Log>
      <Stats type="Stats" id="vivarium" generation="341" popsize="200">
        <Item key="processed">100</Item>
        <Item key="total-processed">34300</Item>
        <Measure id="fitness">
          <Avg>-47.155</Avg>
          <Std>1.51075707335</Std>
          <Max>-46</Max>
          <Min>-52</Min>
        </Measure>
      </Stats>
    </Log>
    <Log>Evolving generation 342</Log>
    <Log>Applying main-loop operators to the 1st deme</Log>
    <Log>
      <Stats type="Stats" id="deme0" generation="342" popsize="200">
        <Item key="processed">100</Item>
        <Item key="total-processed">34400</Item>
        <Measure id="fitness">
          <Avg>-47.15</Avg>
          <Std>1.43799832962</Std>
          <Max>-46</Max>
          <Min>-52</Min>
        </Measure>
      </Stats>
    </Log>
    <Log>
      <Stats type="Stats" id="vivarium" generation="342" popsize="200">
        <Item key="processed">100</Item>
        <Item key="total-processed">34400</Item>
        <Measure id="fitness">
          <Avg>-47.15</Avg>
          <Std>1.43799832962</Std>
          <Max>-46</Max>
          <Min>-52</Min>
        </Measure>
      </Stats>
    </Log>
    <Log>Evolving generation 343</Log>
    <Log>Applying main-loop operators to the 1st deme</Log>
    <Log>
      <Stats type="Stats" id="deme0" generation="343" popsize="200">
        <Item key="processed">100</Item>
        <Item key="total-processed">34500</Item>
        <Measure id="fitness">
          <Avg>-47.035</Avg>
          <Std>1.37959829562</Std>
          <Max>-46</Max>
          <Min>-52</Min>
        </Measure>
      </Stats>
    </Log>
    <Log>
      <Stats type="Stats" id="vivarium" generation="343" popsize="200">
        <Item key="processed">100</Item>
        <Item key="total-processed">34500</Item>
        <Measure id="fitness">
          <Avg>-47.035</Avg>
          <Std>1.37959829562</Std>
          <Max>-46</Max>
          <Min>-52</Min>
        </Measure>
      </Stats>
    </Log>
    <Log>Evolving generation 344</Log>
    <Log>Applying main-loop operators to the 1st deme</Log>
    <Log>
      <Stats type="Stats" id="deme0" generation="344" popsize="200">
        <Item key="processed">100</Item>
        <Item key="total-processed">34600</Item>
        <Measure id="fitness">
          <Avg>-47.085</Avg>
          <Std>1.40629417854</Std>
          <Max>-46</Max>
          <Min>-51</Min>
        </Measure>
      </Stats>
    </Log>
    <Log>
      <Stats type="Stats" id="vivarium" generation="344" popsize="200">
        <Item key="processed">100</Item>
        <Item key="total-processed">34600</Item>
        <Measure id="fitness">
          <Avg>-47.085</Avg>
          <Std>1.40629417854</Std>
          <Max>-46</Max>
          <Min>-51</Min>
        </Measure>
      </Stats>
    </Log>
    <Log>Evolving generation 345</Log>
    <Log>Applying main-loop operators to the 1st deme</Log>
    <Log>
      <Stats type="Stats" id="deme0" generation="345" popsize="200">
        <Item key="processed">100</Item>
        <Item key="total-processed">34700</Item>
        <Measure id="fitness">
          <Avg>-47.225</Avg>
          <Std>1.47827653284</Std>
          <Max>-46</Max>
          <Min>-52</Min>
        </Measure>
      </Stats>
    </Log>
    <Log>
      <Stats type="Stats" id="vivarium" generation="345" popsize="200">
        <Item key="processed">100</Item>
        <Item key="total-processed">34700</Item>
        <Measure id="fitness">
          <Avg>-47.225</Avg>
          <Std>1.47827653284</Std>
          <Max>-46</Max>
          <Min>-52</Min>
        </Measure>
      </Stats>
    </Log>
    <Log>Evolving generation 346</Log>
    <Log>Applying main-loop operators to the 1st deme</Log>
    <Log>
      <Stats type="Stats" id="deme0" generation="346" popsize="200">
        <Item key="processed">100</Item>
        <Item key="total-processed">34800</Item>
        <Measure id="fitness">
          <Avg>-47.04</Avg>
          <Std>1.37763908453</Std>
          <Max>-46</Max>
          <Min>-51</Min>
        </Measure>
      </Stats>
    </Log>
    <Log>
      <Stats type="Stats" id="vivarium" generation="346" popsize="200">
        <Item key="processed">100</Item>
        <Item key="total-processed">34800</Item>
        <Measure id="fitness">
          <Avg>-47.04</Avg>
          <Std>1.37763908453</Std>
          <Max>-46</Max>
          <Min>-51</Min>
        </Measure>
      </Stats>
    </Log>
    <Log>Evolving generation 347</Log>
    <Log>Applying main-loop operators to the 1st deme</Log>
    <Log>
      <Stats type="Stats" id="deme0" generation="347" popsize="200">
        <Item key="processed">100</Item>
        <Item key="total-processed">34900</Item>
        <Measure id="fitness">
          <Avg>-47.125</Avg>
          <Std>1.36701082401</Std>
          <Max>-46</Max>
          <Min>-50</Min>
        </Measure>
      </Stats>
    </Log>
    <Log>
      <Stats type="Stats" id="vivarium" generation="347" popsize="200">
        <Item key="processed">100</Item>
        <Item key="total-processed">34900</Item>
        <Measure id="fitness">
          <Avg>-47.125</Avg>
          <Std>1.36701082401</Std>
          <Max>-46</Max>
          <Min>-50</Min>
        </Measure>
      </Stats>
    </Log>
    <Log>Evolving generation 348</Log>
    <Log>Applying main-loop operators to the 1st deme</Log>
    <Log>
      <Stats type="Stats" id="deme0" generation="348" popsize="200">
        <Item key="processed">100</Item>
        <Item key="total-processed">35000</Item>
        <Measure id="fitness">
          <Avg>-47.04</Avg>
          <Std>1.28712214536</Std>
          <Max>-46</Max>
          <Min>-51</Min>
        </Measure>
      </Stats>
    </Log>
    <Log>
      <Stats type="Stats" id="vivarium" generation="348" popsize="200">
        <Item key="processed">100</Item>
        <Item key="total-processed">35000</Item>
        <Measure id="fitness">
          <Avg>-47.04</Avg>
          <Std>1.28712214536</Std>
          <Max>-46</Max>
          <Min>-51</Min>
        </Measure>
      </Stats>
    </Log>
    <Log>Evolving generation 349</Log>
    <Log>Applying main-loop operators to the 1st deme</Log>
    <Log>
      <Stats type="Stats" id="deme0" generation="349" popsize="200">
        <Item key="processed">100</Item>
        <Item key="total-processed">35100</Item>
        <Measure id="fitness">
          <Avg>-47.065</Avg>
          <Std>1.39661291638</Std>
          <Max>-46</Max>
          <Min>-52</Min>
        </Measure>
      </Stats>
    </Log>
    <Log>
      <Stats type="Stats" id="vivarium" generation="349" popsize="200">
        <Item key="processed">100</Item>
        <Item key="total-processed">35100</Item>
        <Measure id="fitness">
          <Avg>-47.065</Avg>
          <Std>1.39661291638</Std>
          <Max>-46</Max>
          <Min>-52</Min>
        </Measure>
      </Stats>
    </Log>
    <Log>Evolving generation 350</Log>
    <Log>Applying main-loop operators to the 1st deme</Log>
    <Log>
      <Stats type="Stats" id="deme0" generation="350" popsize="200">
        <Item key="processed">100</Item>
        <Item key="total-processed">35200</Item>
        <Measure id="fitness">
          <Avg>-47.11</Avg>
          <Std>1.40633884421</Std>
          <Max>-46</Max>
          <Min>-51</Min>
        </Measure>
      </Stats>
    </Log>
    <Log>
      <Stats type="Stats" id="vivarium" generation="350" popsize="200">
        <Item key="processed">100</Item>
        <Item key="total-processed">35200</Item>
        <Measure id="fitness">
          <Avg>-47.11</Avg>
          <Std>1.40633884421</Std>
          <Max>-46</Max>
          <Min>-51</Min>
        </Measure>
      </Stats>
    </Log>
    <Log>Evolving generation 351</Log>
    <Log>Applying main-loop operators to the 1st deme</Log>
    <Log>
      <Stats type="Stats" id="deme0" generation="351" popsize="200">
        <Item key="processed">100</Item>
        <Item key="total-processed">35300</Item>
        <Measure id="fitness">
          <Avg>-47.03</Avg>
          <Std>1.30676631077</Std>
          <Max>-46</Max>
          <Min>-50</Min>
        </Measure>
      </Stats>
    </Log>
    <Log>
      <Stats type="Stats" id="vivarium" generation="351" popsize="200">
        <Item key="processed">100</Item>
        <Item key="total-processed">35300</Item>
        <Measure id="fitness">
          <Avg>-47.03</Avg>
          <Std>1.30676631077</Std>
          <Max>-46</Max>
          <Min>-50</Min>
        </Measure>
      </Stats>
    </Log>
    <Log>Evolving generation 352</Log>
    <Log>Applying main-loop operators to the 1st deme</Log>
    <Log>
      <Stats type="Stats" id="deme0" generation="352" popsize="200">
        <Item key="processed">100</Item>
        <Item key="total-processed">35400</Item>
        <Measure id="fitness">
          <Avg>-47.05</Avg>
          <Std>1.34407316144</Std>
          <Max>-46</Max>
          <Min>-51</Min>
        </Measure>
      </Stats>
    </Log>
    <Log>
      <Stats type="Stats" id="vivarium" generation="352" popsize="200">
        <Item key="processed">100</Item>
        <Item key="total-processed">35400</Item>
        <Measure id="fitness">
          <Avg>-47.05</Avg>
          <Std>1.34407316144</Std>
          <Max>-46</Max>
          <Min>-51</Min>
        </Measure>
      </Stats>
    </Log>
    <Log>Evolving generation 353</Log>
    <Log>Applying main-loop operators to the 1st deme</Log>
    <Log>
      <Stats type="Stats" id="deme0" generation="353" popsize="200">
        <Item key="processed">100</Item>
        <Item key="total-processed">35500</Item>
        <Measure id="fitness">
          <Avg>-47.095</Avg>
          <Std>1.38403495759</Std>
          <Max>-46</Max>
          <Min>-50</Min>
        </Measure>
      </Stats>
    </Log>
    <Log>
      <Stats type="Stats" id="vivarium" generation="353" popsize="200">
        <Item key="processed">100</Item>
        <Item key="total-processed">35500</Item>
        <Measure id="fitness">
          <Avg>-47.095</Avg>
          <Std>1.38403495759</Std>
          <Max>-46</Max>
          <Min>-50</Min>
        </Measure>
      </Stats>
    </Log>
    <Log>Evolving generation 354</Log>
    <Log>Applying main-loop operators to the 1st deme</Log>
    <Log>
      <Stats type="Stats" id="deme0" generation="354" popsize="200">
        <Item key="processed">100</Item>
        <Item key="total-processed">35600</Item>
        <Measure id="fitness">
          <Avg>-47.13</Avg>
          <Std>1.49138228014</Std>
          <Max>-46</Max>
          <Min>-51</Min>
        </Measure>
      </Stats>
    </Log>
    <Log>
      <Stats type="Stats" id="vivarium" generation="354" popsize="200">
        <Item key="processed">100</Item>
        <Item key="total-processed">35600</Item>
        <Measure id="fitness">
          <Avg>-47.13</Avg>
          <Std>1.49138228014</Std>
          <Max>-46</Max>
          <Min>-51</Min>
        </Measure>
      </Stats>
    </Log>
    <Log>Evolving generation 355</Log>
    <Log>Applying main-loop operators to the 1st deme</Log>
    <Log>
      <Stats type="Stats" id="deme0" generation="355" popsize="200">
        <Item key="processed">100</Item>
        <Item key="total-processed">35700</Item>
        <Measure id="fitness">
          <Avg>-47.085</Avg>
          <Std>1.32913808169</Std>
          <Max>-46</Max>
          <Min>-51</Min>
        </Measure>
      </Stats>
    </Log>
    <Log>
      <Stats type="Stats" id="vivarium" generation="355" popsize="200">
        <Item key="processed">100</Item>
        <Item key="total-processed">35700</Item>
        <Measure id="fitness">
          <Avg>-47.085</Avg>
          <Std>1.32913808169</Std>
          <Max>-46</Max>
          <Min>-51</Min>
        </Measure>
      </Stats>
    </Log>
    <Log>Evolving generation 356</Log>
    <Log>Applying main-loop operators to the 1st deme</Log>
    <Log>
      <Stats type="Stats" id="deme0" generation="356" popsize="200">
        <Item key="processed">100</Item>
        <Item key="total-processed">35800</Item>
        <Measure id="fitness">
          <Avg>-47.11</Avg>
          <Std>1.44510958358</Std>
          <Max>-46</Max>
          <Min>-50</Min>
        </Measure>
      </Stats>
    </Log>
    <Log>
      <Stats type="Stats" id="vivarium" generation="356" popsize="200">
        <Item key="processed">100</Item>
        <Item key="total-processed">35800</Item>
        <Measure id="fitness">
          <Avg>-47.11</Avg>
          <Std>1.44510958358</Std>
          <Max>-46</Max>
          <Min>-50</Min>
        </Measure>
      </Stats>
    </Log>
    <Log>Evolving generation 357</Log>
    <Log>Applying main-loop operators to the 1st deme</Log>
    <Log>
      <Stats type="Stats" id="deme0" generation="357" popsize="200">
        <Item key="processed">100</Item>
        <Item key="total-processed">35900</Item>
        <Measure id="fitness">
          <Avg>-47.08</Avg>
          <Std>1.40837409375</Std>
          <Max>-46</Max>
          <Min>-51</Min>
        </Measure>
      </Stats>
    </Log>
    <Log>
      <Stats type="Stats" id="vivarium" generation="357" popsize="200">
        <Item key="processed">100</Item>
        <Item key="total-processed">35900</Item>
        <Measure id="fitness">
          <Avg>-47.08</Avg>
          <Std>1.40837409375</Std>
          <Max>-46</Max>
          <Min>-51</Min>
        </Measure>
      </Stats>
    </Log>
    <Log>Evolving generation 358</Log>
    <Log>Applying main-loop operators to the 1st deme</Log>
    <Log>
      <Stats type="Stats" id="deme0" generation="358" popsize="200">
        <Item key="processed">100</Item>
        <Item key="total-processed">36000</Item>
        <Measure id="fitness">
          <Avg>-47.05</Avg>
          <Std>1.37731075819</Std>
          <Max>-46</Max>
          <Min>-52</Min>
        </Measure>
      </Stats>
    </Log>
    <Log>
      <Stats type="Stats" id="vivarium" generation="358" popsize="200">
        <Item key="processed">100</Item>
        <Item key="total-processed">36000</Item>
        <Measure id="fitness">
          <Avg>-47.05</Avg>
          <Std>1.37731075819</Std>
          <Max>-46</Max>
          <Min>-52</Min>
        </Measure>
      </Stats>
    </Log>
    <Log>Evolving generation 359</Log>
    <Log>Applying main-loop operators to the 1st deme</Log>
    <Log>
      <Stats type="Stats" id="deme0" generation="359" popsize="200">
        <Item key="processed">100</Item>
        <Item key="total-processed">36100</Item>
        <Measure id="fitness">
          <Avg>-47.09</Avg>
          <Std>1.40061006091</Std>
          <Max>-46</Max>
          <Min>-52</Min>
        </Measure>
      </Stats>
    </Log>
    <Log>
      <Stats type="Stats" id="vivarium" generation="359" popsize="200">
        <Item key="processed">100</Item>
        <Item key="total-processed">36100</Item>
        <Measure id="fitness">
          <Avg>-47.09</Avg>
          <Std>1.40061006091</Std>
          <Max>-46</Max>
          <Min>-52</Min>
        </Measure>
      </Stats>
    </Log>
    <Log>Evolving generation 360</Log>
    <Log>Applying main-loop operators to the 1st deme</Log>
    <Log>
      <Stats type="Stats" id="deme0" generation="360" popsize="200">
        <Item key="processed">100</Item>
        <Item key="total-processed">36200</Item>
        <Measure id="fitness">
          <Avg>-47.19</Avg>
          <Std>1.45066264533</Std>
          <Max>-46</Max>
          <Min>-51</Min>
        </Measure>
      </Stats>
    </Log>
    <Log>
      <Stats type="Stats" id="vivarium" generation="360" popsize="200">
        <Item key="processed">100</Item>
        <Item key="total-processed">36200</Item>
        <Measure id="fitness">
          <Avg>-47.19</Avg>
          <Std>1.45066264533</Std>
          <Max>-46</Max>
          <Min>-51</Min>
        </Measure>
      </Stats>
    </Log>
    <Log>Evolving generation 361</Log>
    <Log>Applying main-loop operators to the 1st deme</Log>
    <Log>
      <Stats type="Stats" id="deme0" generation="361" popsize="200">
        <Item key="processed">100</Item>
        <Item key="total-processed">36300</Item>
        <Measure id="fitness">
          <Avg>-47.09</Avg>
          <Std>1.40776739742</Std>
          <Max>-46</Max>
          <Min>-52</Min>
        </Measure>
      </Stats>
    </Log>
    <Log>
      <Stats type="Stats" id="vivarium" generation="361" popsize="200">
        <Item key="processed">100</Item>
        <Item key="total-processed">36300</Item>
        <Measure id="fitness">
          <Avg>-47.09</Avg>
          <Std>1.40776739742</Std>
          <Max>-46</Max>
          <Min>-52</Min>
        </Measure>
      </Stats>
    </Log>
    <Log>Evolving generation 362</Log>
    <Log>Applying main-loop operators to the 1st deme</Log>
    <Log>
      <Stats type="Stats" id="deme0" generation="362" popsize="200">
        <Item key="processed">100</Item>
        <Item key="total-processed">36400</Item>
        <Measure id="fitness">
          <Avg>-47.1</Avg>
          <Std>1.41421356237</Std>
          <Max>-46</Max>
          <Min>-51</Min>
        </Measure>
      </Stats>
    </Log>
    <Log>
      <Stats type="Stats" id="vivarium" generation="362" popsize="200">
        <Item key="processed">100</Item>
        <Item key="total-processed">36400</Item>
        <Measure id="fitness">
          <Avg>-47.1</Avg>
          <Std>1.41421356237</Std>
          <Max>-46</Max>
          <Min>-51</Min>
        </Measure>
      </Stats>
    </Log>
    <Log>Evolving generation 363</Log>
    <Log>Applying main-loop operators to the 1st deme</Log>
    <Log>
      <Stats type="Stats" id="deme0" generation="363" popsize="200">
        <Item key="processed">100</Item>
        <Item key="total-processed">36500</Item>
        <Measure id="fitness">
          <Avg>-47.165</Avg>
          <Std>1.44158448561</Std>
          <Max>-46</Max>
          <Min>-52</Min>
        </Measure>
      </Stats>
    </Log>
    <Log>
      <Stats type="Stats" id="vivarium" generation="363" popsize="200">
        <Item key="processed">100</Item>
        <Item key="total-processed">36500</Item>
        <Measure id="fitness">
          <Avg>-47.165</Avg>
          <Std>1.44158448561</Std>
          <Max>-46</Max>
          <Min>-52</Min>
        </Measure>
      </Stats>
    </Log>
    <Log>Evolving generation 364</Log>
    <Log>Applying main-loop operators to the 1st deme</Log>
    <Log>
      <Stats type="Stats" id="deme0" generation="364" popsize="200">
        <Item key="processed">100</Item>
        <Item key="total-processed">36600</Item>
        <Measure id="fitness">
          <Avg>-47.07</Avg>
          <Std>1.42663113029</Std>
          <Max>-46</Max>
          <Min>-52</Min>
        </Measure>
      </Stats>
    </Log>
    <Log>
      <Stats type="Stats" id="vivarium" generation="364" popsize="200">
        <Item key="processed">100</Item>
        <Item key="total-processed">36600</Item>
        <Measure id="fitness">
          <Avg>-47.07</Avg>
          <Std>1.42663113029</Std>
          <Max>-46</Max>
          <Min>-52</Min>
        </Measure>
      </Stats>
    </Log>
    <Log>Evolving generation 365</Log>
    <Log>Applying main-loop operators to the 1st deme</Log>
    <Log>
      <Stats type="Stats" id="deme0" generation="365" popsize="200">
        <Item key="processed">100</Item>
        <Item key="total-processed">36700</Item>
        <Measure id="fitness">
          <Avg>-47.135</Avg>
          <Std>1.46200626249</Std>
          <Max>-46</Max>
          <Min>-51</Min>
        </Measure>
      </Stats>
    </Log>
    <Log>
      <Stats type="Stats" id="vivarium" generation="365" popsize="200">
        <Item key="processed">100</Item>
        <Item key="total-processed">36700</Item>
        <Measure id="fitness">
          <Avg>-47.135</Avg>
          <Std>1.46200626249</Std>
          <Max>-46</Max>
          <Min>-51</Min>
        </Measure>
      </Stats>
    </Log>
    <Log>Evolving generation 366</Log>
    <Log>Applying main-loop operators to the 1st deme</Log>
    <Log>
      <Stats type="Stats" id="deme0" generation="366" popsize="200">
        <Item key="processed">100</Item>
        <Item key="total-processed">36800</Item>
        <Measure id="fitness">
          <Avg>-47.08</Avg>
          <Std>1.39041948047</Std>
          <Max>-46</Max>
          <Min>-51</Min>
        </Measure>
      </Stats>
    </Log>
    <Log>
      <Stats type="Stats" id="vivarium" generation="366" popsize="200">
        <Item key="processed">100</Item>
        <Item key="total-processed">36800</Item>
        <Measure id="fitness">
          <Avg>-47.08</Avg>
          <Std>1.39041948047</Std>
          <Max>-46</Max>
          <Min>-51</Min>
        </Measure>
      </Stats>
    </Log>
    <Log>Evolving generation 367</Log>
    <Log>Applying main-loop operators to the 1st deme</Log>
    <Log>
      <Stats type="Stats" id="deme0" generation="367" popsize="200">
        <Item key="processed">100</Item>
        <Item key="total-processed">36900</Item>
        <Measure id="fitness">
          <Avg>-47.11</Avg>
          <Std>1.41701788926</Std>
          <Max>-46</Max>
          <Min>-51</Min>
        </Measure>
      </Stats>
    </Log>
    <Log>
      <Stats type="Stats" id="vivarium" generation="367" popsize="200">
        <Item key="processed">100</Item>
        <Item key="total-processed">36900</Item>
        <Measure id="fitness">
          <Avg>-47.11</Avg>
          <Std>1.41701788926</Std>
          <Max>-46</Max>
          <Min>-51</Min>
        </Measure>
      </Stats>
    </Log>
    <Log>Evolving generation 368</Log>
    <Log>Applying main-loop operators to the 1st deme</Log>
    <Log>
      <Stats type="Stats" id="deme0" generation="368" popsize="200">
        <Item key="processed">100</Item>
        <Item key="total-processed">37000</Item>
        <Measure id="fitness">
          <Avg>-47.2</Avg>
          <Std>1.51707202785</Std>
          <Max>-46</Max>
          <Min>-52</Min>
        </Measure>
      </Stats>
    </Log>
    <Log>
      <Stats type="Stats" id="vivarium" generation="368" popsize="200">
        <Item key="processed">100</Item>
        <Item key="total-processed">37000</Item>
        <Measure id="fitness">
          <Avg>-47.2</Avg>
          <Std>1.51707202785</Std>
          <Max>-46</Max>
          <Min>-52</Min>
        </Measure>
      </Stats>
    </Log>
    <Log>Evolving generation 369</Log>
    <Log>Applying main-loop operators to the 1st deme</Log>
    <Log>
      <Stats type="Stats" id="deme0" generation="369" popsize="200">
        <Item key="processed">100</Item>
        <Item key="total-processed">37100</Item>
        <Measure id="fitness">
          <Avg>-47.13</Avg>
          <Std>1.43995393561</Std>
          <Max>-46</Max>
          <Min>-52</Min>
        </Measure>
      </Stats>
    </Log>
    <Log>
      <Stats type="Stats" id="vivarium" generation="369" popsize="200">
        <Item key="processed">100</Item>
        <Item key="total-processed">37100</Item>
        <Measure id="fitness">
          <Avg>-47.13</Avg>
          <Std>1.43995393561</Std>
          <Max>-46</Max>
          <Min>-52</Min>
        </Measure>
      </Stats>
    </Log>
    <Log>Evolving generation 370</Log>
    <Log>Applying main-loop operators to the 1st deme</Log>
    <Log>
      <Stats type="Stats" id="deme0" generation="370" popsize="200">
        <Item key="processed">100</Item>
        <Item key="total-processed">37200</Item>
        <Measure id="fitness">
          <Avg>-47.165</Avg>
          <Std>1.48620964049</Std>
          <Max>-46</Max>
          <Min>-52</Min>
        </Measure>
      </Stats>
    </Log>
    <Log>
      <Stats type="Stats" id="vivarium" generation="370" popsize="200">
        <Item key="processed">100</Item>
        <Item key="total-processed">37200</Item>
        <Measure id="fitness">
          <Avg>-47.165</Avg>
          <Std>1.48620964049</Std>
          <Max>-46</Max>
          <Min>-52</Min>
        </Measure>
      </Stats>
    </Log>
    <Log>Evolving generation 371</Log>
    <Log>Applying main-loop operators to the 1st deme</Log>
    <Log>
      <Stats type="Stats" id="deme0" generation="371" popsize="200">
        <Item key="processed">100</Item>
        <Item key="total-processed">37300</Item>
        <Measure id="fitness">
          <Avg>-47.15</Avg>
          <Std>1.47252901789</Std>
          <Max>-46</Max>
          <Min>-52</Min>
        </Measure>
      </Stats>
    </Log>
    <Log>
      <Stats type="Stats" id="vivarium" generation="371" popsize="200">
        <Item key="processed">100</Item>
        <Item key="total-processed">37300</Item>
        <Measure id="fitness">
          <Avg>-47.15</Avg>
          <Std>1.47252901789</Std>
          <Max>-46</Max>
          <Min>-52</Min>
        </Measure>
      </Stats>
    </Log>
    <Log>Evolving generation 372</Log>
    <Log>Applying main-loop operators to the 1st deme</Log>
    <Log>
      <Stats type="Stats" id="deme0" generation="372" popsize="200">
        <Item key="processed">100</Item>
        <Item key="total-processed">37400</Item>
        <Measure id="fitness">
          <Avg>-47.14</Avg>
          <Std>1.40723185991</Std>
          <Max>-46</Max>
          <Min>-52</Min>
        </Measure>
      </Stats>
    </Log>
    <Log>
      <Stats type="Stats" id="vivarium" generation="372" popsize="200">
        <Item key="processed">100</Item>
        <Item key="total-processed">37400</Item>
        <Measure id="fitness">
          <Avg>-47.14</Avg>
          <Std>1.40723185991</Std>
          <Max>-46</Max>
          <Min>-52</Min>
        </Measure>
      </Stats>
    </Log>
    <Log>Evolving generation 373</Log>
    <Log>Applying main-loop operators to the 1st deme</Log>
    <Log>
      <Stats type="Stats" id="deme0" generation="373" popsize="200">
        <Item key="processed">100</Item>
        <Item key="total-processed">37500</Item>
        <Measure id="fitness">
          <Avg>-47.165</Avg>
          <Std>1.45200433295</Std>
          <Max>-46</Max>
          <Min>-51</Min>
        </Measure>
      </Stats>
    </Log>
    <Log>
      <Stats type="Stats" id="vivarium" generation="373" popsize="200">
        <Item key="processed">100</Item>
        <Item key="total-processed">37500</Item>
        <Measure id="fitness">
          <Avg>-47.165</Avg>
          <Std>1.45200433295</Std>
          <Max>-46</Max>
          <Min>-51</Min>
        </Measure>
      </Stats>
    </Log>
    <Log>Evolving generation 374</Log>
    <Log>Applying main-loop operators to the 1st deme</Log>
    <Log>
      <Stats type="Stats" id="deme0" generation="374" popsize="200">
        <Item key="processed">100</Item>
        <Item key="total-processed">37600</Item>
        <Measure id="fitness">
          <Avg>-47.135</Avg>
          <Std>1.35867767521</Std>
          <Max>-46</Max>
          <Min>-51</Min>
        </Measure>
      </Stats>
    </Log>
    <Log>
      <Stats type="Stats" id="vivarium" generation="374" popsize="200">
        <Item key="processed">100</Item>
        <Item key="total-processed">37600</Item>
        <Measure id="fitness">
          <Avg>-47.135</Avg>
          <Std>1.35867767521</Std>
          <Max>-46</Max>
          <Min>-51</Min>
        </Measure>
      </Stats>
    </Log>
    <Log>Evolving generation 375</Log>
    <Log>Applying main-loop operators to the 1st deme</Log>
    <Log>
      <Stats type="Stats" id="deme0" generation="375" popsize="200">
        <Item key="processed">100</Item>
        <Item key="total-processed">37700</Item>
        <Measure id="fitness">
          <Avg>-47.05</Avg>
          <Std>1.40261779663</Std>
          <Max>-46</Max>
          <Min>-51</Min>
        </Measure>
      </Stats>
    </Log>
    <Log>
      <Stats type="Stats" id="vivarium" generation="375" popsize="200">
        <Item key="processed">100</Item>
        <Item key="total-processed">37700</Item>
        <Measure id="fitness">
          <Avg>-47.05</Avg>
          <Std>1.40261779663</Std>
          <Max>-46</Max>
          <Min>-51</Min>
        </Measure>
      </Stats>
    </Log>
    <Log>Evolving generation 376</Log>
    <Log>Applying main-loop operators to the 1st deme</Log>
    <Log>
      <Stats type="Stats" id="deme0" generation="376" popsize="200">
        <Item key="processed">100</Item>
        <Item key="total-processed">37800</Item>
        <Measure id="fitness">
          <Avg>-47.19</Avg>
          <Std>1.52496807776</Std>
          <Max>-46</Max>
          <Min>-52</Min>
        </Measure>
      </Stats>
    </Log>
    <Log>
      <Stats type="Stats" id="vivarium" generation="376" popsize="200">
        <Item key="processed">100</Item>
        <Item key="total-processed">37800</Item>
        <Measure id="fitness">
          <Avg>-47.19</Avg>
          <Std>1.52496807776</Std>
          <Max>-46</Max>
          <Min>-52</Min>
        </Measure>
      </Stats>
    </Log>
    <Log>Evolving generation 377</Log>
    <Log>Applying main-loop operators to the 1st deme</Log>
    <Log>
      <Stats type="Stats" id="deme0" generation="377" popsize="200">
        <Item key="processed">100</Item>
        <Item key="total-processed">37900</Item>
        <Measure id="fitness">
          <Avg>-47.145</Avg>
          <Std>1.44025925919</Std>
          <Max>-46</Max>
          <Min>-52</Min>
        </Measure>
      </Stats>
    </Log>
    <Log>
      <Stats type="Stats" id="vivarium" generation="377" popsize="200">
        <Item key="processed">100</Item>
        <Item key="total-processed">37900</Item>
        <Measure id="fitness">
          <Avg>-47.145</Avg>
          <Std>1.44025925919</Std>
          <Max>-46</Max>
          <Min>-52</Min>
        </Measure>
      </Stats>
    </Log>
    <Log>Evolving generation 378</Log>
    <Log>Applying main-loop operators to the 1st deme</Log>
    <Log>
      <Stats type="Stats" id="deme0" generation="378" popsize="200">
        <Item key="processed">100</Item>
        <Item key="total-processed">38000</Item>
        <Measure id="fitness">
          <Avg>-47.17</Avg>
          <Std>1.48733345421</Std>
          <Max>-46</Max>
          <Min>-51</Min>
        </Measure>
      </Stats>
    </Log>
    <Log>
      <Stats type="Stats" id="vivarium" generation="378" popsize="200">
        <Item key="processed">100</Item>
        <Item key="total-processed">38000</Item>
        <Measure id="fitness">
          <Avg>-47.17</Avg>
          <Std>1.48733345421</Std>
          <Max>-46</Max>
          <Min>-51</Min>
        </Measure>
      </Stats>
    </Log>
    <Log>Evolving generation 379</Log>
    <Log>Applying main-loop operators to the 1st deme</Log>
    <Log>
      <Stats type="Stats" id="deme0" generation="379" popsize="200">
        <Item key="processed">100</Item>
        <Item key="total-processed">38100</Item>
        <Measure id="fitness">
          <Avg>-47.15</Avg>
          <Std>1.47593765444</Std>
          <Max>-46</Max>
          <Min>-52</Min>
        </Measure>
      </Stats>
    </Log>
    <Log>
      <Stats type="Stats" id="vivarium" generation="379" popsize="200">
        <Item key="processed">100</Item>
        <Item key="total-processed">38100</Item>
        <Measure id="fitness">
          <Avg>-47.15</Avg>
          <Std>1.47593765444</Std>
          <Max>-46</Max>
          <Min>-52</Min>
        </Measure>
      </Stats>
    </Log>
    <Log>Evolving generation 380</Log>
    <Log>Applying main-loop operators to the 1st deme</Log>
    <Log>
      <Stats type="Stats" id="deme0" generation="380" popsize="200">
        <Item key="processed">100</Item>
        <Item key="total-processed">38200</Item>
        <Measure id="fitness">
          <Avg>-47.09</Avg>
          <Std>1.3752660775</Std>
          <Max>-46</Max>
          <Min>-51</Min>
        </Measure>
      </Stats>
    </Log>
    <Log>
      <Stats type="Stats" id="vivarium" generation="380" popsize="200">
        <Item key="processed">100</Item>
        <Item key="total-processed">38200</Item>
        <Measure id="fitness">
          <Avg>-47.09</Avg>
          <Std>1.3752660775</Std>
          <Max>-46</Max>
          <Min>-51</Min>
        </Measure>
      </Stats>
    </Log>
    <Log>Evolving generation 381</Log>
    <Log>Applying main-loop operators to the 1st deme</Log>
    <Log>
      <Stats type="Stats" id="deme0" generation="381" popsize="200">
        <Item key="processed">100</Item>
        <Item key="total-processed">38300</Item>
        <Measure id="fitness">
          <Avg>-47.005</Avg>
          <Std>1.30517909205</Std>
          <Max>-46</Max>
          <Min>-50</Min>
        </Measure>
      </Stats>
    </Log>
    <Log>
      <Stats type="Stats" id="vivarium" generation="381" popsize="200">
        <Item key="processed">100</Item>
        <Item key="total-processed">38300</Item>
        <Measure id="fitness">
          <Avg>-47.005</Avg>
          <Std>1.30517909205</Std>
          <Max>-46</Max>
          <Min>-50</Min>
        </Measure>
      </Stats>
    </Log>
    <Log>Evolving generation 382</Log>
    <Log>Applying main-loop operators to the 1st deme</Log>
    <Log>
      <Stats type="Stats" id="deme0" generation="382" popsize="200">
        <Item key="processed">100</Item>
        <Item key="total-processed">38400</Item>
        <Measure id="fitness">
          <Avg>-47.02</Avg>
          <Std>1.35602137514</Std>
          <Max>-46</Max>
          <Min>-51</Min>
        </Measure>
      </Stats>
    </Log>
    <Log>
      <Stats type="Stats" id="vivarium" generation="382" popsize="200">
        <Item key="processed">100</Item>
        <Item key="total-processed">38400</Item>
        <Measure id="fitness">
          <Avg>-47.02</Avg>
          <Std>1.35602137514</Std>
          <Max>-46</Max>
          <Min>-51</Min>
        </Measure>
      </Stats>
    </Log>
    <Log>Evolving generation 383</Log>
    <Log>Applying main-loop operators to the 1st deme</Log>
    <Log>
      <Stats type="Stats" id="deme0" generation="383" popsize="200">
        <Item key="processed">100</Item>
        <Item key="total-processed">38500</Item>
        <Measure id="fitness">
          <Avg>-47.065</Avg>
          <Std>1.3930101891</Std>
          <Max>-46</Max>
          <Min>-51</Min>
        </Measure>
      </Stats>
    </Log>
    <Log>
      <Stats type="Stats" id="vivarium" generation="383" popsize="200">
        <Item key="processed">100</Item>
        <Item key="total-processed">38500</Item>
        <Measure id="fitness">
          <Avg>-47.065</Avg>
          <Std>1.3930101891</Std>
          <Max>-46</Max>
          <Min>-51</Min>
        </Measure>
      </Stats>
    </Log>
    <Log>Evolving generation 384</Log>
    <Log>Applying main-loop operators to the 1st deme</Log>
    <Log>
      <Stats type="Stats" id="deme0" generation="384" popsize="200">
        <Item key="processed">100</Item>
        <Item key="total-processed">38600</Item>
        <Measure id="fitness">
          <Avg>-47.15</Avg>
          <Std>1.43449954504</Std>
          <Max>-46</Max>
          <Min>-51</Min>
        </Measure>
      </Stats>
    </Log>
    <Log>
      <Stats type="Stats" id="vivarium" generation="384" popsize="200">
        <Item key="processed">100</Item>
        <Item key="total-processed">38600</Item>
        <Measure id="fitness">
          <Avg>-47.15</Avg>
          <Std>1.43449954504</Std>
          <Max>-46</Max>
          <Min>-51</Min>
        </Measure>
      </Stats>
    </Log>
    <Log>Evolving generation 385</Log>
    <Log>Applying main-loop operators to the 1st deme</Log>
    <Log>
      <Stats type="Stats" id="deme0" generation="385" popsize="200">
        <Item key="processed">100</Item>
        <Item key="total-processed">38700</Item>
        <Measure id="fitness">
          <Avg>-47.145</Avg>
          <Std>1.46447891499</Std>
          <Max>-46</Max>
          <Min>-51</Min>
        </Measure>
      </Stats>
    </Log>
    <Log>
      <Stats type="Stats" id="vivarium" generation="385" popsize="200">
        <Item key="processed">100</Item>
        <Item key="total-processed">38700</Item>
        <Measure id="fitness">
          <Avg>-47.145</Avg>
          <Std>1.46447891499</Std>
          <Max>-46</Max>
          <Min>-51</Min>
        </Measure>
      </Stats>
    </Log>
    <Log>Evolving generation 386</Log>
    <Log>Applying main-loop operators to the 1st deme</Log>
    <Log>
      <Stats type="Stats" id="deme0" generation="386" popsize="200">
        <Item key="processed">100</Item>
        <Item key="total-processed">38800</Item>
        <Measure id="fitness">
          <Avg>-47.125</Avg>
          <Std>1.43515621687</Std>
          <Max>-46</Max>
          <Min>-52</Min>
        </Measure>
      </Stats>
    </Log>
    <Log>
      <Stats type="Stats" id="vivarium" generation="386" popsize="200">
        <Item key="processed">100</Item>
        <Item key="total-processed">38800</Item>
        <Measure id="fitness">
          <Avg>-47.125</Avg>
          <Std>1.43515621687</Std>
          <Max>-46</Max>
          <Min>-52</Min>
        </Measure>
      </Stats>
    </Log>
    <Log>Evolving generation 387</Log>
    <Log>Applying main-loop operators to the 1st deme</Log>
    <Log>
      <Stats type="Stats" id="deme0" generation="387" popsize="200">
        <Item key="processed">100</Item>
        <Item key="total-processed">38900</Item>
        <Measure id="fitness">
          <Avg>-47.085</Avg>
          <Std>1.34790923154</Std>
          <Max>-46</Max>
          <Min>-50</Min>
        </Measure>
      </Stats>
    </Log>
    <Log>
      <Stats type="Stats" id="vivarium" generation="387" popsize="200">
        <Item key="processed">100</Item>
        <Item key="total-processed">38900</Item>
        <Measure id="fitness">
          <Avg>-47.085</Avg>
          <Std>1.34790923154</Std>
          <Max>-46</Max>
          <Min>-50</Min>
        </Measure>
      </Stats>
    </Log>
    <Log>Evolving generation 388</Log>
    <Log>Applying main-loop operators to the 1st deme</Log>
    <Log>
      <Stats type="Stats" id="deme0" generation="388" popsize="200">
        <Item key="processed">100</Item>
        <Item key="total-processed">39000</Item>
        <Measure id="fitness">
          <Avg>-47.185</Avg>
          <Std>1.49396608843</Std>
          <Max>-46</Max>
          <Min>-51</Min>
        </Measure>
      </Stats>
    </Log>
    <Log>
      <Stats type="Stats" id="vivarium" generation="388" popsize="200">
        <Item key="processed">100</Item>
        <Item key="total-processed">39000</Item>
        <Measure id="fitness">
          <Avg>-47.185</Avg>
          <Std>1.49396608843</Std>
          <Max>-46</Max>
          <Min>-51</Min>
        </Measure>
      </Stats>
    </Log>
    <Log>Evolving generation 389</Log>
    <Log>Applying main-loop operators to the 1st deme</Log>
    <Log>
      <Stats type="Stats" id="deme0" generation="389" popsize="200">
        <Item key="processed">100</Item>
        <Item key="total-processed">39100</Item>
        <Measure id="fitness">
          <Avg>-47.08</Avg>
          <Std>1.33886624204</Std>
          <Max>-46</Max>
          <Min>-51</Min>
        </Measure>
      </Stats>
    </Log>
    <Log>
      <Stats type="Stats" id="vivarium" generation="389" popsize="200">
        <Item key="processed">100</Item>
        <Item key="total-processed">39100</Item>
        <Measure id="fitness">
          <Avg>-47.08</Avg>
          <Std>1.33886624204</Std>
          <Max>-46</Max>
          <Min>-51</Min>
        </Measure>
      </Stats>
    </Log>
    <Log>Evolving generation 390</Log>
    <Log>Applying main-loop operators to the 1st deme</Log>
    <Log>
      <Stats type="Stats" id="deme0" generation="390" popsize="200">
        <Item key="processed">100</Item>
        <Item key="total-processed">39200</Item>
        <Measure id="fitness">
          <Avg>-47.15</Avg>
          <Std>1.48949419765</Std>
          <Max>-46</Max>
          <Min>-53</Min>
        </Measure>
      </Stats>
    </Log>
    <Log>
      <Stats type="Stats" id="vivarium" generation="390" popsize="200">
        <Item key="processed">100</Item>
        <Item key="total-processed">39200</Item>
        <Measure id="fitness">
          <Avg>-47.15</Avg>
          <Std>1.48949419765</Std>
          <Max>-46</Max>
          <Min>-53</Min>
        </Measure>
      </Stats>
    </Log>
    <Log>Evolving generation 391</Log>
    <Log>Applying main-loop operators to the 1st deme</Log>
    <Log>
      <Stats type="Stats" id="deme0" generation="391" popsize="200">
        <Item key="processed">100</Item>
        <Item key="total-processed">39300</Item>
        <Measure id="fitness">
          <Avg>-47.15</Avg>
          <Std>1.50292846465</Std>
          <Max>-46</Max>
          <Min>-52</Min>
        </Measure>
      </Stats>
    </Log>
    <Log>
      <Stats type="Stats" id="vivarium" generation="391" popsize="200">
        <Item key="processed">100</Item>
        <Item key="total-processed">39300</Item>
        <Measure id="fitness">
          <Avg>-47.15</Avg>
          <Std>1.50292846465</Std>
          <Max>-46</Max>
          <Min>-52</Min>
        </Measure>
      </Stats>
    </Log>
    <Log>Evolving generation 392</Log>
    <Log>Applying main-loop operators to the 1st deme</Log>
    <Log>
      <Stats type="Stats" id="deme0" generation="392" popsize="200">
        <Item key="processed">100</Item>
        <Item key="total-processed">39400</Item>
        <Measure id="fitness">
          <Avg>-47.2</Avg>
          <Std>1.54659619778</Std>
          <Max>-46</Max>
          <Min>-52</Min>
        </Measure>
      </Stats>
    </Log>
    <Log>
      <Stats type="Stats" id="vivarium" generation="392" popsize="200">
        <Item key="processed">100</Item>
        <Item key="total-processed">39400</Item>
        <Measure id="fitness">
          <Avg>-47.2</Avg>
          <Std>1.54659619778</Std>
          <Max>-46</Max>
          <Min>-52</Min>
        </Measure>
      </Stats>
    </Log>
    <Log>Evolving generation 393</Log>
    <Log>Applying main-loop operators to the 1st deme</Log>
    <Log>
      <Stats type="Stats" id="deme0" generation="393" popsize="200">
        <Item key="processed">100</Item>
        <Item key="total-processed">39500</Item>
        <Measure id="fitness">
          <Avg>-47.2</Avg>
          <Std>1.56596976552</Std>
          <Max>-46</Max>
          <Min>-52</Min>
        </Measure>
      </Stats>
    </Log>
    <Log>
      <Stats type="Stats" id="vivarium" generation="393" popsize="200">
        <Item key="processed">100</Item>
        <Item key="total-processed">39500</Item>
        <Measure id="fitness">
          <Avg>-47.2</Avg>
          <Std>1.56596976552</Std>
          <Max>-46</Max>
          <Min>-52</Min>
        </Measure>
      </Stats>
    </Log>
    <Log>Evolving generation 394</Log>
    <Log>Applying main-loop operators to the 1st deme</Log>
    <Log>
      <Stats type="Stats" id="deme0" generation="394" popsize="200">
        <Item key="processed">100</Item>
        <Item key="total-processed">39600</Item>
        <Measure id="fitness">
          <Avg>-47.16</Avg>
          <Std>1.42638454293</Std>
          <Max>-46</Max>
          <Min>-51</Min>
        </Measure>
      </Stats>
    </Log>
    <Log>
      <Stats type="Stats" id="vivarium" generation="394" popsize="200">
        <Item key="processed">100</Item>
        <Item key="total-processed">39600</Item>
        <Measure id="fitness">
          <Avg>-47.16</Avg>
          <Std>1.42638454293</Std>
          <Max>-46</Max>
          <Min>-51</Min>
        </Measure>
      </Stats>
    </Log>
    <Log>Evolving generation 395</Log>
    <Log>Applying main-loop operators to the 1st deme</Log>
    <Log>
      <Stats type="Stats" id="deme0" generation="395" popsize="200">
        <Item key="processed">100</Item>
        <Item key="total-processed">39700</Item>
        <Measure id="fitness">
          <Avg>-47.195</Avg>
          <Std>1.47575889684</Std>
          <Max>-46</Max>
          <Min>-52</Min>
        </Measure>
      </Stats>
    </Log>
    <Log>
      <Stats type="Stats" id="vivarium" generation="395" popsize="200">
        <Item key="processed">100</Item>
        <Item key="total-processed">39700</Item>
        <Measure id="fitness">
          <Avg>-47.195</Avg>
          <Std>1.47575889684</Std>
          <Max>-46</Max>
          <Min>-52</Min>
        </Measure>
      </Stats>
    </Log>
    <Log>Evolving generation 396</Log>
    <Log>Applying main-loop operators to the 1st deme</Log>
    <Log>
      <Stats type="Stats" id="deme0" generation="396" popsize="200">
        <Item key="processed">100</Item>
        <Item key="total-processed">39800</Item>
        <Measure id="fitness">
          <Avg>-47.075</Avg>
          <Std>1.42813615048</Std>
          <Max>-46</Max>
          <Min>-51</Min>
        </Measure>
      </Stats>
    </Log>
    <Log>
      <Stats type="Stats" id="vivarium" generation="396" popsize="200">
        <Item key="processed">100</Item>
        <Item key="total-processed">39800</Item>
        <Measure id="fitness">
          <Avg>-47.075</Avg>
          <Std>1.42813615048</Std>
          <Max>-46</Max>
          <Min>-51</Min>
        </Measure>
      </Stats>
    </Log>
    <Log>Evolving generation 397</Log>
    <Log>Applying main-loop operators to the 1st deme</Log>
    <Log>
      <Stats type="Stats" id="deme0" generation="397" popsize="200">
        <Item key="processed">100</Item>
        <Item key="total-processed">39900</Item>
        <Measure id="fitness">
          <Avg>-47.105</Avg>
          <Std>1.40850788864</Std>
          <Max>-46</Max>
          <Min>-52</Min>
        </Measure>
      </Stats>
    </Log>
    <Log>
      <Stats type="Stats" id="vivarium" generation="397" popsize="200">
        <Item key="processed">100</Item>
        <Item key="total-processed">39900</Item>
        <Measure id="fitness">
          <Avg>-47.105</Avg>
          <Std>1.40850788864</Std>
          <Max>-46</Max>
          <Min>-52</Min>
        </Measure>
      </Stats>
    </Log>
    <Log>Evolving generation 398</Log>
    <Log>Applying main-loop operators to the 1st deme</Log>
    <Log>
      <Stats type="Stats" id="deme0" generation="398" popsize="200">
        <Item key="processed">100</Item>
        <Item key="total-processed">40000</Item>
        <Measure id="fitness">
          <Avg>-47.115</Avg>
          <Std>1.42545946044</Std>
          <Max>-46</Max>
          <Min>-51</Min>
        </Measure>
      </Stats>
    </Log>
    <Log>
      <Stats type="Stats" id="vivarium" generation="398" popsize="200">
        <Item key="processed">100</Item>
        <Item key="total-processed">40000</Item>
        <Measure id="fitness">
          <Avg>-47.115</Avg>
          <Std>1.42545946044</Std>
          <Max>-46</Max>
          <Min>-51</Min>
        </Measure>
      </Stats>
    </Log>
    <Log>Evolving generation 399</Log>
    <Log>Applying main-loop operators to the 1st deme</Log>
    <Log>
      <Stats type="Stats" id="deme0" generation="399" popsize="200">
        <Item key="processed">100</Item>
        <Item key="total-processed">40100</Item>
        <Measure id="fitness">
          <Avg>-47.13</Avg>
          <Std>1.42239800351</Std>
          <Max>-46</Max>
          <Min>-52</Min>
        </Measure>
      </Stats>
    </Log>
    <Log>
      <Stats type="Stats" id="vivarium" generation="399" popsize="200">
        <Item key="processed">100</Item>
        <Item key="total-processed">40100</Item>
        <Measure id="fitness">
          <Avg>-47.13</Avg>
          <Std>1.42239800351</Std>
          <Max>-46</Max>
          <Min>-52</Min>
        </Measure>
      </Stats>
    </Log>
    <Log>Evolving generation 400</Log>
    <Log>Applying main-loop operators to the 1st deme</Log>
    <Log>
      <Stats type="Stats" id="deme0" generation="400" popsize="200">
        <Item key="processed">100</Item>
        <Item key="total-processed">40200</Item>
        <Measure id="fitness">
          <Avg>-46.985</Avg>
          <Std>1.35051637249</Std>
          <Max>-46</Max>
          <Min>-52</Min>
        </Measure>
      </Stats>
    </Log>
    <Log>
      <Stats type="Stats" id="vivarium" generation="400" popsize="200">
        <Item key="processed">100</Item>
        <Item key="total-processed">40200</Item>
        <Measure id="fitness">
          <Avg>-46.985</Avg>
          <Std>1.35051637249</Std>
          <Max>-46</Max>
          <Min>-52</Min>
        </Measure>
      </Stats>
    </Log>
    <Log>Evolving generation 401</Log>
    <Log>Applying main-loop operators to the 1st deme</Log>
    <Log>
      <Stats type="Stats" id="deme0" generation="401" popsize="200">
        <Item key="processed">100</Item>
        <Item key="total-processed">40300</Item>
        <Measure id="fitness">
          <Avg>-46.965</Avg>
          <Std>1.24963311199</Std>
          <Max>-46</Max>
          <Min>-51</Min>
        </Measure>
      </Stats>
    </Log>
    <Log>
      <Stats type="Stats" id="vivarium" generation="401" popsize="200">
        <Item key="processed">100</Item>
        <Item key="total-processed">40300</Item>
        <Measure id="fitness">
          <Avg>-46.965</Avg>
          <Std>1.24963311199</Std>
          <Max>-46</Max>
          <Min>-51</Min>
        </Measure>
      </Stats>
    </Log>
    <Log>Evolving generation 402</Log>
    <Log>Applying main-loop operators to the 1st deme</Log>
    <Log>
      <Stats type="Stats" id="deme0" generation="402" popsize="200">
        <Item key="processed">100</Item>
        <Item key="total-processed">40400</Item>
        <Measure id="fitness">
          <Avg>-47.09</Avg>
          <Std>1.43253649308</Std>
          <Max>-46</Max>
          <Min>-51</Min>
        </Measure>
      </Stats>
    </Log>
    <Log>
      <Stats type="Stats" id="vivarium" generation="402" popsize="200">
        <Item key="processed">100</Item>
        <Item key="total-processed">40400</Item>
        <Measure id="fitness">
          <Avg>-47.09</Avg>
          <Std>1.43253649308</Std>
          <Max>-46</Max>
          <Min>-51</Min>
        </Measure>
      </Stats>
    </Log>
    <Log>Evolving generation 403</Log>
    <Log>Applying main-loop operators to the 1st deme</Log>
    <Log>
      <Stats type="Stats" id="deme0" generation="403" popsize="200">
        <Item key="processed">100</Item>
        <Item key="total-processed">40500</Item>
        <Measure id="fitness">
          <Avg>-47.08</Avg>
          <Std>1.35750288042</Std>
          <Max>-46</Max>
          <Min>-51</Min>
        </Measure>
      </Stats>
    </Log>
    <Log>
      <Stats type="Stats" id="vivarium" generation="403" popsize="200">
        <Item key="processed">100</Item>
        <Item key="total-processed">40500</Item>
        <Measure id="fitness">
          <Avg>-47.08</Avg>
          <Std>1.35750288042</Std>
          <Max>-46</Max>
          <Min>-51</Min>
        </Measure>
      </Stats>
    </Log>
    <Log>Evolving generation 404</Log>
    <Log>Applying main-loop operators to the 1st deme</Log>
    <Log>
      <Stats type="Stats" id="deme0" generation="404" popsize="200">
        <Item key="processed">100</Item>
        <Item key="total-processed">40600</Item>
        <Measure id="fitness">
          <Avg>-47.11</Avg>
          <Std>1.42761705379</Std>
          <Max>-46</Max>
          <Min>-51</Min>
        </Measure>
      </Stats>
    </Log>
    <Log>
      <Stats type="Stats" id="vivarium" generation="404" popsize="200">
        <Item key="processed">100</Item>
        <Item key="total-processed">40600</Item>
        <Measure id="fitness">
          <Avg>-47.11</Avg>
          <Std>1.42761705379</Std>
          <Max>-46</Max>
          <Min>-51</Min>
        </Measure>
      </Stats>
    </Log>
    <Log>Evolving generation 405</Log>
    <Log>Applying main-loop operators to the 1st deme</Log>
    <Log>
      <Stats type="Stats" id="deme0" generation="405" popsize="200">
        <Item key="processed">100</Item>
        <Item key="total-processed">40700</Item>
        <Measure id="fitness">
          <Avg>-47.09</Avg>
          <Std>1.47061673044</Std>
          <Max>-46</Max>
          <Min>-51</Min>
        </Measure>
      </Stats>
    </Log>
    <Log>
      <Stats type="Stats" id="vivarium" generation="405" popsize="200">
        <Item key="processed">100</Item>
        <Item key="total-processed">40700</Item>
        <Measure id="fitness">
          <Avg>-47.09</Avg>
          <Std>1.47061673044</Std>
          <Max>-46</Max>
          <Min>-51</Min>
        </Measure>
      </Stats>
    </Log>
    <Log>Evolving generation 406</Log>
    <Log>Applying main-loop operators to the 1st deme</Log>
    <Log>
      <Stats type="Stats" id="deme0" generation="406" popsize="200">
        <Item key="processed">100</Item>
        <Item key="total-processed">40800</Item>
        <Measure id="fitness">
          <Avg>-47.13</Avg>
          <Std>1.42239800351</Std>
          <Max>-46</Max>
          <Min>-51</Min>
        </Measure>
      </Stats>
    </Log>
    <Log>
      <Stats type="Stats" id="vivarium" generation="406" popsize="200">
        <Item key="processed">100</Item>
        <Item key="total-processed">40800</Item>
        <Measure id="fitness">
          <Avg>-47.13</Avg>
          <Std>1.42239800351</Std>
          <Max>-46</Max>
          <Min>-51</Min>
        </Measure>
      </Stats>
    </Log>
    <Log>Evolving generation 407</Log>
    <Log>Applying main-loop operators to the 1st deme</Log>
    <Log>
      <Stats type="Stats" id="deme0" generation="407" popsize="200">
        <Item key="processed">100</Item>
        <Item key="total-processed">40900</Item>
        <Measure id="fitness">
          <Avg>-47.175</Avg>
          <Std>1.45428668038</Std>
          <Max>-46</Max>
          <Min>-51</Min>
        </Measure>
      </Stats>
    </Log>
    <Log>
      <Stats type="Stats" id="vivarium" generation="407" popsize="200">
        <Item key="processed">100</Item>
        <Item key="total-processed">40900</Item>
        <Measure id="fitness">
          <Avg>-47.175</Avg>
          <Std>1.45428668038</Std>
          <Max>-46</Max>
          <Min>-51</Min>
        </Measure>
      </Stats>
    </Log>
    <Log>Evolving generation 408</Log>
    <Log>Applying main-loop operators to the 1st deme</Log>
    <Log>
      <Stats type="Stats" id="deme0" generation="408" popsize="200">
        <Item key="processed">100</Item>
        <Item key="total-processed">41000</Item>
        <Measure id="fitness">
          <Avg>-47.1</Avg>
          <Std>1.40351317993</Std>
          <Max>-46</Max>
          <Min>-51</Min>
        </Measure>
      </Stats>
    </Log>
    <Log>
      <Stats type="Stats" id="vivarium" generation="408" popsize="200">
        <Item key="processed">100</Item>
        <Item key="total-processed">41000</Item>
        <Measure id="fitness">
          <Avg>-47.1</Avg>
          <Std>1.40351317993</Std>
          <Max>-46</Max>
          <Min>-51</Min>
        </Measure>
      </Stats>
    </Log>
    <Log>Evolving generation 409</Log>
    <Log>Applying main-loop operators to the 1st deme</Log>
    <Log>
      <Stats type="Stats" id="deme0" generation="409" popsize="200">
        <Item key="processed">100</Item>
        <Item key="total-processed">41100</Item>
        <Measure id="fitness">
          <Avg>-47.075</Avg>
          <Std>1.36701082401</Std>
          <Max>-46</Max>
          <Min>-51</Min>
        </Measure>
      </Stats>
    </Log>
    <Log>
      <Stats type="Stats" id="vivarium" generation="409" popsize="200">
        <Item key="processed">100</Item>
        <Item key="total-processed">41100</Item>
        <Measure id="fitness">
          <Avg>-47.075</Avg>
          <Std>1.36701082401</Std>
          <Max>-46</Max>
          <Min>-51</Min>
        </Measure>
      </Stats>
    </Log>
    <Log>Evolving generation 410</Log>
    <Log>Applying main-loop operators to the 1st deme</Log>
    <Log>
      <Stats type="Stats" id="deme0" generation="410" popsize="200">
        <Item key="processed">100</Item>
        <Item key="total-processed">41200</Item>
        <Measure id="fitness">
          <Avg>-47.05</Avg>
          <Std>1.40976493996</Std>
          <Max>-46</Max>
          <Min>-51</Min>
        </Measure>
      </Stats>
    </Log>
    <Log>
      <Stats type="Stats" id="vivarium" generation="410" popsize="200">
        <Item key="processed">100</Item>
        <Item key="total-processed">41200</Item>
        <Measure id="fitness">
          <Avg>-47.05</Avg>
          <Std>1.40976493996</Std>
          <Max>-46</Max>
          <Min>-51</Min>
        </Measure>
      </Stats>
    </Log>
    <Log>Evolving generation 411</Log>
    <Log>Applying main-loop operators to the 1st deme</Log>
    <Log>
      <Stats type="Stats" id="deme0" generation="411" popsize="200">
        <Item key="processed">100</Item>
        <Item key="total-processed">41300</Item>
        <Measure id="fitness">
          <Avg>-47.005</Avg>
          <Std>1.30517909205</Std>
          <Max>-46</Max>
          <Min>-51</Min>
        </Measure>
      </Stats>
    </Log>
    <Log>
      <Stats type="Stats" id="vivarium" generation="411" popsize="200">
        <Item key="processed">100</Item>
        <Item key="total-processed">41300</Item>
        <Measure id="fitness">
          <Avg>-47.005</Avg>
          <Std>1.30517909205</Std>
          <Max>-46</Max>
          <Min>-51</Min>
        </Measure>
      </Stats>
    </Log>
    <Log>Evolving generation 412</Log>
    <Log>Applying main-loop operators to the 1st deme</Log>
    <Log>
      <Stats type="Stats" id="deme0" generation="412" popsize="200">
        <Item key="processed">100</Item>
        <Item key="total-processed">41400</Item>
        <Measure id="fitness">
          <Avg>-47.085</Avg>
          <Std>1.46234993647</Std>
          <Max>-46</Max>
          <Min>-51</Min>
        </Measure>
      </Stats>
    </Log>
    <Log>
      <Stats type="Stats" id="vivarium" generation="412" popsize="200">
        <Item key="processed">100</Item>
        <Item key="total-processed">41400</Item>
        <Measure id="fitness">
          <Avg>-47.085</Avg>
          <Std>1.46234993647</Std>
          <Max>-46</Max>
          <Min>-51</Min>
        </Measure>
      </Stats>
    </Log>
    <Log>Evolving generation 413</Log>
    <Log>Applying main-loop operators to the 1st deme</Log>
    <Log>
      <Stats type="Stats" id="deme0" generation="413" popsize="200">
        <Item key="processed">100</Item>
        <Item key="total-processed">41500</Item>
        <Measure id="fitness">
          <Avg>-47.13</Avg>
          <Std>1.38299071457</Std>
          <Max>-46</Max>
          <Min>-50</Min>
        </Measure>
      </Stats>
    </Log>
    <Log>
      <Stats type="Stats" id="vivarium" generation="413" popsize="200">
        <Item key="processed">100</Item>
        <Item key="total-processed">41500</Item>
        <Measure id="fitness">
          <Avg>-47.13</Avg>
          <Std>1.38299071457</Std>
          <Max>-46</Max>
          <Min>-50</Min>
        </Measure>
      </Stats>
    </Log>
    <Log>Evolving generation 414</Log>
    <Log>Applying main-loop operators to the 1st deme</Log>
    <Log>
      <Stats type="Stats" id="deme0" generation="414" popsize="200">
        <Item key="processed">100</Item>
        <Item key="total-processed">41600</Item>
        <Measure id="fitness">
          <Avg>-47.095</Avg>
          <Std>1.38766098708</Std>
          <Max>-46</Max>
          <Min>-51</Min>
        </Measure>
      </Stats>
    </Log>
    <Log>
      <Stats type="Stats" id="vivarium" generation="414" popsize="200">
        <Item key="processed">100</Item>
        <Item key="total-processed">41600</Item>
        <Measure id="fitness">
          <Avg>-47.095</Avg>
          <Std>1.38766098708</Std>
          <Max>-46</Max>
          <Min>-51</Min>
        </Measure>
      </Stats>
    </Log>
    <Log>Evolving generation 415</Log>
    <Log>Applying main-loop operators to the 1st deme</Log>
    <Log>
      <Stats type="Stats" id="deme0" generation="415" popsize="200">
        <Item key="processed">100</Item>
        <Item key="total-processed">41700</Item>
        <Measure id="fitness">
          <Avg>-47.13</Avg>
          <Std>1.45729838845</Std>
          <Max>-46</Max>
          <Min>-51</Min>
        </Measure>
      </Stats>
    </Log>
    <Log>
      <Stats type="Stats" id="vivarium" generation="415" popsize="200">
        <Item key="processed">100</Item>
        <Item key="total-processed">41700</Item>
        <Measure id="fitness">
          <Avg>-47.13</Avg>
          <Std>1.45729838845</Std>
          <Max>-46</Max>
          <Min>-51</Min>
        </Measure>
      </Stats>
    </Log>
    <Log>Evolving generation 416</Log>
    <Log>Applying main-loop operators to the 1st deme</Log>
    <Log>
      <Stats type="Stats" id="deme0" generation="416" popsize="200">
        <Item key="processed">100</Item>
        <Item key="total-processed">41800</Item>
        <Measure id="fitness">
          <Avg>-47.2</Avg>
          <Std>1.53354451972</Std>
          <Max>-46</Max>
          <Min>-51</Min>
        </Measure>
      </Stats>
    </Log>
    <Log>
      <Stats type="Stats" id="vivarium" generation="416" popsize="200">
        <Item key="processed">100</Item>
        <Item key="total-processed">41800</Item>
        <Measure id="fitness">
          <Avg>-47.2</Avg>
          <Std>1.53354451972</Std>
          <Max>-46</Max>
          <Min>-51</Min>
        </Measure>
      </Stats>
    </Log>
    <Log>Evolving generation 417</Log>
    <Log>Applying main-loop operators to the 1st deme</Log>
    <Log>
      <Stats type="Stats" id="deme0" generation="417" popsize="200">
        <Item key="processed">100</Item>
        <Item key="total-processed">41900</Item>
        <Measure id="fitness">
          <Avg>-47.05</Avg>
          <Std>1.36999431463</Std>
          <Max>-46</Max>
          <Min>-51</Min>
        </Measure>
      </Stats>
    </Log>
    <Log>
      <Stats type="Stats" id="vivarium" generation="417" popsize="200">
        <Item key="processed">100</Item>
        <Item key="total-processed">41900</Item>
        <Measure id="fitness">
          <Avg>-47.05</Avg>
          <Std>1.36999431463</Std>
          <Max>-46</Max>
          <Min>-51</Min>
        </Measure>
      </Stats>
    </Log>
    <Log>Evolving generation 418</Log>
    <Log>Applying main-loop operators to the 1st deme</Log>
    <Log>
      <Stats type="Stats" id="deme0" generation="418" popsize="200">
        <Item key="processed">100</Item>
        <Item key="total-processed">42000</Item>
        <Measure id="fitness">
          <Avg>-47.185</Avg>
          <Std>1.45649645024</Std>
          <Max>-46</Max>
          <Min>-51</Min>
        </Measure>
      </Stats>
    </Log>
    <Log>
      <Stats type="Stats" id="vivarium" generation="418" popsize="200">
        <Item key="processed">100</Item>
        <Item key="total-processed">42000</Item>
        <Measure id="fitness">
          <Avg>-47.185</Avg>
          <Std>1.45649645024</Std>
          <Max>-46</Max>
          <Min>-51</Min>
        </Measure>
      </Stats>
    </Log>
    <Log>Evolving generation 419</Log>
    <Log>Applying main-loop operators to the 1st deme</Log>
    <Log>
      <Stats type="Stats" id="deme0" generation="419" popsize="200">
        <Item key="processed">100</Item>
        <Item key="total-processed">42100</Item>
        <Measure id="fitness">
          <Avg>-46.955</Avg>
          <Std>1.25332723011</Std>
          <Max>-46</Max>
          <Min>-50</Min>
        </Measure>
      </Stats>
    </Log>
    <Log>
      <Stats type="Stats" id="vivarium" generation="419" popsize="200">
        <Item key="processed">100</Item>
        <Item key="total-processed">42100</Item>
        <Measure id="fitness">
          <Avg>-46.955</Avg>
          <Std>1.25332723011</Std>
          <Max>-46</Max>
          <Min>-50</Min>
        </Measure>
      </Stats>
    </Log>
    <Log>Evolving generation 420</Log>
    <Log>Applying main-loop operators to the 1st deme</Log>
    <Log>
      <Stats type="Stats" id="deme0" generation="420" popsize="200">
        <Item key="processed">100</Item>
        <Item key="total-processed">42200</Item>
        <Measure id="fitness">
          <Avg>-47.04</Avg>
          <Std>1.34440960497</Std>
          <Max>-46</Max>
          <Min>-51</Min>
        </Measure>
      </Stats>
    </Log>
    <Log>
      <Stats type="Stats" id="vivarium" generation="420" popsize="200">
        <Item key="processed">100</Item>
        <Item key="total-processed">42200</Item>
        <Measure id="fitness">
          <Avg>-47.04</Avg>
          <Std>1.34440960497</Std>
          <Max>-46</Max>
          <Min>-51</Min>
        </Measure>
      </Stats>
    </Log>
    <Log>Evolving generation 421</Log>
    <Log>Applying main-loop operators to the 1st deme</Log>
    <Log>
      <Stats type="Stats" id="deme0" generation="421" popsize="200">
        <Item key="processed">100</Item>
        <Item key="total-processed">42300</Item>
        <Measure id="fitness">
          <Avg>-47.12</Avg>
          <Std>1.41620201267</Std>
          <Max>-46</Max>
          <Min>-51</Min>
        </Measure>
      </Stats>
    </Log>
    <Log>
      <Stats type="Stats" id="vivarium" generation="421" popsize="200">
        <Item key="processed">100</Item>
        <Item key="total-processed">42300</Item>
        <Measure id="fitness">
          <Avg>-47.12</Avg>
          <Std>1.41620201267</Std>
          <Max>-46</Max>
          <Min>-51</Min>
        </Measure>
      </Stats>
    </Log>
    <Log>Evolving generation 422</Log>
    <Log>Applying main-loop operators to the 1st deme</Log>
    <Log>
      <Stats type="Stats" id="deme0" generation="422" popsize="200">
        <Item key="processed">100</Item>
        <Item key="total-processed">42400</Item>
        <Measure id="fitness">
          <Avg>-47.225</Avg>
          <Std>1.52182613129</Std>
          <Max>-46</Max>
          <Min>-51</Min>
        </Measure>
      </Stats>
    </Log>
    <Log>
      <Stats type="Stats" id="vivarium" generation="422" popsize="200">
        <Item key="processed">100</Item>
        <Item key="total-processed">42400</Item>
        <Measure id="fitness">
          <Avg>-47.225</Avg>
          <Std>1.52182613129</Std>
          <Max>-46</Max>
          <Min>-51</Min>
        </Measure>
      </Stats>
    </Log>
    <Log>Evolving generation 423</Log>
    <Log>Applying main-loop operators to the 1st deme</Log>
    <Log>
      <Stats type="Stats" id="deme0" generation="423" popsize="200">
        <Item key="processed">100</Item>
        <Item key="total-processed">42500</Item>
        <Measure id="fitness">
          <Avg>-47.075</Avg>
          <Std>1.40328938766</Std>
          <Max>-46</Max>
          <Min>-51</Min>
        </Measure>
      </Stats>
    </Log>
    <Log>
      <Stats type="Stats" id="vivarium" generation="423" popsize="200">
        <Item key="processed">100</Item>
        <Item key="total-processed">42500</Item>
        <Measure id="fitness">
          <Avg>-47.075</Avg>
          <Std>1.40328938766</Std>
          <Max>-46</Max>
          <Min>-51</Min>
        </Measure>
      </Stats>
    </Log>
    <Log>Evolving generation 424</Log>
    <Log>Applying main-loop operators to the 1st deme</Log>
    <Log>
      <Stats type="Stats" id="deme0" generation="424" popsize="200">
        <Item key="processed">100</Item>
        <Item key="total-processed">42600</Item>
        <Measure id="fitness">
          <Avg>-47.06</Avg>
          <Std>1.42356336821</Std>
          <Max>-46</Max>
          <Min>-51</Min>
        </Measure>
      </Stats>
    </Log>
    <Log>
      <Stats type="Stats" id="vivarium" generation="424" popsize="200">
        <Item key="processed">100</Item>
        <Item key="total-processed">42600</Item>
        <Measure id="fitness">
          <Avg>-47.06</Avg>
          <Std>1.42356336821</Std>
          <Max>-46</Max>
          <Min>-51</Min>
        </Measure>
      </Stats>
    </Log>
    <Log>Evolving generation 425</Log>
    <Log>Applying main-loop operators to the 1st deme</Log>
    <Log>
      <Stats type="Stats" id="deme0" generation="425" popsize="200">
        <Item key="processed">100</Item>
        <Item key="total-processed">42700</Item>
        <Measure id="fitness">
          <Avg>-47.14</Avg>
          <Std>1.4701040882</Std>
          <Max>-46</Max>
          <Min>-52</Min>
        </Measure>
      </Stats>
    </Log>
    <Log>
      <Stats type="Stats" id="vivarium" generation="425" popsize="200">
        <Item key="processed">100</Item>
        <Item key="total-processed">42700</Item>
        <Measure id="fitness">
          <Avg>-47.14</Avg>
          <Std>1.4701040882</Std>
          <Max>-46</Max>
          <Min>-52</Min>
        </Measure>
      </Stats>
    </Log>
    <Log>Evolving generation 426</Log>
    <Log>Applying main-loop operators to the 1st deme</Log>
    <Log>
      <Stats type="Stats" id="deme0" generation="426" popsize="200">
        <Item key="processed">100</Item>
        <Item key="total-processed">42800</Item>
        <Measure id="fitness">
          <Avg>-46.995</Avg>
          <Std>1.32807905256</Std>
          <Max>-46</Max>
          <Min>-51</Min>
        </Measure>
      </Stats>
    </Log>
    <Log>
      <Stats type="Stats" id="vivarium" generation="426" popsize="200">
        <Item key="processed">100</Item>
        <Item key="total-processed">42800</Item>
        <Measure id="fitness">
          <Avg>-46.995</Avg>
          <Std>1.32807905256</Std>
          <Max>-46</Max>
          <Min>-51</Min>
        </Measure>
      </Stats>
    </Log>
    <Log>Evolving generation 427</Log>
    <Log>Applying main-loop operators to the 1st deme</Log>
    <Log>
      <Stats type="Stats" id="deme0" generation="427" popsize="200">
        <Item key="processed">100</Item>
        <Item key="total-processed">42900</Item>
        <Measure id="fitness">
          <Avg>-47.055</Avg>
          <Std>1.34947412054</Std>
          <Max>-46</Max>
          <Min>-51</Min>
        </Measure>
      </Stats>
    </Log>
    <Log>
      <Stats type="Stats" id="vivarium" generation="427" popsize="200">
        <Item key="processed">100</Item>
        <Item key="total-processed">42900</Item>
        <Measure id="fitness">
          <Avg>-47.055</Avg>
          <Std>1.34947412054</Std>
          <Max>-46</Max>
          <Min>-51</Min>
        </Measure>
      </Stats>
    </Log>
    <Log>Evolving generation 428</Log>
    <Log>Applying main-loop operators to the 1st deme</Log>
    <Log>
      <Stats type="Stats" id="deme0" generation="428" popsize="200">
        <Item key="processed">100</Item>
        <Item key="total-processed">43000</Item>
        <Measure id="fitness">
          <Avg>-47.11</Avg>
          <Std>1.45204759256</Std>
          <Max>-46</Max>
          <Min>-51</Min>
        </Measure>
      </Stats>
    </Log>
    <Log>
      <Stats type="Stats" id="vivarium" generation="428" popsize="200">
        <Item key="processed">100</Item>
        <Item key="total-processed">43000</Item>
        <Measure id="fitness">
          <Avg>-47.11</Avg>
          <Std>1.45204759256</Std>
          <Max>-46</Max>
          <Min>-51</Min>
        </Measure>
      </Stats>
    </Log>
    <Log>Evolving generation 429</Log>
    <Log>Applying main-loop operators to the 1st deme</Log>
    <Log>
      <Stats type="Stats" id="deme0" generation="429" popsize="200">
        <Item key="processed">100</Item>
        <Item key="total-processed">43100</Item>
        <Measure id="fitness">
          <Avg>-47.245</Avg>
          <Std>1.50876001535</Std>
          <Max>-46</Max>
          <Min>-51</Min>
        </Measure>
      </Stats>
    </Log>
    <Log>
      <Stats type="Stats" id="vivarium" generation="429" popsize="200">
        <Item key="processed">100</Item>
        <Item key="total-processed">43100</Item>
        <Measure id="fitness">
          <Avg>-47.245</Avg>
          <Std>1.50876001535</Std>
          <Max>-46</Max>
          <Min>-51</Min>
        </Measure>
      </Stats>
    </Log>
    <Log>Evolving generation 430</Log>
    <Log>Applying main-loop operators to the 1st deme</Log>
    <Log>
      <Stats type="Stats" id="deme0" generation="430" popsize="200">
        <Item key="processed">100</Item>
        <Item key="total-processed">43200</Item>
        <Measure id="fitness">
          <Avg>-47.14</Avg>
          <Std>1.41790417917</Std>
          <Max>-46</Max>
          <Min>-51</Min>
        </Measure>
      </Stats>
    </Log>
    <Log>
      <Stats type="Stats" id="vivarium" generation="430" popsize="200">
        <Item key="processed">100</Item>
        <Item key="total-processed">43200</Item>
        <Measure id="fitness">
          <Avg>-47.14</Avg>
          <Std>1.41790417917</Std>
          <Max>-46</Max>
          <Min>-51</Min>
        </Measure>
      </Stats>
    </Log>
    <Log>Evolving generation 431</Log>
    <Log>Applying main-loop operators to the 1st deme</Log>
    <Log>
      <Stats type="Stats" id="deme0" generation="431" popsize="200">
        <Item key="processed">100</Item>
        <Item key="total-processed">43300</Item>
        <Measure id="fitness">
          <Avg>-47.105</Avg>
          <Std>1.35021866831</Std>
          <Max>-46</Max>
          <Min>-51</Min>
        </Measure>
      </Stats>
    </Log>
    <Log>
      <Stats type="Stats" id="vivarium" generation="431" popsize="200">
        <Item key="processed">100</Item>
        <Item key="total-processed">43300</Item>
        <Measure id="fitness">
          <Avg>-47.105</Avg>
          <Std>1.35021866831</Std>
          <Max>-46</Max>
          <Min>-51</Min>
        </Measure>
      </Stats>
    </Log>
    <Log>Evolving generation 432</Log>
    <Log>Applying main-loop operators to the 1st deme</Log>
    <Log>
      <Stats type="Stats" id="deme0" generation="432" popsize="200">
        <Item key="processed">100</Item>
        <Item key="total-processed">43400</Item>
        <Measure id="fitness">
          <Avg>-47.07</Avg>
          <Std>1.34317556671</Std>
          <Max>-46</Max>
          <Min>-51</Min>
        </Measure>
      </Stats>
    </Log>
    <Log>
      <Stats type="Stats" id="vivarium" generation="432" popsize="200">
        <Item key="processed">100</Item>
        <Item key="total-processed">43400</Item>
        <Measure id="fitness">
          <Avg>-47.07</Avg>
          <Std>1.34317556671</Std>
          <Max>-46</Max>
          <Min>-51</Min>
        </Measure>
      </Stats>
    </Log>
    <Log>Evolving generation 433</Log>
    <Log>Applying main-loop operators to the 1st deme</Log>
    <Log>
      <Stats type="Stats" id="deme0" generation="433" popsize="200">
        <Item key="processed">100</Item>
        <Item key="total-processed">43500</Item>
        <Measure id="fitness">
          <Avg>-47.105</Avg>
          <Std>1.44025925919</Std>
          <Max>-46</Max>
          <Min>-51</Min>
        </Measure>
      </Stats>
    </Log>
    <Log>
      <Stats type="Stats" id="vivarium" generation="433" popsize="200">
        <Item key="processed">100</Item>
        <Item key="total-processed">43500</Item>
        <Measure id="fitness">
          <Avg>-47.105</Avg>
          <Std>1.44025925919</Std>
          <Max>-46</Max>
          <Min>-51</Min>
        </Measure>
      </Stats>
    </Log>
    <Log>Evolving generation 434</Log>
    <Log>Applying main-loop operators to the 1st deme</Log>
    <Log>
      <Stats type="Stats" id="deme0" generation="434" popsize="200">
        <Item key="processed">100</Item>
        <Item key="total-processed">43600</Item>
        <Measure id="fitness">
          <Avg>-47.195</Avg>
          <Std>1.56178450955</Std>
          <Max>-46</Max>
          <Min>-52</Min>
        </Measure>
      </Stats>
    </Log>
    <Log>
      <Stats type="Stats" id="vivarium" generation="434" popsize="200">
        <Item key="processed">100</Item>
        <Item key="total-processed">43600</Item>
        <Measure id="fitness">
          <Avg>-47.195</Avg>
          <Std>1.56178450955</Std>
          <Max>-46</Max>
          <Min>-52</Min>
        </Measure>
      </Stats>
    </Log>
    <Log>Evolving generation 435</Log>
    <Log>Applying main-loop operators to the 1st deme</Log>
    <Log>
      <Stats type="Stats" id="deme0" generation="435" popsize="200">
        <Item key="processed">100</Item>
        <Item key="total-processed">43700</Item>
        <Measure id="fitness">
          <Avg>-47.21</Avg>
          <Std>1.46513929912</Std>
          <Max>-46</Max>
          <Min>-51</Min>
        </Measure>
      </Stats>
    </Log>
    <Log>
      <Stats type="Stats" id="vivarium" generation="435" popsize="200">
        <Item key="processed">100</Item>
        <Item key="total-processed">43700</Item>
        <Measure id="fitness">
          <Avg>-47.21</Avg>
          <Std>1.46513929912</Std>
          <Max>-46</Max>
          <Min>-51</Min>
        </Measure>
      </Stats>
    </Log>
    <Log>Evolving generation 436</Log>
    <Log>Applying main-loop operators to the 1st deme</Log>
    <Log>
      <Stats type="Stats" id="deme0" generation="436" popsize="200">
        <Item key="processed">100</Item>
        <Item key="total-processed">43800</Item>
        <Measure id="fitness">
          <Avg>-47.09</Avg>
          <Std>1.36426025015</Std>
          <Max>-46</Max>
          <Min>-52</Min>
        </Measure>
      </Stats>
    </Log>
    <Log>
      <Stats type="Stats" id="vivarium" generation="436" popsize="200">
        <Item key="processed">100</Item>
        <Item key="total-processed">43800</Item>
        <Measure id="fitness">
          <Avg>-47.09</Avg>
          <Std>1.36426025015</Std>
          <Max>-46</Max>
          <Min>-52</Min>
        </Measure>
      </Stats>
    </Log>
    <Log>Evolving generation 437</Log>
    <Log>Applying main-loop operators to the 1st deme</Log>
    <Log>
      <Stats type="Stats" id="deme0" generation="437" popsize="200">
        <Item key="processed">100</Item>
        <Item key="total-processed">43900</Item>
        <Measure id="fitness">
          <Avg>-47.015</Avg>
          <Std>1.36899442243</Std>
          <Max>-46</Max>
          <Min>-52</Min>
        </Measure>
      </Stats>
    </Log>
    <Log>
      <Stats type="Stats" id="vivarium" generation="437" popsize="200">
        <Item key="processed">100</Item>
        <Item key="total-processed">43900</Item>
        <Measure id="fitness">
          <Avg>-47.015</Avg>
          <Std>1.36899442243</Std>
          <Max>-46</Max>
          <Min>-52</Min>
        </Measure>
      </Stats>
    </Log>
    <Log>Evolving generation 438</Log>
    <Log>Applying main-loop operators to the 1st deme</Log>
    <Log>
      <Stats type="Stats" id="deme0" generation="438" popsize="200">
        <Item key="processed">100</Item>
        <Item key="total-processed">44000</Item>
        <Measure id="fitness">
          <Avg>-47.14</Avg>
          <Std>1.42497465375</Std>
          <Max>-46</Max>
          <Min>-51</Min>
        </Measure>
      </Stats>
    </Log>
    <Log>
      <Stats type="Stats" id="vivarium" generation="438" popsize="200">
        <Item key="processed">100</Item>
        <Item key="total-processed">44000</Item>
        <Measure id="fitness">
          <Avg>-47.14</Avg>
          <Std>1.42497465375</Std>
          <Max>-46</Max>
          <Min>-51</Min>
        </Measure>
      </Stats>
    </Log>
    <Log>Evolving generation 439</Log>
    <Log>Applying main-loop operators to the 1st deme</Log>
    <Log>
      <Stats type="Stats" id="deme0" generation="439" popsize="200">
        <Item key="processed">100</Item>
        <Item key="total-processed">44100</Item>
        <Measure id="fitness">
          <Avg>-47.035</Avg>
          <Std>1.38686407402</Std>
          <Max>-46</Max>
          <Min>-51</Min>
        </Measure>
      </Stats>
    </Log>
    <Log>
      <Stats type="Stats" id="vivarium" generation="439" popsize="200">
        <Item key="processed">100</Item>
        <Item key="total-processed">44100</Item>
        <Measure id="fitness">
          <Avg>-47.035</Avg>
          <Std>1.38686407402</Std>
          <Max>-46</Max>
          <Min>-51</Min>
        </Measure>
      </Stats>
    </Log>
    <Log>Evolving generation 440</Log>
    <Log>Applying main-loop operators to the 1st deme</Log>
    <Log>
      <Stats type="Stats" id="deme0" generation="440" popsize="200">
        <Item key="processed">100</Item>
        <Item key="total-processed">44200</Item>
        <Measure id="fitness">
          <Avg>-47.045</Avg>
          <Std>1.42235384214</Std>
          <Max>-46</Max>
          <Min>-51</Min>
        </Measure>
      </Stats>
    </Log>
    <Log>
      <Stats type="Stats" id="vivarium" generation="440" popsize="200">
        <Item key="processed">100</Item>
        <Item key="total-processed">44200</Item>
        <Measure id="fitness">
          <Avg>-47.045</Avg>
          <Std>1.42235384214</Std>
          <Max>-46</Max>
          <Min>-51</Min>
        </Measure>
      </Stats>
    </Log>
    <Log>Evolving generation 441</Log>
    <Log>Applying main-loop operators to the 1st deme</Log>
    <Log>
      <Stats type="Stats" id="deme0" generation="441" popsize="200">
        <Item key="processed">100</Item>
        <Item key="total-processed">44300</Item>
        <Measure id="fitness">
          <Avg>-47.11</Avg>
          <Std>1.42055973114</Std>
          <Max>-46</Max>
          <Min>-51</Min>
        </Measure>
      </Stats>
    </Log>
    <Log>
      <Stats type="Stats" id="vivarium" generation="441" popsize="200">
        <Item key="processed">100</Item>
        <Item key="total-processed">44300</Item>
        <Measure id="fitness">
          <Avg>-47.11</Avg>
          <Std>1.42055973114</Std>
          <Max>-46</Max>
          <Min>-51</Min>
        </Measure>
      </Stats>
    </Log>
    <Log>Evolving generation 442</Log>
    <Log>Applying main-loop operators to the 1st deme</Log>
    <Log>
      <Stats type="Stats" id="deme0" generation="442" popsize="200">
        <Item key="processed">100</Item>
        <Item key="total-processed">44400</Item>
        <Measure id="fitness">
          <Avg>-47.145</Avg>
          <Std>1.46447891499</Std>
          <Max>-46</Max>
          <Min>-53</Min>
        </Measure>
      </Stats>
    </Log>
    <Log>
      <Stats type="Stats" id="vivarium" generation="442" popsize="200">
        <Item key="processed">100</Item>
        <Item key="total-processed">44400</Item>
        <Measure id="fitness">
          <Avg>-47.145</Avg>
          <Std>1.46447891499</Std>
          <Max>-46</Max>
          <Min>-53</Min>
        </Measure>
      </Stats>
    </Log>
    <Log>Evolving generation 443</Log>
    <Log>Applying main-loop operators to the 1st deme</Log>
    <Log>
      <Stats type="Stats" id="deme0" generation="443" popsize="200">
        <Item key="processed">100</Item>
        <Item key="total-processed">44500</Item>
        <Measure id="fitness">
          <Avg>-47.135</Avg>
          <Std>1.4516582097</Std>
          <Max>-46</Max>
          <Min>-51</Min>
        </Measure>
      </Stats>
    </Log>
    <Log>
      <Stats type="Stats" id="vivarium" generation="443" popsize="200">
        <Item key="processed">100</Item>
        <Item key="total-processed">44500</Item>
        <Measure id="fitness">
          <Avg>-47.135</Avg>
          <Std>1.4516582097</Std>
          <Max>-46</Max>
          <Min>-51</Min>
        </Measure>
      </Stats>
    </Log>
    <Log>Evolving generation 444</Log>
    <Log>Applying main-loop operators to the 1st deme</Log>
    <Log>
      <Stats type="Stats" id="deme0" generation="444" popsize="200">
        <Item key="processed">100</Item>
        <Item key="total-processed">44600</Item>
        <Measure id="fitness">
          <Avg>-47.1</Avg>
          <Std>1.38186386402</Std>
          <Max>-46</Max>
          <Min>-50</Min>
        </Measure>
      </Stats>
    </Log>
    <Log>
      <Stats type="Stats" id="vivarium" generation="444" popsize="200">
        <Item key="processed">100</Item>
        <Item key="total-processed">44600</Item>
        <Measure id="fitness">
          <Avg>-47.1</Avg>
          <Std>1.38186386402</Std>
          <Max>-46</Max>
          <Min>-50</Min>
        </Measure>
      </Stats>
    </Log>
    <Log>Evolving generation 445</Log>
    <Log>Applying main-loop operators to the 1st deme</Log>
    <Log>
      <Stats type="Stats" id="deme0" generation="445" popsize="200">
        <Item key="processed">100</Item>
        <Item key="total-processed">44700</Item>
        <Measure id="fitness">
          <Avg>-47.13</Avg>
          <Std>1.43295737347</Std>
          <Max>-46</Max>
          <Min>-51</Min>
        </Measure>
      </Stats>
    </Log>
    <Log>
      <Stats type="Stats" id="vivarium" generation="445" popsize="200">
        <Item key="processed">100</Item>
        <Item key="total-processed">44700</Item>
        <Measure id="fitness">
          <Avg>-47.13</Avg>
          <Std>1.43295737347</Std>
          <Max>-46</Max>
          <Min>-51</Min>
        </Measure>
      </Stats>
    </Log>
    <Log>Evolving generation 446</Log>
    <Log>Applying main-loop operators to the 1st deme</Log>
    <Log>
      <Stats type="Stats" id="deme0" generation="446" popsize="200">
        <Item key="processed">100</Item>
        <Item key="total-processed">44800</Item>
        <Measure id="fitness">
          <Avg>-47.155</Avg>
          <Std>1.49066610183</Std>
          <Max>-46</Max>
          <Min>-52</Min>
        </Measure>
      </Stats>
    </Log>
    <Log>
      <Stats type="Stats" id="vivarium" generation="446" popsize="200">
        <Item key="processed">100</Item>
        <Item key="total-processed">44800</Item>
        <Measure id="fitness">
          <Avg>-47.155</Avg>
          <Std>1.49066610183</Std>
          <Max>-46</Max>
          <Min>-52</Min>
        </Measure>
      </Stats>
    </Log>
    <Log>Evolving generation 447</Log>
    <Log>Applying main-loop operators to the 1st deme</Log>
    <Log>
      <Stats type="Stats" id="deme0" generation="447" popsize="200">
        <Item key="processed">100</Item>
        <Item key="total-processed">44900</Item>
        <Measure id="fitness">
          <Avg>-47.18</Avg>
          <Std>1.46914667743</Std>
          <Max>-46</Max>
          <Min>-51</Min>
        </Measure>
      </Stats>
    </Log>
    <Log>
      <Stats type="Stats" id="vivarium" generation="447" popsize="200">
        <Item key="processed">100</Item>
        <Item key="total-processed">44900</Item>
        <Measure id="fitness">
          <Avg>-47.18</Avg>
          <Std>1.46914667743</Std>
          <Max>-46</Max>
          <Min>-51</Min>
        </Measure>
      </Stats>
    </Log>
    <Log>Evolving generation 448</Log>
    <Log>Applying main-loop operators to the 1st deme</Log>
    <Log>
      <Stats type="Stats" id="deme0" generation="448" popsize="200">
        <Item key="processed">100</Item>
        <Item key="total-processed">45000</Item>
        <Measure id="fitness">
          <Avg>-47.045</Avg>
          <Std>1.37200106949</Std>
          <Max>-46</Max>
          <Min>-51</Min>
        </Measure>
      </Stats>
    </Log>
    <Log>
      <Stats type="Stats" id="vivarium" generation="448" popsize="200">
        <Item key="processed">100</Item>
        <Item key="total-processed">45000</Item>
        <Measure id="fitness">
          <Avg>-47.045</Avg>
          <Std>1.37200106949</Std>
          <Max>-46</Max>
          <Min>-51</Min>
        </Measure>
      </Stats>
    </Log>
    <Log>Evolving generation 449</Log>
    <Log>Applying main-loop operators to the 1st deme</Log>
    <Log>
      <Stats type="Stats" id="deme0" generation="449" popsize="200">
        <Item key="processed">100</Item>
        <Item key="total-processed">45100</Item>
        <Measure id="fitness">
          <Avg>-47.075</Avg>
          <Std>1.36332987267</Std>
          <Max>-46</Max>
          <Min>-51</Min>
        </Measure>
      </Stats>
    </Log>
    <Log>
      <Stats type="Stats" id="vivarium" generation="449" popsize="200">
        <Item key="processed">100</Item>
        <Item key="total-processed">45100</Item>
        <Measure id="fitness">
          <Avg>-47.075</Avg>
          <Std>1.36332987267</Std>
          <Max>-46</Max>
          <Min>-51</Min>
        </Measure>
      </Stats>
    </Log>
    <Log>Evolving generation 450</Log>
    <Log>Applying main-loop operators to the 1st deme</Log>
    <Log>
      <Stats type="Stats" id="deme0" generation="450" popsize="200">
        <Item key="processed">100</Item>
        <Item key="total-processed">45200</Item>
        <Measure id="fitness">
          <Avg>-47.21</Avg>
          <Std>1.45481353171</Std>
          <Max>-46</Max>
          <Min>-51</Min>
        </Measure>
      </Stats>
    </Log>
    <Log>
      <Stats type="Stats" id="vivarium" generation="450" popsize="200">
        <Item key="processed">100</Item>
        <Item key="total-processed">45200</Item>
        <Measure id="fitness">
          <Avg>-47.21</Avg>
          <Std>1.45481353171</Std>
          <Max>-46</Max>
          <Min>-51</Min>
        </Measure>
      </Stats>
    </Log>
    <Log>Evolving generation 451</Log>
    <Log>Applying main-loop operators to the 1st deme</Log>
    <Log>
      <Stats type="Stats" id="deme0" generation="451" popsize="200">
        <Item key="processed">100</Item>
        <Item key="total-processed">45300</Item>
        <Measure id="fitness">
          <Avg>-47.225</Avg>
          <Std>1.4985336216</Std>
          <Max>-46</Max>
          <Min>-51</Min>
        </Measure>
      </Stats>
    </Log>
    <Log>
      <Stats type="Stats" id="vivarium" generation="451" popsize="200">
        <Item key="processed">100</Item>
        <Item key="total-processed">45300</Item>
        <Measure id="fitness">
          <Avg>-47.225</Avg>
          <Std>1.4985336216</Std>
          <Max>-46</Max>
          <Min>-51</Min>
        </Measure>
      </Stats>
    </Log>
    <Log>Evolving generation 452</Log>
    <Log>Applying main-loop operators to the 1st deme</Log>
    <Log>
      <Stats type="Stats" id="deme0" generation="452" popsize="200">
        <Item key="processed">100</Item>
        <Item key="total-processed">45400</Item>
        <Measure id="fitness">
          <Avg>-47.14</Avg>
          <Std>1.4598134389</Std>
          <Max>-46</Max>
          <Min>-51</Min>
        </Measure>
      </Stats>
    </Log>
    <Log>
      <Stats type="Stats" id="vivarium" generation="452" popsize="200">
        <Item key="processed">100</Item>
        <Item key="total-processed">45400</Item>
        <Measure id="fitness">
          <Avg>-47.14</Avg>
          <Std>1.4598134389</Std>
          <Max>-46</Max>
          <Min>-51</Min>
        </Measure>
      </Stats>
    </Log>
    <Log>Evolving generation 453</Log>
    <Log>Applying main-loop operators to the 1st deme</Log>
    <Log>
      <Stats type="Stats" id="deme0" generation="453" popsize="200">
        <Item key="processed">100</Item>
        <Item key="total-processed">45500</Item>
        <Measure id="fitness">
          <Avg>-47.135</Avg>
          <Std>1.39877009867</Std>
          <Max>-46</Max>
          <Min>-51</Min>
        </Measure>
      </Stats>
    </Log>
    <Log>
      <Stats type="Stats" id="vivarium" generation="453" popsize="200">
        <Item key="processed">100</Item>
        <Item key="total-processed">45500</Item>
        <Measure id="fitness">
          <Avg>-47.135</Avg>
          <Std>1.39877009867</Std>
          <Max>-46</Max>
          <Min>-51</Min>
        </Measure>
      </Stats>
    </Log>
    <Log>Evolving generation 454</Log>
    <Log>Applying main-loop operators to the 1st deme</Log>
    <Log>
      <Stats type="Stats" id="deme0" generation="454" popsize="200">
        <Item key="processed">100</Item>
        <Item key="total-processed">45600</Item>
        <Measure id="fitness">
          <Avg>-47.11</Avg>
          <Std>1.42055973114</Std>
          <Max>-46</Max>
          <Min>-51</Min>
        </Measure>
      </Stats>
    </Log>
    <Log>
      <Stats type="Stats" id="vivarium" generation="454" popsize="200">
        <Item key="processed">100</Item>
        <Item key="total-processed">45600</Item>
        <Measure id="fitness">
          <Avg>-47.11</Avg>
          <Std>1.42055973114</Std>
          <Max>-46</Max>
          <Min>-51</Min>
        </Measure>
      </Stats>
    </Log>
    <Log>Evolving generation 455</Log>
    <Log>Applying main-loop operators to the 1st deme</Log>
    <Log>
      <Stats type="Stats" id="deme0" generation="455" popsize="200">
        <Item key="processed">100</Item>
        <Item key="total-processed">45700</Item>
        <Measure id="fitness">
          <Avg>-47.145</Avg>
          <Std>1.41917061206</Std>
          <Max>-46</Max>
          <Min>-51</Min>
        </Measure>
      </Stats>
    </Log>
    <Log>
      <Stats type="Stats" id="vivarium" generation="455" popsize="200">
        <Item key="processed">100</Item>
        <Item key="total-processed">45700</Item>
        <Measure id="fitness">
          <Avg>-47.145</Avg>
          <Std>1.41917061206</Std>
          <Max>-46</Max>
          <Min>-51</Min>
        </Measure>
      </Stats>
    </Log>
    <Log>Evolving generation 456</Log>
    <Log>Applying main-loop operators to the 1st deme</Log>
    <Log>
      <Stats type="Stats" id="deme0" generation="456" popsize="200">
        <Item key="processed">100</Item>
        <Item key="total-processed">45800</Item>
        <Measure id="fitness">
          <Avg>-47.145</Avg>
          <Std>1.46447891499</Std>
          <Max>-46</Max>
          <Min>-51</Min>
        </Measure>
      </Stats>
    </Log>
    <Log>
      <Stats type="Stats" id="vivarium" generation="456" popsize="200">
        <Item key="processed">100</Item>
        <Item key="total-processed">45800</Item>
        <Measure id="fitness">
          <Avg>-47.145</Avg>
          <Std>1.46447891499</Std>
          <Max>-46</Max>
          <Min>-51</Min>
        </Measure>
      </Stats>
    </Log>
    <Log>Evolving generation 457</Log>
    <Log>Applying main-loop operators to the 1st deme</Log>
    <Log>
      <Stats type="Stats" id="deme0" generation="457" popsize="200">
        <Item key="processed">100</Item>
        <Item key="total-processed">45900</Item>
        <Measure id="fitness">
          <Avg>-47.045</Avg>
          <Std>1.36465615895</Std>
          <Max>-46</Max>
          <Min>-51</Min>
        </Measure>
      </Stats>
    </Log>
    <Log>
      <Stats type="Stats" id="vivarium" generation="457" popsize="200">
        <Item key="processed">100</Item>
        <Item key="total-processed">45900</Item>
        <Measure id="fitness">
          <Avg>-47.045</Avg>
          <Std>1.36465615895</Std>
          <Max>-46</Max>
          <Min>-51</Min>
        </Measure>
      </Stats>
    </Log>
    <Log>Evolving generation 458</Log>
    <Log>Applying main-loop operators to the 1st deme</Log>
    <Log>
      <Stats type="Stats" id="deme0" generation="458" popsize="200">
        <Item key="processed">100</Item>
        <Item key="total-processed">46000</Item>
        <Measure id="fitness">
          <Avg>-47.055</Avg>
          <Std>1.40063696924</Std>
          <Max>-46</Max>
          <Min>-51</Min>
        </Measure>
      </Stats>
    </Log>
    <Log>
      <Stats type="Stats" id="vivarium" generation="458" popsize="200">
        <Item key="processed">100</Item>
        <Item key="total-processed">46000</Item>
        <Measure id="fitness">
          <Avg>-47.055</Avg>
          <Std>1.40063696924</Std>
          <Max>-46</Max>
          <Min>-51</Min>
        </Measure>
      </Stats>
    </Log>
    <Log>Evolving generation 459</Log>
    <Log>Applying main-loop operators to the 1st deme</Log>
    <Log>
      <Stats type="Stats" id="deme0" generation="459" popsize="200">
        <Item key="processed">100</Item>
        <Item key="total-processed">46100</Item>
        <Measure id="fitness">
          <Avg>-47.085</Avg>
          <Std>1.38468834365</Std>
          <Max>-46</Max>
          <Min>-51</Min>
        </Measure>
      </Stats>
    </Log>
    <Log>
      <Stats type="Stats" id="vivarium" generation="459" popsize="200">
        <Item key="processed">100</Item>
        <Item key="total-processed">46100</Item>
        <Measure id="fitness">
          <Avg>-47.085</Avg>
          <Std>1.38468834365</Std>
          <Max>-46</Max>
          <Min>-51</Min>
        </Measure>
      </Stats>
    </Log>
    <Log>Evolving generation 460</Log>
    <Log>Applying main-loop operators to the 1st deme</Log>
    <Log>
      <Stats type="Stats" id="deme0" generation="460" popsize="200">
        <Item key="processed">100</Item>
        <Item key="total-processed">46200</Item>
        <Measure id="fitness">
          <Avg>-46.985</Avg>
          <Std>1.3242139984</Std>
          <Max>-46</Max>
          <Min>-51</Min>
        </Measure>
      </Stats>
    </Log>
    <Log>
      <Stats type="Stats" id="vivarium" generation="460" popsize="200">
        <Item key="processed">100</Item>
        <Item key="total-processed">46200</Item>
        <Measure id="fitness">
          <Avg>-46.985</Avg>
          <Std>1.3242139984</Std>
          <Max>-46</Max>
          <Min>-51</Min>
        </Measure>
      </Stats>
    </Log>
    <Log>Evolving generation 461</Log>
    <Log>Applying main-loop operators to the 1st deme</Log>
    <Log>
      <Stats type="Stats" id="deme0" generation="461" popsize="200">
        <Item key="processed">100</Item>
        <Item key="total-processed">46300</Item>
        <Measure id="fitness">
          <Avg>-47.04</Avg>
          <Std>1.3885388727</Std>
          <Max>-46</Max>
          <Min>-52</Min>
        </Measure>
      </Stats>
    </Log>
    <Log>
      <Stats type="Stats" id="vivarium" generation="461" popsize="200">
        <Item key="processed">100</Item>
        <Item key="total-processed">46300</Item>
        <Measure id="fitness">
          <Avg>-47.04</Avg>
          <Std>1.3885388727</Std>
          <Max>-46</Max>
          <Min>-52</Min>
        </Measure>
      </Stats>
    </Log>
    <Log>Evolving generation 462</Log>
    <Log>Applying main-loop operators to the 1st deme</Log>
    <Log>
      <Stats type="Stats" id="deme0" generation="462" popsize="200">
        <Item key="processed">100</Item>
        <Item key="total-processed">46400</Item>
        <Measure id="fitness">
          <Avg>-47.21</Avg>
          <Std>1.52562698208</Std>
          <Max>-46</Max>
          <Min>-51</Min>
        </Measure>
      </Stats>
    </Log>
    <Log>
      <Stats type="Stats" id="vivarium" generation="462" popsize="200">
        <Item key="processed">100</Item>
        <Item key="total-processed">46400</Item>
        <Measure id="fitness">
          <Avg>-47.21</Avg>
          <Std>1.52562698208</Std>
          <Max>-46</Max>
          <Min>-51</Min>
        </Measure>
      </Stats>
    </Log>
    <Log>Evolving generation 463</Log>
    <Log>Applying main-loop operators to the 1st deme</Log>
    <Log>
      <Stats type="Stats" id="deme0" generation="463" popsize="200">
        <Item key="processed">100</Item>
        <Item key="total-processed">46500</Item>
        <Measure id="fitness">
          <Avg>-47.115</Avg>
          <Std>1.43599631864</Std>
          <Max>-46</Max>
          <Min>-52</Min>
        </Measure>
      </Stats>
    </Log>
    <Log>
      <Stats type="Stats" id="vivarium" generation="463" popsize="200">
        <Item key="processed">100</Item>
        <Item key="total-processed">46500</Item>
        <Measure id="fitness">
          <Avg>-47.115</Avg>
          <Std>1.43599631864</Std>
          <Max>-46</Max>
          <Min>-52</Min>
        </Measure>
      </Stats>
    </Log>
    <Log>Evolving generation 464</Log>
    <Log>Applying main-loop operators to the 1st deme</Log>
    <Log>
      <Stats type="Stats" id="deme0" generation="464" popsize="200">
        <Item key="processed">100</Item>
        <Item key="total-processed">46600</Item>
        <Measure id="fitness">
          <Avg>-47.135</Avg>
          <Std>1.40950648906</Std>
          <Max>-46</Max>
          <Min>-51</Min>
        </Measure>
      </Stats>
    </Log>
    <Log>
      <Stats type="Stats" id="vivarium" generation="464" popsize="200">
        <Item key="processed">100</Item>
        <Item key="total-processed">46600</Item>
        <Measure id="fitness">
          <Avg>-47.135</Avg>
          <Std>1.40950648906</Std>
          <Max>-46</Max>
          <Min>-51</Min>
        </Measure>
      </Stats>
    </Log>
    <Log>Evolving generation 465</Log>
    <Log>Applying main-loop operators to the 1st deme</Log>
    <Log>
      <Stats type="Stats" id="deme0" generation="465" popsize="200">
        <Item key="processed">100</Item>
        <Item key="total-processed">46700</Item>
        <Measure id="fitness">
          <Avg>-47.09</Avg>
          <Std>1.4534312201</Std>
          <Max>-46</Max>
          <Min>-52</Min>
        </Measure>
      </Stats>
    </Log>
    <Log>
      <Stats type="Stats" id="vivarium" generation="465" popsize="200">
        <Item key="processed">100</Item>
        <Item key="total-processed">46700</Item>
        <Measure id="fitness">
          <Avg>-47.09</Avg>
          <Std>1.4534312201</Std>
          <Max>-46</Max>
          <Min>-52</Min>
        </Measure>
      </Stats>
    </Log>
    <Log>Evolving generation 466</Log>
    <Log>Applying main-loop operators to the 1st deme</Log>
    <Log>
      <Stats type="Stats" id="deme0" generation="466" popsize="200">
        <Item key="processed">100</Item>
        <Item key="total-processed">46800</Item>
        <Measure id="fitness">
          <Avg>-46.99</Avg>
          <Std>1.25209372391</Std>
          <Max>-46</Max>
          <Min>-51</Min>
        </Measure>
      </Stats>
    </Log>
    <Log>
      <Stats type="Stats" id="vivarium" generation="466" popsize="200">
        <Item key="processed">100</Item>
        <Item key="total-processed">46800</Item>
        <Measure id="fitness">
          <Avg>-46.99</Avg>
          <Std>1.25209372391</Std>
          <Max>-46</Max>
          <Min>-51</Min>
        </Measure>
      </Stats>
    </Log>
    <Log>Evolving generation 467</Log>
    <Log>Applying main-loop operators to the 1st deme</Log>
    <Log>
      <Stats type="Stats" id="deme0" generation="467" popsize="200">
        <Item key="processed">100</Item>
        <Item key="total-processed">46900</Item>
        <Measure id="fitness">
          <Avg>-47.01</Avg>
          <Std>1.32236273998</Std>
          <Max>-46</Max>
          <Min>-51</Min>
        </Measure>
      </Stats>
    </Log>
    <Log>
      <Stats type="Stats" id="vivarium" generation="467" popsize="200">
        <Item key="processed">100</Item>
        <Item key="total-processed">46900</Item>
        <Measure id="fitness">
          <Avg>-47.01</Avg>
          <Std>1.32236273998</Std>
          <Max>-46</Max>
          <Min>-51</Min>
        </Measure>
      </Stats>
    </Log>
    <Log>Evolving generation 468</Log>
    <Log>Applying main-loop operators to the 1st deme</Log>
    <Log>
      <Stats type="Stats" id="deme0" generation="468" popsize="200">
        <Item key="processed">100</Item>
        <Item key="total-processed">47000</Item>
        <Measure id="fitness">
          <Avg>-47.015</Avg>
          <Std>1.32800337531</Std>
          <Max>-46</Max>
          <Min>-51</Min>
        </Measure>
      </Stats>
    </Log>
    <Log>
      <Stats type="Stats" id="vivarium" generation="468" popsize="200">
        <Item key="processed">100</Item>
        <Item key="total-processed">47000</Item>
        <Measure id="fitness">
          <Avg>-47.015</Avg>
          <Std>1.32800337531</Std>
          <Max>-46</Max>
          <Min>-51</Min>
        </Measure>
      </Stats>
    </Log>
    <Log>Evolving generation 469</Log>
    <Log>Applying main-loop operators to the 1st deme</Log>
    <Log>
      <Stats type="Stats" id="deme0" generation="469" popsize="200">
        <Item key="processed">100</Item>
        <Item key="total-processed">47100</Item>
        <Measure id="fitness">
          <Avg>-47.11</Avg>
          <Std>1.45550419522</Std>
          <Max>-46</Max>
          <Min>-51</Min>
        </Measure>
      </Stats>
    </Log>
    <Log>
      <Stats type="Stats" id="vivarium" generation="469" popsize="200">
        <Item key="processed">100</Item>
        <Item key="total-processed">47100</Item>
        <Measure id="fitness">
          <Avg>-47.11</Avg>
          <Std>1.45550419522</Std>
          <Max>-46</Max>
          <Min>-51</Min>
        </Measure>
      </Stats>
    </Log>
    <Log>Evolving generation 470</Log>
    <Log>Applying main-loop operators to the 1st deme</Log>
    <Log>
      <Stats type="Stats" id="deme0" generation="470" popsize="200">
        <Item key="processed">100</Item>
        <Item key="total-processed">47200</Item>
        <Measure id="fitness">
          <Avg>-47.215</Avg>
          <Std>1.50335470761</Std>
          <Max>-46</Max>
          <Min>-51</Min>
        </Measure>
      </Stats>
    </Log>
    <Log>
      <Stats type="Stats" id="vivarium" generation="470" popsize="200">
        <Item key="processed">100</Item>
        <Item key="total-processed">47200</Item>
        <Measure id="fitness">
          <Avg>-47.215</Avg>
          <Std>1.50335470761</Std>
          <Max>-46</Max>
          <Min>-51</Min>
        </Measure>
      </Stats>
    </Log>
    <Log>Evolving generation 471</Log>
    <Log>Applying main-loop operators to the 1st deme</Log>
    <Log>
      <Stats type="Stats" id="deme0" generation="471" popsize="200">
        <Item key="processed">100</Item>
        <Item key="total-processed">47300</Item>
        <Measure id="fitness">
          <Avg>-47.015</Avg>
          <Std>1.3242139984</Std>
          <Max>-46</Max>
          <Min>-51</Min>
        </Measure>
      </Stats>
    </Log>
    <Log>
      <Stats type="Stats" id="vivarium" generation="471" popsize="200">
        <Item key="processed">100</Item>
        <Item key="total-processed">47300</Item>
        <Measure id="fitness">
          <Avg>-47.015</Avg>
          <Std>1.3242139984</Std>
          <Max>-46</Max>
          <Min>-51</Min>
        </Measure>
      </Stats>
    </Log>
    <Log>Evolving generation 472</Log>
    <Log>Applying main-loop operators to the 1st deme</Log>
    <Log>
      <Stats type="Stats" id="deme0" generation="472" popsize="200">
        <Item key="processed">100</Item>
        <Item key="total-processed">47400</Item>
        <Measure id="fitness">
          <Avg>-47.135</Avg>
          <Std>1.44819242732</Std>
          <Max>-46</Max>
          <Min>-52</Min>
        </Measure>
      </Stats>
    </Log>
    <Log>
      <Stats type="Stats" id="vivarium" generation="472" popsize="200">
        <Item key="processed">100</Item>
        <Item key="total-processed">47400</Item>
        <Measure id="fitness">
          <Avg>-47.135</Avg>
          <Std>1.44819242732</Std>
          <Max>-46</Max>
          <Min>-52</Min>
        </Measure>
      </Stats>
    </Log>
    <Log>Evolving generation 473</Log>
    <Log>Applying main-loop operators to the 1st deme</Log>
    <Log>
      <Stats type="Stats" id="deme0" generation="473" popsize="200">
        <Item key="processed">100</Item>
        <Item key="total-processed">47500</Item>
        <Measure id="fitness">
          <Avg>-47.245</Avg>
          <Std>1.50876001535</Std>
          <Max>-46</Max>
          <Min>-51</Min>
        </Measure>
      </Stats>
    </Log>
    <Log>
      <Stats type="Stats" id="vivarium" generation="473" popsize="200">
        <Item key="processed">100</Item>
        <Item key="total-processed">47500</Item>
        <Measure id="fitness">
          <Avg>-47.245</Avg>
          <Std>1.50876001535</Std>
          <Max>-46</Max>
          <Min>-51</Min>
        </Measure>
      </Stats>
    </Log>
    <Log>Evolving generation 474</Log>
    <Log>Applying main-loop operators to the 1st deme</Log>
    <Log>
      <Stats type="Stats" id="deme0" generation="474" popsize="200">
        <Item key="processed">100</Item>
        <Item key="total-processed">47600</Item>
        <Measure id="fitness">
          <Avg>-47.16</Avg>
          <Std>1.44736808444</Std>
          <Max>-46</Max>
          <Min>-51</Min>
        </Measure>
      </Stats>
    </Log>
    <Log>
      <Stats type="Stats" id="vivarium" generation="474" popsize="200">
        <Item key="processed">100</Item>
        <Item key="total-processed">47600</Item>
        <Measure id="fitness">
          <Avg>-47.16</Avg>
          <Std>1.44736808444</Std>
          <Max>-46</Max>
          <Min>-51</Min>
        </Measure>
      </Stats>
    </Log>
    <Log>Evolving generation 475</Log>
    <Log>Applying main-loop operators to the 1st deme</Log>
    <Log>
      <Stats type="Stats" id="deme0" generation="475" popsize="200">
        <Item key="processed">100</Item>
        <Item key="total-processed">47700</Item>
        <Measure id="fitness">
          <Avg>-47.155</Avg>
          <Std>1.43921216584</Std>
          <Max>-46</Max>
          <Min>-51</Min>
        </Measure>
      </Stats>
    </Log>
    <Log>
      <Stats type="Stats" id="vivarium" generation="475" popsize="200">
        <Item key="processed">100</Item>
        <Item key="total-processed">47700</Item>
        <Measure id="fitness">
          <Avg>-47.155</Avg>
          <Std>1.43921216584</Std>
          <Max>-46</Max>
          <Min>-51</Min>
        </Measure>
      </Stats>
    </Log>
    <Log>Evolving generation 476</Log>
    <Log>Applying main-loop operators to the 1st deme</Log>
    <Log>
      <Stats type="Stats" id="deme0" generation="476" popsize="200">
        <Item key="processed">100</Item>
        <Item key="total-processed">47800</Item>
        <Measure id="fitness">
          <Avg>-47.115</Avg>
          <Std>1.38975974931</Std>
          <Max>-46</Max>
          <Min>-51</Min>
        </Measure>
      </Stats>
    </Log>
    <Log>
      <Stats type="Stats" id="vivarium" generation="476" popsize="200">
        <Item key="processed">100</Item>
        <Item key="total-processed">47800</Item>
        <Measure id="fitness">
          <Avg>-47.115</Avg>
          <Std>1.38975974931</Std>
          <Max>-46</Max>
          <Min>-51</Min>
        </Measure>
      </Stats>
    </Log>
    <Log>Evolving generation 477</Log>
    <Log>Applying main-loop operators to the 1st deme</Log>
    <Log>
      <Stats type="Stats" id="deme0" generation="477" popsize="200">
        <Item key="processed">100</Item>
        <Item key="total-processed">47900</Item>
        <Measure id="fitness">
          <Avg>-47.145</Avg>
          <Std>1.48153627993</Std>
          <Max>-46</Max>
          <Min>-52</Min>
        </Measure>
      </Stats>
    </Log>
    <Log>
      <Stats type="Stats" id="vivarium" generation="477" popsize="200">
        <Item key="processed">100</Item>
        <Item key="total-processed">47900</Item>
        <Measure id="fitness">
          <Avg>-47.145</Avg>
          <Std>1.48153627993</Std>
          <Max>-46</Max>
          <Min>-52</Min>
        </Measure>
      </Stats>
    </Log>
    <Log>Evolving generation 478</Log>
    <Log>Applying main-loop operators to the 1st deme</Log>
    <Log>
      <Stats type="Stats" id="deme0" generation="478" popsize="200">
        <Item key="processed">100</Item>
        <Item key="total-processed">48000</Item>
        <Measure id="fitness">
          <Avg>-47.105</Avg>
          <Std>1.38330861111</Std>
          <Max>-46</Max>
          <Min>-51</Min>
        </Measure>
      </Stats>
    </Log>
    <Log>
      <Stats type="Stats" id="vivarium" generation="478" popsize="200">
        <Item key="processed">100</Item>
        <Item key="total-processed">48000</Item>
        <Measure id="fitness">
          <Avg>-47.105</Avg>
          <Std>1.38330861111</Std>
          <Max>-46</Max>
          <Min>-51</Min>
        </Measure>
      </Stats>
    </Log>
    <Log>Evolving generation 479</Log>
    <Log>Applying main-loop operators to the 1st deme</Log>
    <Log>
      <Stats type="Stats" id="deme0" generation="479" popsize="200">
        <Item key="processed">100</Item>
        <Item key="total-processed">48100</Item>
        <Measure id="fitness">
          <Avg>-47.1</Avg>
          <Std>1.38549557558</Std>
          <Max>-46</Max>
          <Min>-51</Min>
        </Measure>
      </Stats>
    </Log>
    <Log>
      <Stats type="Stats" id="vivarium" generation="479" popsize="200">
        <Item key="processed">100</Item>
        <Item key="total-processed">48100</Item>
        <Measure id="fitness">
          <Avg>-47.1</Avg>
          <Std>1.38549557558</Std>
          <Max>-46</Max>
          <Min>-51</Min>
        </Measure>
      </Stats>
    </Log>
    <Log>Evolving generation 480</Log>
    <Log>Applying main-loop operators to the 1st deme</Log>
    <Log>
      <Stats type="Stats" id="deme0" generation="480" popsize="200">
        <Item key="processed">100</Item>
        <Item key="total-processed">48200</Item>
        <Measure id="fitness">
          <Avg>-47.015</Avg>
          <Std>1.32041374664</Std>
          <Max>-46</Max>
          <Min>-51</Min>
        </Measure>
      </Stats>
    </Log>
    <Log>
      <Stats type="Stats" id="vivarium" generation="480" popsize="200">
        <Item key="processed">100</Item>
        <Item key="total-processed">48200</Item>
        <Measure id="fitness">
          <Avg>-47.015</Avg>
          <Std>1.32041374664</Std>
          <Max>-46</Max>
          <Min>-51</Min>
        </Measure>
      </Stats>
    </Log>
    <Log>Evolving generation 481</Log>
    <Log>Applying main-loop operators to the 1st deme</Log>
    <Log>
      <Stats type="Stats" id="deme0" generation="481" popsize="200">
        <Item key="processed">100</Item>
        <Item key="total-processed">48300</Item>
        <Measure id="fitness">
          <Avg>-46.985</Avg>
          <Std>1.34305397131</Std>
          <Max>-46</Max>
          <Min>-51</Min>
        </Measure>
      </Stats>
    </Log>
    <Log>
      <Stats type="Stats" id="vivarium" generation="481" popsize="200">
        <Item key="processed">100</Item>
        <Item key="total-processed">48300</Item>
        <Measure id="fitness">
          <Avg>-46.985</Avg>
          <Std>1.34305397131</Std>
          <Max>-46</Max>
          <Min>-51</Min>
        </Measure>
      </Stats>
    </Log>
    <Log>Evolving generation 482</Log>
    <Log>Applying main-loop operators to the 1st deme</Log>
    <Log>
      <Stats type="Stats" id="deme0" generation="482" popsize="200">
        <Item key="processed">100</Item>
        <Item key="total-processed">48400</Item>
        <Measure id="fitness">
          <Avg>-47.045</Avg>
          <Std>1.38294529481</Std>
          <Max>-46</Max>
          <Min>-52</Min>
        </Measure>
      </Stats>
    </Log>
    <Log>
      <Stats type="Stats" id="vivarium" generation="482" popsize="200">
        <Item key="processed">100</Item>
        <Item key="total-processed">48400</Item>
        <Measure id="fitness">
          <Avg>-47.045</Avg>
          <Std>1.38294529481</Std>
          <Max>-46</Max>
          <Min>-52</Min>
        </Measure>
      </Stats>
    </Log>
    <Log>Evolving generation 483</Log>
    <Log>Applying main-loop operators to the 1st deme</Log>
    <Log>
      <Stats type="Stats" id="deme0" generation="483" popsize="200">
        <Item key="processed">100</Item>
        <Item key="total-processed">48500</Item>
        <Measure id="fitness">
          <Avg>-47.04</Avg>
          <Std>1.31033771396</Std>
          <Max>-46</Max>
          <Min>-51</Min>
        </Measure>
      </Stats>
    </Log>
    <Log>
      <Stats type="Stats" id="vivarium" generation="483" popsize="200">
        <Item key="processed">100</Item>
        <Item key="total-processed">48500</Item>
        <Measure id="fitness">
          <Avg>-47.04</Avg>
          <Std>1.31033771396</Std>
          <Max>-46</Max>
          <Min>-51</Min>
        </Measure>
      </Stats>
    </Log>
    <Log>Evolving generation 484</Log>
    <Log>Applying main-loop operators to the 1st deme</Log>
    <Log>
      <Stats type="Stats" id="deme0" generation="484" popsize="200">
        <Item key="processed">100</Item>
        <Item key="total-processed">48600</Item>
        <Measure id="fitness">
          <Avg>-47.08</Avg>
          <Std>1.39762900448</Std>
          <Max>-46</Max>
          <Min>-51</Min>
        </Measure>
      </Stats>
    </Log>
    <Log>
      <Stats type="Stats" id="vivarium" generation="484" popsize="200">
        <Item key="processed">100</Item>
        <Item key="total-processed">48600</Item>
        <Measure id="fitness">
          <Avg>-47.08</Avg>
          <Std>1.39762900448</Std>
          <Max>-46</Max>
          <Min>-51</Min>
        </Measure>
      </Stats>
    </Log>
    <Log>Evolving generation 485</Log>
    <Log>Applying main-loop operators to the 1st deme</Log>
    <Log>
      <Stats type="Stats" id="deme0" generation="485" popsize="200">
        <Item key="processed">100</Item>
        <Item key="total-processed">48700</Item>
        <Measure id="fitness">
          <Avg>-47</Avg>
          <Std>1.2955276762</Std>
          <Max>-46</Max>
          <Min>-51</Min>
        </Measure>
      </Stats>
    </Log>
    <Log>
      <Stats type="Stats" id="vivarium" generation="485" popsize="200">
        <Item key="processed">100</Item>
        <Item key="total-processed">48700</Item>
        <Measure id="fitness">
          <Avg>-47</Avg>
          <Std>1.2955276762</Std>
          <Max>-46</Max>
          <Min>-51</Min>
        </Measure>
      </Stats>
    </Log>
    <Log>Evolving generation 486</Log>
    <Log>Applying main-loop operators to the 1st deme</Log>
    <Log>
      <Stats type="Stats" id="deme0" generation="486" popsize="200">
        <Item key="processed">100</Item>
        <Item key="total-processed">48800</Item>
        <Measure id="fitness">
          <Avg>-47.13</Avg>
          <Std>1.40819568078</Std>
          <Max>-46</Max>
          <Min>-51</Min>
        </Measure>
      </Stats>
    </Log>
    <Log>
      <Stats type="Stats" id="vivarium" generation="486" popsize="200">
        <Item key="processed">100</Item>
        <Item key="total-processed">48800</Item>
        <Measure id="fitness">
          <Avg>-47.13</Avg>
          <Std>1.40819568078</Std>
          <Max>-46</Max>
          <Min>-51</Min>
        </Measure>
      </Stats>
    </Log>
    <Log>Evolving generation 487</Log>
    <Log>Applying main-loop operators to the 1st deme</Log>
    <Log>
      <Stats type="Stats" id="deme0" generation="487" popsize="200">
        <Item key="processed">100</Item>
        <Item key="total-processed">48900</Item>
        <Measure id="fitness">
          <Avg>-47.055</Avg>
          <Std>1.36796624896</Std>
          <Max>-46</Max>
          <Min>-52</Min>
        </Measure>
      </Stats>
    </Log>
    <Log>
      <Stats type="Stats" id="vivarium" generation="487" popsize="200">
        <Item key="processed">100</Item>
        <Item key="total-processed">48900</Item>
        <Measure id="fitness">
          <Avg>-47.055</Avg>
          <Std>1.36796624896</Std>
          <Max>-46</Max>
          <Min>-52</Min>
        </Measure>
      </Stats>
    </Log>
    <Log>Evolving generation 488</Log>
    <Log>Applying main-loop operators to the 1st deme</Log>
    <Log>
      <Stats type="Stats" id="deme0" generation="488" popsize="200">
        <Item key="processed">100</Item>
        <Item key="total-processed">49000</Item>
        <Measure id="fitness">
          <Avg>-47.095</Avg>
          <Std>1.41987861326</Std>
          <Max>-46</Max>
          <Min>-51</Min>
        </Measure>
      </Stats>
    </Log>
    <Log>
      <Stats type="Stats" id="vivarium" generation="488" popsize="200">
        <Item key="processed">100</Item>
        <Item key="total-processed">49000</Item>
        <Measure id="fitness">
          <Avg>-47.095</Avg>
          <Std>1.41987861326</Std>
          <Max>-46</Max>
          <Min>-51</Min>
        </Measure>
      </Stats>
    </Log>
    <Log>Evolving generation 489</Log>
    <Log>Applying main-loop operators to the 1st deme</Log>
    <Log>
      <Stats type="Stats" id="deme0" generation="489" popsize="200">
        <Item key="processed">100</Item>
        <Item key="total-processed">49100</Item>
        <Measure id="fitness">
          <Avg>-47.085</Avg>
          <Std>1.38468834365</Std>
          <Max>-46</Max>
          <Min>-51</Min>
        </Measure>
      </Stats>
    </Log>
    <Log>
      <Stats type="Stats" id="vivarium" generation="489" popsize="200">
        <Item key="processed">100</Item>
        <Item key="total-processed">49100</Item>
        <Measure id="fitness">
          <Avg>-47.085</Avg>
          <Std>1.38468834365</Std>
          <Max>-46</Max>
          <Min>-51</Min>
        </Measure>
      </Stats>
    </Log>
    <Log>Evolving generation 490</Log>
    <Log>Applying main-loop operators to the 1st deme</Log>
    <Log>
      <Stats type="Stats" id="deme0" generation="490" popsize="200">
        <Item key="processed">100</Item>
        <Item key="total-processed">49200</Item>
        <Measure id="fitness">
          <Avg>-47.14</Avg>
          <Std>1.42144381266</Std>
          <Max>-46</Max>
          <Min>-51</Min>
        </Measure>
      </Stats>
    </Log>
    <Log>
      <Stats type="Stats" id="vivarium" generation="490" popsize="200">
        <Item key="processed">100</Item>
        <Item key="total-processed">49200</Item>
        <Measure id="fitness">
          <Avg>-47.14</Avg>
          <Std>1.42144381266</Std>
          <Max>-46</Max>
          <Min>-51</Min>
        </Measure>
      </Stats>
    </Log>
    <Log>Evolving generation 491</Log>
    <Log>Applying main-loop operators to the 1st deme</Log>
    <Log>
      <Stats type="Stats" id="deme0" generation="491" popsize="200">
        <Item key="processed">100</Item>
        <Item key="total-processed">49300</Item>
        <Measure id="fitness">
          <Avg>-47.185</Avg>
          <Std>1.50402308065</Std>
          <Max>-46</Max>
          <Min>-51</Min>
        </Measure>
      </Stats>
    </Log>
    <Log>
      <Stats type="Stats" id="vivarium" generation="491" popsize="200">
        <Item key="processed">100</Item>
        <Item key="total-processed">49300</Item>
        <Measure id="fitness">
          <Avg>-47.185</Avg>
          <Std>1.50402308065</Std>
          <Max>-46</Max>
          <Min>-51</Min>
        </Measure>
      </Stats>
    </Log>
    <Log>Evolving generation 492</Log>
    <Log>Applying main-loop operators to the 1st deme</Log>
    <Log>
      <Stats type="Stats" id="deme0" generation="492" popsize="200">
        <Item key="processed">100</Item>
        <Item key="total-processed">49400</Item>
        <Measure id="fitness">
          <Avg>-47.03</Avg>
          <Std>1.34092895124</Std>
          <Max>-46</Max>
          <Min>-51</Min>
        </Measure>
      </Stats>
    </Log>
    <Log>
      <Stats type="Stats" id="vivarium" generation="492" popsize="200">
        <Item key="processed">100</Item>
        <Item key="total-processed">49400</Item>
        <Measure id="fitness">
          <Avg>-47.03</Avg>
          <Std>1.34092895124</Std>
          <Max>-46</Max>
          <Min>-51</Min>
        </Measure>
      </Stats>
    </Log>
    <Log>Evolving generation 493</Log>
    <Log>Applying main-loop operators to the 1st deme</Log>
    <Log>
      <Stats type="Stats" id="deme0" generation="493" popsize="200">
        <Item key="processed">100</Item>
        <Item key="total-processed">49500</Item>
        <Measure id="fitness">
          <Avg>-47.12</Avg>
          <Std>1.42328094318</Std>
          <Max>-46</Max>
          <Min>-51</Min>
        </Measure>
      </Stats>
    </Log>
    <Log>
      <Stats type="Stats" id="vivarium" generation="493" popsize="200">
        <Item key="processed">100</Item>
        <Item key="total-processed">49500</Item>
        <Measure id="fitness">
          <Avg>-47.12</Avg>
          <Std>1.42328094318</Std>
          <Max>-46</Max>
          <Min>-51</Min>
        </Measure>
      </Stats>
    </Log>
    <Log>Evolving generation 494</Log>
    <Log>Applying main-loop operators to the 1st deme</Log>
    <Log>
      <Stats type="Stats" id="deme0" generation="494" popsize="200">
        <Item key="processed">100</Item>
        <Item key="total-processed">49600</Item>
        <Measure id="fitness">
          <Avg>-47.08</Avg>
          <Std>1.40480152929</Std>
          <Max>-46</Max>
          <Min>-51</Min>
        </Measure>
      </Stats>
    </Log>
    <Log>
      <Stats type="Stats" id="vivarium" generation="494" popsize="200">
        <Item key="processed">100</Item>
        <Item key="total-processed">49600</Item>
        <Measure id="fitness">
          <Avg>-47.08</Avg>
          <Std>1.40480152929</Std>
          <Max>-46</Max>
          <Min>-51</Min>
        </Measure>
      </Stats>
    </Log>
    <Log>Evolving generation 495</Log>
    <Log>Applying main-loop operators to the 1st deme</Log>
    <Log>
      <Stats type="Stats" id="deme0" generation="495" popsize="200">
        <Item key="processed">100</Item>
        <Item key="total-processed">49700</Item>
        <Measure id="fitness">
          <Avg>-47.145</Avg>
          <Std>1.36502434311</Std>
          <Max>-46</Max>
          <Min>-51</Min>
        </Measure>
      </Stats>
    </Log>
    <Log>
      <Stats type="Stats" id="vivarium" generation="495" popsize="200">
        <Item key="processed">100</Item>
        <Item key="total-processed">49700</Item>
        <Measure id="fitness">
          <Avg>-47.145</Avg>
          <Std>1.36502434311</Std>
          <Max>-46</Max>
          <Min>-51</Min>
        </Measure>
      </Stats>
    </Log>
    <Log>Evolving generation 496</Log>
    <Log>Applying main-loop operators to the 1st deme</Log>
    <Log>
      <Stats type="Stats" id="deme0" generation="496" popsize="200">
        <Item key="processed">100</Item>
        <Item key="total-processed">49800</Item>
        <Measure id="fitness">
          <Avg>-47.165</Avg>
          <Std>1.48958697186</Std>
          <Max>-46</Max>
          <Min>-51</Min>
        </Measure>
      </Stats>
    </Log>
    <Log>
      <Stats type="Stats" id="vivarium" generation="496" popsize="200">
        <Item key="processed">100</Item>
        <Item key="total-processed">49800</Item>
        <Measure id="fitness">
          <Avg>-47.165</Avg>
          <Std>1.48958697186</Std>
          <Max>-46</Max>
          <Min>-51</Min>
        </Measure>
      </Stats>
    </Log>
    <Log>Evolving generation 497</Log>
    <Log>Applying main-loop operators to the 1st deme</Log>
    <Log>
      <Stats type="Stats" id="deme0" generation="497" popsize="200">
        <Item key="processed">100</Item>
        <Item key="total-processed">49900</Item>
        <Measure id="fitness">
          <Avg>-47.065</Avg>
          <Std>1.35274706546</Std>
          <Max>-46</Max>
          <Min>-51</Min>
        </Measure>
      </Stats>
    </Log>
    <Log>
      <Stats type="Stats" id="vivarium" generation="497" popsize="200">
        <Item key="processed">100</Item>
        <Item key="total-processed">49900</Item>
        <Measure id="fitness">
          <Avg>-47.065</Avg>
          <Std>1.35274706546</Std>
          <Max>-46</Max>
          <Min>-51</Min>
        </Measure>
      </Stats>
    </Log>
    <Log>Evolving generation 498</Log>
    <Log>Applying main-loop operators to the 1st deme</Log>
    <Log>
      <Stats type="Stats" id="deme0" generation="498" popsize="200">
        <Item key="processed">100</Item>
        <Item key="total-processed">50000</Item>
        <Measure id="fitness">
          <Avg>-47.055</Avg>
          <Std>1.35690121399</Std>
          <Max>-46</Max>
          <Min>-51</Min>
        </Measure>
      </Stats>
    </Log>
    <Log>
      <Stats type="Stats" id="vivarium" generation="498" popsize="200">
        <Item key="processed">100</Item>
        <Item key="total-processed">50000</Item>
        <Measure id="fitness">
          <Avg>-47.055</Avg>
          <Std>1.35690121399</Std>
          <Max>-46</Max>
          <Min>-51</Min>
        </Measure>
      </Stats>
    </Log>
    <Log>Evolving generation 499</Log>
    <Log>Applying main-loop operators to the 1st deme</Log>
    <Log>
      <Stats type="Stats" id="deme0" generation="499" popsize="200">
        <Item key="processed">100</Item>
        <Item key="total-processed">50100</Item>
        <Measure id="fitness">
          <Avg>-47.095</Avg>
          <Std>1.38039940328</Std>
          <Max>-46</Max>
          <Min>-51</Min>
        </Measure>
      </Stats>
    </Log>
    <Log>
      <Stats type="Stats" id="vivarium" generation="499" popsize="200">
        <Item key="processed">100</Item>
        <Item key="total-processed">50100</Item>
        <Measure id="fitness">
          <Avg>-47.095</Avg>
          <Std>1.38039940328</Std>
          <Max>-46</Max>
          <Min>-51</Min>
        </Measure>
      </Stats>
    </Log>
    <Log>Evolving generation 500</Log>
    <Log>Applying main-loop operators to the 1st deme</Log>
    <Log>
      <Stats type="Stats" id="deme0" generation="500" popsize="200">
        <Item key="processed">100</Item>
        <Item key="total-processed">50200</Item>
        <Measure id="fitness">
          <Avg>-47.065</Avg>
          <Std>1.34155650993</Std>
          <Max>-46</Max>
          <Min>-51</Min>
        </Measure>
      </Stats>
    </Log>
    <Log>
      <Stats type="Stats" id="vivarium" generation="500" popsize="200">
        <Item key="processed">100</Item>
        <Item key="total-processed">50200</Item>
        <Measure id="fitness">
          <Avg>-47.065</Avg>
          <Std>1.34155650993</Std>
          <Max>-46</Max>
          <Min>-51</Min>
        </Measure>
      </Stats>
    </Log>
    <Log>Maximum number of generations (500) termination criterion reached</Log>
    <Log>Termination criterion reached</Log>
    <Log>Writing milestone file 'milestone_g500.obm.gz'</Log>
    <Log>Flushing history into milestone</Log>
    <Log>Logging hall-of-fame of the 1st deme</Log>
    <Log>
      <HallOfFame type="HallOfFame" size="1">
        <Member generation="11" deme="0">
          <Individual type="SN-Individual">
            <Fitness type="FitnessSimple" valid="yes">
              -46
            </Fitness>
            <Genotype type="SN-Network" numInputs="13" numAllLines="6">
              <Comparators size="92">1;5;7;11;0;4;8;12;2;9;3;10;0;8;4;12;3;7;5;9;1;2;10;11;0;1;11;12;3;6;1;6;6;9;0;3;6;11;9;12;7;10;2;5;4;8;2;4;8;10;1;3;2;7;5;10;9;11;1;2;10;11;4;7;5;8;3;5;7;9;9;10;2;3;6;8;4;6;3;4;8;9;5;7;5;6;7;8;4;5;6;7</Comparators>
              <HeuristicMethods size="2" filterStart="0">0;21</HeuristicMethods>
            </Genotype>
          </Individual>
        </Member>
      </HallOfFame>
    </Log>
    <Log>Logging hall-of-fame of the vivarium</Log>
    <Log>
      <HallOfFame type="HallOfFame" size="1">
        <Member generation="11" deme="0">
          <Individual type="SN-Individual">
            <Fitness type="FitnessSimple" valid="yes">
              -46
            </Fitness>
            <Genotype type="SN-Network" numInputs="13" numAllLines="6">
              <Comparators size="92">1;5;7;11;0;4;8;12;2;9;3;10;0;8;4;12;3;7;5;9;1;2;10;11;0;1;11;12;3;6;1;6;6;9;0;3;6;11;9;12;7;10;2;5;4;8;2;4;8;10;1;3;2;7;5;10;9;11;1;2;10;11;4;7;5;8;3;5;7;9;9;10;2;3;6;8;4;6;3;4;8;9;5;7;5;6;7;8;4;5;6;7</Comparators>
              <HeuristicMethods size="2" filterStart="0">0;21</HeuristicMethods>
            </Genotype>
          </Individual>
        </Member>
      </HallOfFame>
    </Log>
    <Log>Current date and time: 03:51:12 15 Aug 2026</Log>
    <Log>End of (unsuccessful) evolution</Log>
  </Logger>
</Beagle>
